cfg,hl,score,sumR,DD,calmar,mpos,worst,sh
FIXED k70/3R/1.0/none/0.0/0,,,284.4,29.1,9.8,15/19,-10.4,0.72
FIXED k70/3R/1.0/1.5R/0.5/0.0/0,,,280.6,22.5,12.5,15/19,-10.1,0.76
FIXED k70/q85/1.0/1.5R/0.5/0.0/0,,,281.4,22.3,12.6,15/19,-11.7,0.76
FIXED k70/none/1.0/1.5R/0.5/1.5/0,,,283.1,25.3,11.2,15/19,-11.3,0.75
none,all,mean,315.4,57.3,5.5,13/19,-18.0,0.59
rank:volH1,all,mean,354.7,58.9,6.0,12/19,-18.4,0.52
dev:volH1,all,mean,296.4,60.9,4.9,12/19,-18.0,0.57
rank:volH4,all,mean,299.2,64.7,4.6,11/19,-17.2,0.51
dev:volH4,all,mean,288.0,57.0,5.1,12/19,-16.3,0.55
rank:volD1,all,mean,368.5,35.6,10.4,13/19,-17.4,0.63
dev:volD1,all,mean,393.2,41.3,9.5,10/19,-17.9,0.58
rank:adxH1,all,mean,402.1,44.5,9.0,11/19,-17.0,0.56
dev:adxH1,all,mean,358.3,58.5,6.1,12/19,-18.8,0.56
rank:adxH4,all,mean,378.0,60.6,6.2,9/19,-17.0,0.49
dev:adxH4,all,mean,349.3,50.0,7.0,11/19,-16.8,0.49
rank:adxD1,all,mean,287.5,64.5,4.5,9/19,-19.0,0.5
dev:adxD1,all,mean,352.2,55.3,6.4,11/19,-20.0,0.51
rank:effH1,all,mean,283.9,57.8,4.9,13/19,-17.2,0.55
dev:effH1,all,mean,312.2,61.8,5.1,13/19,-17.6,0.61
rank:effH4,all,mean,301.3,56.5,5.3,13/19,-20.0,0.59
dev:effH4,all,mean,360.0,46.6,7.7,12/19,-21.0,0.58
rank:stackH4,all,mean,356.9,56.8,6.3,13/19,-18.0,0.57
rank:ribbonD1,all,mean,276.7,62.8,4.4,11/19,-16.0,0.5
dev:ribbonD1,all,mean,286.4,55.6,5.2,12/19,-20.0,0.5
rank:dayrange,all,mean,342.8,44.5,7.7,13/19,-16.8,0.55
dev:dayrange,all,mean,305.4,48.7,6.3,12/19,-16.2,0.58
rank:hour,all,mean,338.2,54.6,6.2,13/19,-17.8,0.6
rank:posH4,all,mean,362.8,64.7,5.6,11/19,-17.7,0.49
dev:posH4,all,mean,362.8,63.1,5.7,12/19,-17.1,0.48
rank:distD1,all,mean,283.8,62.0,4.6,13/19,-19.1,0.56
dev:distD1,all,mean,352.0,49.4,7.1,13/19,-19.8,0.57
rank:volume,all,mean,308.9,58.1,5.3,13/19,-18.5,0.6
dev:volume,all,mean,365.8,56.0,6.5,12/19,-18.0,0.51
rank:squeezeH1,all,mean,305.4,57.6,5.3,11/19,-15.9,0.47
dev:squeezeH1,all,mean,352.4,58.4,6.0,13/19,-18.4,0.53
rank:volH1 × dev:volH1,all,mean,283.0,60.5,4.7,11/19,-18.4,0.53
rank:volH1 × rank:volH4,all,mean,314.1,54.7,5.7,11/19,-16.2,0.52
rank:volH1 × dev:volH4,all,mean,329.8,50.2,6.6,10/19,-13.9,0.53
rank:volH1 × rank:volD1,all,mean,432.4,39.3,11.0,12/19,-19.4,0.55
rank:volH1 × dev:volD1,all,mean,360.1,44.4,8.1,10/19,-16.9,0.5
rank:volH1 × rank:adxH1,all,mean,410.0,47.8,8.6,11/19,-14.7,0.55
rank:volH1 × dev:adxH1,all,mean,337.1,52.6,6.4,12/19,-17.6,0.55
rank:volH1 × rank:adxH4,all,mean,351.1,55.0,6.4,10/19,-19.2,0.5
rank:volH1 × dev:adxH4,all,mean,328.2,58.2,5.6,12/19,-18.9,0.51
rank:volH1 × rank:adxD1,all,mean,289.3,63.4,4.6,12/19,-18.7,0.51
rank:volH1 × dev:adxD1,all,mean,378.4,57.1,6.6,10/19,-17.1,0.47
rank:volH1 × rank:effH1,all,mean,358.0,54.3,6.6,12/19,-17.3,0.51
rank:volH1 × dev:effH1,all,mean,322.1,63.5,5.1,12/19,-17.3,0.52
rank:volH1 × rank:effH4,all,mean,340.0,53.3,6.4,13/19,-19.1,0.57
rank:volH1 × dev:effH4,all,mean,382.8,55.5,6.9,12/19,-19.0,0.57
rank:volH1 × rank:stackH4,all,mean,340.3,57.8,5.9,12/19,-18.0,0.5
rank:volH1 × rank:ribbonD1,all,mean,292.9,43.0,6.8,11/19,-13.4,0.52
rank:volH1 × dev:ribbonD1,all,mean,264.0,51.2,5.2,12/19,-15.3,0.47
rank:volH1 × rank:dayrange,all,mean,372.4,45.0,8.3,11/19,-13.1,0.54
rank:volH1 × dev:dayrange,all,mean,347.8,50.3,6.9,12/19,-16.4,0.51
rank:volH1 × rank:hour,all,mean,254.0,60.7,4.2,13/19,-16.8,0.51
rank:volH1 × rank:posH4,all,mean,382.0,53.9,7.1,9/19,-16.9,0.54
rank:volH1 × dev:posH4,all,mean,363.3,54.8,6.6,11/19,-17.3,0.53
rank:volH1 × rank:distD1,all,mean,263.4,57.7,4.6,11/19,-15.3,0.51
rank:volH1 × dev:distD1,all,mean,343.5,36.5,9.4,11/19,-17.6,0.56
rank:volH1 × rank:volume,all,mean,294.9,57.1,5.2,13/19,-19.4,0.54
rank:volH1 × dev:volume,all,mean,363.1,57.4,6.3,12/19,-16.7,0.47
rank:volH1 × rank:squeezeH1,all,mean,325.7,56.4,5.8,12/19,-19.0,0.51
rank:volH1 × dev:squeezeH1,all,mean,279.8,53.1,5.3,11/19,-17.8,0.57
dev:volH1 × rank:volH4,all,mean,290.2,64.0,4.5,12/19,-18.4,0.52
dev:volH1 × dev:volH4,all,mean,264.7,53.6,4.9,11/19,-16.2,0.53
dev:volH1 × rank:volD1,all,mean,306.2,43.8,7.0,11/19,-19.0,0.5
dev:volH1 × dev:volD1,all,mean,346.8,44.2,7.8,12/19,-19.0,0.55
dev:volH1 × rank:adxH1,all,mean,366.1,52.5,7.0,11/19,-15.9,0.53
dev:volH1 × dev:adxH1,all,mean,287.0,59.8,4.8,12/19,-16.9,0.53
dev:volH1 × rank:adxH4,all,mean,285.6,58.6,4.9,12/19,-19.2,0.53
dev:volH1 × dev:adxH4,all,mean,327.0,58.1,5.6,12/19,-18.2,0.55
dev:volH1 × rank:adxD1,all,mean,320.4,67.2,4.8,11/19,-19.2,0.5
dev:volH1 × dev:adxD1,all,mean,366.0,61.3,6.0,12/19,-19.0,0.52
dev:volH1 × rank:effH1,all,mean,308.4,60.4,5.1,12/19,-17.3,0.52
dev:volH1 × dev:effH1,all,mean,350.7,57.5,6.1,13/19,-15.1,0.62
dev:volH1 × rank:effH4,all,mean,326.0,61.3,5.3,14/19,-19.2,0.55
dev:volH1 × dev:effH4,all,mean,357.7,58.9,6.1,13/19,-17.9,0.62
dev:volH1 × rank:stackH4,all,mean,293.1,60.9,4.8,12/19,-18.0,0.56
dev:volH1 × rank:ribbonD1,all,mean,303.6,53.9,5.6,11/19,-16.2,0.52
dev:volH1 × dev:ribbonD1,all,mean,311.3,60.3,5.2,12/19,-18.1,0.51
dev:volH1 × rank:dayrange,all,mean,347.2,55.2,6.3,12/19,-17.0,0.54
dev:volH1 × dev:dayrange,all,mean,363.1,50.6,7.2,13/19,-15.9,0.54
dev:volH1 × rank:hour,all,mean,318.5,54.6,5.8,13/19,-15.1,0.59
dev:volH1 × rank:posH4,all,mean,341.1,52.4,6.5,11/19,-15.0,0.53
dev:volH1 × dev:posH4,all,mean,333.8,59.1,5.6,13/19,-18.4,0.56
dev:volH1 × rank:distD1,all,mean,353.0,65.9,5.4,12/19,-20.5,0.51
dev:volH1 × dev:distD1,all,mean,338.7,50.0,6.8,11/19,-18.4,0.52
dev:volH1 × rank:volume,all,mean,301.8,57.1,5.3,13/19,-19.5,0.54
dev:volH1 × dev:volume,all,mean,298.0,60.2,5.0,13/19,-18.4,0.52
dev:volH1 × rank:squeezeH1,all,mean,287.5,58.2,4.9,12/19,-15.3,0.53
dev:volH1 × dev:squeezeH1,all,mean,277.8,51.6,5.4,12/19,-16.9,0.59
rank:volH4 × dev:volH4,all,mean,270.4,55.2,4.9,10/19,-15.4,0.51
rank:volH4 × rank:volD1,all,mean,330.8,40.8,8.1,11/19,-17.5,0.56
rank:volH4 × dev:volD1,all,mean,354.9,54.3,6.5,12/19,-20.0,0.57
rank:volH4 × rank:adxH1,all,mean,400.4,44.2,9.1,10/19,-17.7,0.53
rank:volH4 × dev:adxH1,all,mean,348.7,54.4,6.4,12/19,-17.1,0.54
rank:volH4 × rank:adxH4,all,mean,305.5,66.7,4.6,12/19,-17.0,0.52
rank:volH4 × dev:adxH4,all,mean,306.1,60.5,5.1,12/19,-15.7,0.53
rank:volH4 × rank:adxD1,all,mean,307.0,59.7,5.1,10/19,-16.8,0.55
rank:volH4 × dev:adxD1,all,mean,309.0,62.6,4.9,10/19,-17.6,0.52
rank:volH4 × rank:effH1,all,mean,316.2,55.4,5.7,11/19,-15.5,0.56
rank:volH4 × dev:effH1,all,mean,312.8,54.8,5.7,12/19,-17.3,0.57
rank:volH4 × rank:effH4,all,mean,328.1,58.7,5.6,11/19,-16.6,0.55
rank:volH4 × dev:effH4,all,mean,342.1,55.2,6.2,11/19,-16.3,0.55
rank:volH4 × rank:stackH4,all,mean,297.6,64.4,4.6,11/19,-17.2,0.5
rank:volH4 × rank:ribbonD1,all,mean,323.3,51.9,6.2,11/19,-18.6,0.57
rank:volH4 × dev:ribbonD1,all,mean,317.5,60.5,5.2,12/19,-14.1,0.5
rank:volH4 × rank:dayrange,all,mean,335.4,52.2,6.4,11/19,-16.8,0.5
rank:volH4 × dev:dayrange,all,mean,337.2,54.2,6.2,12/19,-15.0,0.55
rank:volH4 × rank:hour,all,mean,273.6,58.2,4.7,12/19,-16.3,0.57
rank:volH4 × rank:posH4,all,mean,332.2,55.3,6.0,10/19,-16.8,0.56
rank:volH4 × dev:posH4,all,mean,266.0,60.3,4.4,11/19,-17.8,0.51
rank:volH4 × rank:distD1,all,mean,338.3,51.0,6.6,10/19,-15.9,0.54
rank:volH4 × dev:distD1,all,mean,351.7,52.5,6.7,12/19,-16.2,0.58
rank:volH4 × rank:volume,all,mean,345.7,57.1,6.1,13/19,-15.8,0.56
rank:volH4 × dev:volume,all,mean,242.8,64.7,3.8,11/19,-16.7,0.49
rank:volH4 × rank:squeezeH1,all,mean,309.7,64.5,4.8,11/19,-16.8,0.52
rank:volH4 × dev:squeezeH1,all,mean,244.7,56.8,4.3,10/19,-16.0,0.49
dev:volH4 × rank:volD1,all,mean,342.0,47.5,7.2,11/19,-15.9,0.55
dev:volH4 × dev:volD1,all,mean,337.9,43.9,7.7,12/19,-16.2,0.52
dev:volH4 × rank:adxH1,all,mean,420.0,43.6,9.6,12/19,-16.9,0.58
dev:volH4 × dev:adxH1,all,mean,326.4,46.5,7.0,12/19,-14.6,0.56
dev:volH4 × rank:adxH4,all,mean,334.3,60.2,5.6,11/19,-16.6,0.51
dev:volH4 × dev:adxH4,all,mean,287.6,57.6,5.0,12/19,-17.7,0.52
dev:volH4 × rank:adxD1,all,mean,270.0,57.6,4.7,12/19,-16.8,0.55
dev:volH4 × dev:adxD1,all,mean,295.8,63.2,4.7,12/19,-18.4,0.54
dev:volH4 × rank:effH1,all,mean,316.2,48.4,6.5,12/19,-14.3,0.58
dev:volH4 × dev:effH1,all,mean,328.1,56.0,5.9,11/19,-15.9,0.57
dev:volH4 × rank:effH4,all,mean,325.1,50.8,6.4,10/19,-16.0,0.56
dev:volH4 × dev:effH4,all,mean,329.2,53.9,6.1,11/19,-16.0,0.6
dev:volH4 × rank:stackH4,all,mean,289.7,56.8,5.1,12/19,-16.3,0.55
dev:volH4 × rank:ribbonD1,all,mean,290.3,60.3,4.8,12/19,-16.2,0.57
dev:volH4 × dev:ribbonD1,all,mean,257.7,53.9,4.8,11/19,-15.5,0.53
dev:volH4 × rank:dayrange,all,mean,293.9,44.1,6.7,11/19,-17.5,0.54
dev:volH4 × dev:dayrange,all,mean,353.9,47.7,7.4,13/19,-16.3,0.58
dev:volH4 × rank:hour,all,mean,245.9,53.8,4.6,13/19,-15.6,0.55
dev:volH4 × rank:posH4,all,mean,342.9,50.5,6.8,11/19,-15.7,0.6
dev:volH4 × dev:posH4,all,mean,288.3,53.8,5.4,11/19,-18.7,0.54
dev:volH4 × rank:distD1,all,mean,261.7,52.3,5.0,12/19,-15.9,0.54
dev:volH4 × dev:distD1,all,mean,281.7,53.2,5.3,12/19,-17.7,0.58
dev:volH4 × rank:volume,all,mean,275.1,60.7,4.5,11/19,-19.0,0.54
dev:volH4 × dev:volume,all,mean,262.5,56.7,4.6,13/19,-16.3,0.57
dev:volH4 × rank:squeezeH1,all,mean,312.3,53.6,5.8,12/19,-15.8,0.54
dev:volH4 × dev:squeezeH1,all,mean,264.2,46.3,5.7,12/19,-15.3,0.51
rank:volD1 × dev:volD1,all,mean,374.2,35.0,10.7,11/19,-17.4,0.57
rank:volD1 × rank:adxH1,all,mean,356.7,40.5,8.8,10/19,-17.5,0.58
rank:volD1 × dev:adxH1,all,mean,381.5,44.3,8.6,13/19,-15.6,0.56
rank:volD1 × rank:adxH4,all,mean,400.5,40.7,9.8,13/19,-15.6,0.54
rank:volD1 × dev:adxH4,all,mean,400.1,44.8,8.9,12/19,-16.6,0.55
rank:volD1 × rank:adxD1,all,mean,316.9,46.7,6.8,10/19,-18.8,0.54
rank:volD1 × dev:adxD1,all,mean,439.0,46.9,9.4,10/19,-19.0,0.53
rank:volD1 × rank:effH1,all,mean,290.6,41.0,7.1,12/19,-18.9,0.56
rank:volD1 × dev:effH1,all,mean,330.8,52.9,6.3,11/19,-18.4,0.57
rank:volD1 × rank:effH4,all,mean,298.9,51.7,5.8,12/19,-14.9,0.58
rank:volD1 × dev:effH4,all,mean,305.0,51.5,5.9,12/19,-19.5,0.57
rank:volD1 × rank:stackH4,all,mean,362.2,35.6,10.2,13/19,-18.4,0.64
rank:volD1 × rank:ribbonD1,all,mean,309.3,52.7,5.9,12/19,-18.0,0.5
rank:volD1 × dev:ribbonD1,all,mean,297.9,56.0,5.3,12/19,-18.4,0.44
rank:volD1 × rank:dayrange,all,mean,438.9,34.0,12.9,12/19,-18.5,0.59
rank:volD1 × dev:dayrange,all,mean,377.3,36.5,10.3,12/19,-13.6,0.58
rank:volD1 × rank:hour,all,mean,330.3,35.2,9.4,12/19,-18.5,0.56
rank:volD1 × rank:posH4,all,mean,412.3,57.9,7.1,11/19,-19.1,0.63
rank:volD1 × dev:posH4,all,mean,341.7,38.4,8.9,13/19,-20.0,0.64
rank:volD1 × rank:distD1,all,mean,305.7,51.1,6.0,10/19,-21.0,0.53
rank:volD1 × dev:distD1,all,mean,484.7,43.1,11.2,11/19,-19.5,0.56
rank:volD1 × rank:volume,all,mean,296.5,41.2,7.2,14/19,-19.0,0.65
rank:volD1 × dev:volume,all,mean,303.0,43.8,6.9,12/19,-19.5,0.6
rank:volD1 × rank:squeezeH1,all,mean,388.0,47.2,8.2,12/19,-19.5,0.55
rank:volD1 × dev:squeezeH1,all,mean,347.2,41.4,8.4,11/19,-18.8,0.49
dev:volD1 × rank:adxH1,all,mean,441.7,37.8,11.7,11/19,-16.4,0.54
dev:volD1 × dev:adxH1,all,mean,400.2,43.5,9.2,12/19,-15.8,0.55
dev:volD1 × rank:adxH4,all,mean,421.0,43.6,9.7,11/19,-13.4,0.56
dev:volD1 × dev:adxH4,all,mean,353.5,38.9,9.1,11/19,-18.4,0.55
dev:volD1 × rank:adxD1,all,mean,370.2,44.5,8.3,10/19,-12.3,0.53
dev:volD1 × dev:adxD1,all,mean,374.6,45.3,8.3,13/19,-19.0,0.52
dev:volD1 × rank:effH1,all,mean,336.5,41.9,8.0,11/19,-18.4,0.55
dev:volD1 × dev:effH1,all,mean,358.4,52.7,6.8,11/19,-16.4,0.54
dev:volD1 × rank:effH4,all,mean,338.6,49.7,6.8,11/19,-17.2,0.54
dev:volD1 × dev:effH4,all,mean,384.9,47.8,8.1,10/19,-18.5,0.59
dev:volD1 × rank:stackH4,all,mean,389.9,41.3,9.4,11/19,-17.9,0.58
dev:volD1 × rank:ribbonD1,all,mean,345.3,55.3,6.2,11/19,-16.8,0.48
dev:volD1 × dev:ribbonD1,all,mean,300.3,50.6,5.9,11/19,-14.3,0.54
dev:volD1 × rank:dayrange,all,mean,398.1,46.3,8.6,13/19,-14.7,0.52
dev:volD1 × dev:dayrange,all,mean,407.5,39.7,10.3,13/19,-13.7,0.58
dev:volD1 × rank:hour,all,mean,340.9,46.0,7.4,11/19,-18.5,0.52
dev:volD1 × rank:posH4,all,mean,381.5,48.9,7.8,11/19,-19.0,0.58
dev:volD1 × dev:posH4,all,mean,373.9,39.4,9.5,12/19,-15.3,0.56
dev:volD1 × rank:distD1,all,mean,315.1,45.0,7.0,12/19,-17.3,0.56
dev:volD1 × dev:distD1,all,mean,398.9,46.4,8.6,12/19,-18.9,0.57
dev:volD1 × rank:volume,all,mean,305.8,50.6,6.0,11/19,-13.0,0.57
dev:volD1 × dev:volume,all,mean,308.5,43.4,7.1,11/19,-19.0,0.54
dev:volD1 × rank:squeezeH1,all,mean,392.5,47.5,8.3,11/19,-18.9,0.57
dev:volD1 × dev:squeezeH1,all,mean,371.4,48.2,7.7,11/19,-16.9,0.56
rank:adxH1 × dev:adxH1,all,mean,407.9,45.8,8.9,13/19,-13.9,0.6
rank:adxH1 × rank:adxH4,all,mean,399.8,41.4,9.7,11/19,-17.7,0.54
rank:adxH1 × dev:adxH4,all,mean,328.6,43.4,7.6,12/19,-18.0,0.55
rank:adxH1 × rank:adxD1,all,mean,356.4,58.8,6.1,10/19,-15.7,0.56
rank:adxH1 × dev:adxD1,all,mean,406.5,46.8,8.7,12/19,-18.2,0.54
rank:adxH1 × rank:effH1,all,mean,405.7,45.8,8.9,13/19,-16.3,0.55
rank:adxH1 × dev:effH1,all,mean,394.0,47.0,8.4,12/19,-17.0,0.55
rank:adxH1 × rank:effH4,all,mean,381.2,52.4,7.3,11/19,-13.8,0.56
rank:adxH1 × dev:effH4,all,mean,374.0,49.4,7.6,12/19,-18.9,0.55
rank:adxH1 × rank:stackH4,all,mean,398.7,50.8,7.8,11/19,-17.0,0.54
rank:adxH1 × rank:ribbonD1,all,mean,320.8,47.8,6.7,10/19,-15.1,0.47
rank:adxH1 × dev:ribbonD1,all,mean,350.5,43.3,8.1,13/19,-17.3,0.5
rank:adxH1 × rank:dayrange,all,mean,389.9,40.1,9.7,12/19,-16.0,0.55
rank:adxH1 × dev:dayrange,all,mean,319.5,46.9,6.8,12/19,-13.2,0.58
rank:adxH1 × rank:hour,all,mean,380.3,51.7,7.4,12/19,-17.3,0.56
rank:adxH1 × rank:posH4,all,mean,425.2,60.0,7.1,11/19,-18.0,0.52
rank:adxH1 × dev:posH4,all,mean,416.9,51.3,8.1,11/19,-16.8,0.55
rank:adxH1 × rank:distD1,all,mean,334.2,48.1,6.9,10/19,-13.6,0.51
rank:adxH1 × dev:distD1,all,mean,401.4,49.6,8.1,12/19,-16.4,0.54
rank:adxH1 × rank:volume,all,mean,368.8,56.0,6.6,12/19,-17.9,0.52
rank:adxH1 × dev:volume,all,mean,315.9,45.1,7.0,12/19,-16.4,0.6
rank:adxH1 × rank:squeezeH1,all,mean,340.6,57.5,5.9,12/19,-16.7,0.47
rank:adxH1 × dev:squeezeH1,all,mean,336.0,54.1,6.2,12/19,-17.1,0.47
dev:adxH1 × rank:adxH4,all,mean,395.1,61.3,6.4,11/19,-16.3,0.53
dev:adxH1 × dev:adxH4,all,mean,346.8,50.0,6.9,10/19,-18.5,0.51
dev:adxH1 × rank:adxD1,all,mean,322.1,55.9,5.8,11/19,-15.8,0.55
dev:adxH1 × dev:adxD1,all,mean,366.5,48.0,7.6,11/19,-16.0,0.55
dev:adxH1 × rank:effH1,all,mean,326.5,51.3,6.4,12/19,-13.4,0.57
dev:adxH1 × dev:effH1,all,mean,327.2,62.1,5.3,12/19,-16.6,0.53
dev:adxH1 × rank:effH4,all,mean,335.3,58.9,5.7,12/19,-17.2,0.58
dev:adxH1 × dev:effH4,all,mean,361.1,45.8,7.9,12/19,-17.9,0.57
dev:adxH1 × rank:stackH4,all,mean,373.8,53.6,7.0,12/19,-14.4,0.57
dev:adxH1 × rank:ribbonD1,all,mean,313.0,49.3,6.3,12/19,-15.8,0.53
dev:adxH1 × dev:ribbonD1,all,mean,356.6,52.3,6.8,12/19,-14.6,0.53
dev:adxH1 × rank:dayrange,all,mean,318.3,43.9,7.3,11/19,-15.2,0.61
dev:adxH1 × dev:dayrange,all,mean,286.6,52.8,5.4,12/19,-14.1,0.57
dev:adxH1 × rank:hour,all,mean,352.8,49.3,7.2,12/19,-15.4,0.56
dev:adxH1 × rank:posH4,all,mean,348.9,61.3,5.7,11/19,-16.8,0.54
dev:adxH1 × dev:posH4,all,mean,408.3,53.7,7.6,11/19,-15.4,0.56
dev:adxH1 × rank:distD1,all,mean,263.8,59.5,4.4,12/19,-14.0,0.55
dev:adxH1 × dev:distD1,all,mean,381.0,52.2,7.3,12/19,-16.7,0.55
dev:adxH1 × rank:volume,all,mean,330.0,60.9,5.4,12/19,-18.9,0.56
dev:adxH1 × dev:volume,all,mean,353.1,54.2,6.5,12/19,-14.8,0.49
dev:adxH1 × rank:squeezeH1,all,mean,316.6,50.2,6.3,11/19,-20.4,0.55
dev:adxH1 × dev:squeezeH1,all,mean,310.5,56.2,5.5,12/19,-16.2,0.52
rank:adxH4 × dev:adxH4,all,mean,323.0,56.8,5.7,11/19,-16.8,0.5
rank:adxH4 × rank:adxD1,all,mean,339.8,59.3,5.7,12/19,-15.7,0.54
rank:adxH4 × dev:adxD1,all,mean,390.7,61.8,6.3,10/19,-17.5,0.48
rank:adxH4 × rank:effH1,all,mean,318.0,50.7,6.3,11/19,-16.4,0.53
rank:adxH4 × dev:effH1,all,mean,373.4,60.3,6.2,11/19,-17.5,0.51
rank:adxH4 × rank:effH4,all,mean,324.1,55.1,5.9,11/19,-15.4,0.52
rank:adxH4 × dev:effH4,all,mean,367.3,51.5,7.1,11/19,-17.5,0.56
rank:adxH4 × rank:stackH4,all,mean,369.9,60.6,6.1,9/19,-17.0,0.51
rank:adxH4 × rank:ribbonD1,all,mean,336.9,56.7,5.9,11/19,-17.0,0.53
rank:adxH4 × dev:ribbonD1,all,mean,349.4,57.6,6.1,11/19,-17.5,0.46
rank:adxH4 × rank:dayrange,all,mean,385.4,41.0,9.4,9/19,-17.4,0.49
rank:adxH4 × dev:dayrange,all,mean,374.7,46.5,8.1,11/19,-16.8,0.52
rank:adxH4 × rank:hour,all,mean,314.6,60.0,5.2,11/19,-18.1,0.54
rank:adxH4 × rank:posH4,all,mean,389.7,55.6,7.0,9/19,-15.2,0.49
rank:adxH4 × dev:posH4,all,mean,350.0,57.2,6.1,12/19,-15.8,0.49
rank:adxH4 × rank:distD1,all,mean,265.5,64.6,4.1,13/19,-16.8,0.56
rank:adxH4 × dev:distD1,all,mean,389.6,47.7,8.2,13/19,-15.2,0.52
rank:adxH4 × rank:volume,all,mean,328.2,58.1,5.6,12/19,-16.5,0.5
rank:adxH4 × dev:volume,all,mean,345.4,63.7,5.4,12/19,-16.9,0.5
rank:adxH4 × rank:squeezeH1,all,mean,355.6,55.8,6.4,10/19,-17.0,0.5
rank:adxH4 × dev:squeezeH1,all,mean,322.3,61.5,5.2,10/19,-19.1,0.48
dev:adxH4 × rank:adxD1,all,mean,357.6,53.3,6.7,12/19,-19.5,0.57
dev:adxH4 × dev:adxD1,all,mean,381.2,45.1,8.5,10/19,-20.0,0.47
dev:adxH4 × rank:effH1,all,mean,321.1,52.3,6.1,10/19,-14.7,0.53
dev:adxH4 × dev:effH1,all,mean,360.0,49.6,7.3,12/19,-16.3,0.54
dev:adxH4 × rank:effH4,all,mean,277.5,53.7,5.2,12/19,-17.0,0.48
dev:adxH4 × dev:effH4,all,mean,299.3,55.0,5.4,12/19,-17.6,0.45
dev:adxH4 × rank:stackH4,all,mean,350.5,50.0,7.0,11/19,-16.8,0.49
dev:adxH4 × rank:ribbonD1,all,mean,347.1,50.5,6.9,11/19,-16.0,0.53
dev:adxH4 × dev:ribbonD1,all,mean,290.8,53.5,5.4,11/19,-19.0,0.45
dev:adxH4 × rank:dayrange,all,mean,351.9,41.2,8.5,12/19,-15.6,0.49
dev:adxH4 × dev:dayrange,all,mean,393.2,49.4,8.0,12/19,-15.2,0.54
dev:adxH4 × rank:hour,all,mean,287.2,51.1,5.6,11/19,-16.8,0.55
dev:adxH4 × rank:posH4,all,mean,327.9,53.2,6.2,11/19,-16.1,0.56
dev:adxH4 × dev:posH4,all,mean,349.9,57.6,6.1,11/19,-17.9,0.53
dev:adxH4 × rank:distD1,all,mean,277.9,55.4,5.0,12/19,-18.0,0.59
dev:adxH4 × dev:distD1,all,mean,348.9,46.8,7.5,13/19,-18.0,0.54
dev:adxH4 × rank:volume,all,mean,305.1,59.9,5.1,12/19,-17.5,0.49
dev:adxH4 × dev:volume,all,mean,354.2,61.0,5.8,11/19,-18.5,0.45
dev:adxH4 × rank:squeezeH1,all,mean,338.1,53.7,6.3,11/19,-17.5,0.49
dev:adxH4 × dev:squeezeH1,all,mean,355.0,56.0,6.3,12/19,-19.0,0.52
rank:adxD1 × dev:adxD1,all,mean,299.2,57.8,5.2,10/19,-20.0,0.51
rank:adxD1 × rank:effH1,all,mean,248.0,52.6,4.7,10/19,-20.1,0.47
rank:adxD1 × dev:effH1,all,mean,261.9,58.6,4.5,11/19,-14.9,0.54
rank:adxD1 × rank:effH4,all,mean,353.8,60.8,5.8,13/19,-17.3,0.55
rank:adxD1 × dev:effH4,all,mean,321.1,54.9,5.8,11/19,-20.5,0.57
rank:adxD1 × rank:stackH4,all,mean,293.3,60.7,4.8,9/19,-19.0,0.52
rank:adxD1 × rank:ribbonD1,all,mean,275.4,62.4,4.4,11/19,-18.6,0.5
rank:adxD1 × dev:ribbonD1,all,mean,276.0,54.3,5.1,11/19,-16.8,0.5
rank:adxD1 × rank:dayrange,all,mean,245.0,51.1,4.8,11/19,-15.4,0.55
rank:adxD1 × dev:dayrange,all,mean,302.1,59.0,5.1,12/19,-14.7,0.54
rank:adxD1 × rank:hour,all,mean,287.7,56.9,5.1,9/19,-17.6,0.54
rank:adxD1 × rank:posH4,all,mean,324.5,58.8,5.5,10/19,-17.4,0.57
rank:adxD1 × dev:posH4,all,mean,346.1,56.2,6.2,12/19,-18.4,0.56
rank:adxD1 × rank:distD1,all,mean,320.4,60.4,5.3,12/19,-16.0,0.53
rank:adxD1 × dev:distD1,all,mean,325.4,51.6,6.3,12/19,-16.5,0.55
rank:adxD1 × rank:volume,all,mean,320.6,56.5,5.7,11/19,-16.4,0.55
rank:adxD1 × dev:volume,all,mean,315.4,61.2,5.2,12/19,-20.0,0.52
rank:adxD1 × rank:squeezeH1,all,mean,329.8,65.7,5.0,11/19,-18.6,0.57
rank:adxD1 × dev:squeezeH1,all,mean,290.4,63.6,4.6,12/19,-16.4,0.57
dev:adxD1 × rank:effH1,all,mean,373.2,53.4,7.0,13/19,-17.2,0.55
dev:adxD1 × dev:effH1,all,mean,349.8,55.3,6.3,12/19,-18.7,0.55
dev:adxD1 × rank:effH4,all,mean,322.9,53.2,6.1,12/19,-18.4,0.59
dev:adxD1 × dev:effH4,all,mean,329.8,60.6,5.4,12/19,-20.0,0.51
dev:adxD1 × rank:stackH4,all,mean,352.7,55.3,6.4,11/19,-20.0,0.52
dev:adxD1 × rank:ribbonD1,all,mean,347.8,57.3,6.1,11/19,-18.6,0.56
dev:adxD1 × dev:ribbonD1,all,mean,311.0,48.4,6.4,11/19,-20.8,0.59
dev:adxD1 × rank:dayrange,all,mean,365.8,44.9,8.1,12/19,-20.5,0.56
dev:adxD1 × dev:dayrange,all,mean,357.8,56.6,6.3,12/19,-17.0,0.56
dev:adxD1 × rank:hour,all,mean,343.4,56.1,6.1,12/19,-16.8,0.54
dev:adxD1 × rank:posH4,all,mean,354.8,60.4,5.9,11/19,-18.3,0.5
dev:adxD1 × dev:posH4,all,mean,380.3,54.8,6.9,11/19,-18.5,0.49
dev:adxD1 × rank:distD1,all,mean,295.7,54.2,5.5,11/19,-16.4,0.49
dev:adxD1 × dev:distD1,all,mean,378.3,48.3,7.8,11/19,-21.3,0.54
dev:adxD1 × rank:volume,all,mean,370.1,60.7,6.1,13/19,-19.5,0.46
dev:adxD1 × dev:volume,all,mean,368.5,55.6,6.6,10/19,-20.0,0.45
dev:adxD1 × rank:squeezeH1,all,mean,321.8,61.4,5.2,12/19,-16.9,0.57
dev:adxD1 × dev:squeezeH1,all,mean,393.1,58.4,6.7,11/19,-17.5,0.54
rank:effH1 × dev:effH1,all,mean,279.0,59.9,4.7,12/19,-17.8,0.52
rank:effH1 × rank:effH4,all,mean,291.1,56.8,5.1,12/19,-14.8,0.58
rank:effH1 × dev:effH4,all,mean,264.3,51.5,5.1,11/19,-15.7,0.59
rank:effH1 × rank:stackH4,all,mean,322.3,60.3,5.3,13/19,-17.2,0.59
rank:effH1 × rank:ribbonD1,all,mean,349.8,58.6,6.0,11/19,-16.0,0.55
rank:effH1 × dev:ribbonD1,all,mean,323.9,47.8,6.8,13/19,-17.8,0.58
rank:effH1 × rank:dayrange,all,mean,372.7,41.1,9.1,10/19,-15.3,0.55
rank:effH1 × dev:dayrange,all,mean,336.7,55.6,6.1,13/19,-16.3,0.55
rank:effH1 × rank:hour,all,mean,293.3,55.5,5.3,12/19,-18.0,0.55
rank:effH1 × rank:posH4,all,mean,311.3,57.4,5.4,12/19,-17.3,0.56
rank:effH1 × dev:posH4,all,mean,349.8,56.9,6.1,12/19,-15.7,0.56
rank:effH1 × rank:distD1,all,mean,294.9,54.7,5.4,11/19,-13.4,0.58
rank:effH1 × dev:distD1,all,mean,341.0,53.4,6.4,13/19,-17.2,0.6
rank:effH1 × rank:volume,all,mean,315.6,57.0,5.5,12/19,-13.8,0.53
rank:effH1 × dev:volume,all,mean,305.2,54.4,5.6,13/19,-16.2,0.58
rank:effH1 × rank:squeezeH1,all,mean,312.4,48.8,6.4,12/19,-15.7,0.51
rank:effH1 × dev:squeezeH1,all,mean,321.3,55.7,5.8,12/19,-14.6,0.6
dev:effH1 × rank:effH4,all,mean,335.6,61.4,5.5,13/19,-19.7,0.62
dev:effH1 × dev:effH4,all,mean,368.3,56.8,6.5,12/19,-15.5,0.63
dev:effH1 × rank:stackH4,all,mean,335.1,61.1,5.5,13/19,-17.7,0.61
dev:effH1 × rank:ribbonD1,all,mean,309.2,64.5,4.8,11/19,-17.0,0.51
dev:effH1 × dev:ribbonD1,all,mean,325.6,56.9,5.7,13/19,-17.7,0.53
dev:effH1 × rank:dayrange,all,mean,360.2,53.3,6.8,12/19,-16.4,0.56
dev:effH1 × dev:dayrange,all,mean,303.8,55.7,5.5,12/19,-16.0,0.62
dev:effH1 × rank:hour,all,mean,342.1,60.3,5.7,12/19,-16.5,0.57
dev:effH1 × rank:posH4,all,mean,352.5,62.3,5.7,12/19,-17.3,0.56
dev:effH1 × dev:posH4,all,mean,408.8,56.1,7.3,13/19,-15.4,0.53
dev:effH1 × rank:distD1,all,mean,290.7,65.8,4.4,12/19,-18.3,0.53
dev:effH1 × dev:distD1,all,mean,329.0,55.1,6.0,13/19,-15.8,0.58
dev:effH1 × rank:volume,all,mean,324.2,58.5,5.5,12/19,-18.3,0.58
dev:effH1 × dev:volume,all,mean,353.8,50.1,7.1,12/19,-17.8,0.61
dev:effH1 × rank:squeezeH1,all,mean,310.4,60.2,5.2,12/19,-14.6,0.59
dev:effH1 × dev:squeezeH1,all,mean,353.1,53.1,6.6,12/19,-15.1,0.67
rank:effH4 × dev:effH4,all,mean,327.1,47.6,6.9,12/19,-19.7,0.63
rank:effH4 × rank:stackH4,all,mean,319.1,56.5,5.6,13/19,-19.1,0.63
rank:effH4 × rank:ribbonD1,all,mean,324.3,67.2,4.8,12/19,-18.0,0.49
rank:effH4 × dev:ribbonD1,all,mean,262.5,50.1,5.2,12/19,-15.0,0.54
rank:effH4 × rank:dayrange,all,mean,306.4,51.3,6.0,12/19,-19.5,0.57
rank:effH4 × dev:dayrange,all,mean,343.1,43.4,7.9,14/19,-18.0,0.63
rank:effH4 × rank:hour,all,mean,295.4,61.0,4.8,12/19,-17.3,0.5
rank:effH4 × rank:posH4,all,mean,288.8,56.6,5.1,12/19,-14.4,0.54
rank:effH4 × dev:posH4,all,mean,299.9,50.7,5.9,12/19,-16.4,0.59
rank:effH4 × rank:distD1,all,mean,300.8,71.0,4.2,12/19,-20.3,0.55
rank:effH4 × dev:distD1,all,mean,278.4,58.8,4.7,12/19,-20.3,0.52
rank:effH4 × rank:volume,all,mean,363.3,53.5,6.8,13/19,-17.9,0.59
rank:effH4 × dev:volume,all,mean,301.9,60.0,5.0,13/19,-20.0,0.53
rank:effH4 × rank:squeezeH1,all,mean,352.6,58.6,6.0,13/19,-19.0,0.54
rank:effH4 × dev:squeezeH1,all,mean,303.6,59.2,5.1,11/19,-21.0,0.51
dev:effH4 × rank:stackH4,all,mean,356.3,45.8,7.8,12/19,-21.0,0.58
dev:effH4 × rank:ribbonD1,all,mean,311.5,55.5,5.6,10/19,-16.1,0.5
dev:effH4 × dev:ribbonD1,all,mean,289.8,53.0,5.5,12/19,-19.5,0.51
dev:effH4 × rank:dayrange,all,mean,375.3,46.6,8.1,13/19,-17.7,0.59
dev:effH4 × dev:dayrange,all,mean,384.0,43.2,8.9,12/19,-15.9,0.6
dev:effH4 × rank:hour,all,mean,316.4,53.2,5.9,12/19,-19.9,0.55
dev:effH4 × rank:posH4,all,mean,341.1,56.0,6.1,11/19,-15.9,0.57
dev:effH4 × dev:posH4,all,mean,346.5,44.8,7.7,13/19,-20.0,0.63
dev:effH4 × rank:distD1,all,mean,307.1,70.0,4.4,11/19,-19.9,0.5
dev:effH4 × dev:distD1,all,mean,344.2,53.8,6.4,12/19,-19.4,0.59
dev:effH4 × rank:volume,all,mean,357.2,51.7,6.9,12/19,-18.0,0.62
dev:effH4 × dev:volume,all,mean,390.6,48.7,8.0,12/19,-20.0,0.51
dev:effH4 × rank:squeezeH1,all,mean,354.5,52.1,6.8,13/19,-15.9,0.56
dev:effH4 × dev:squeezeH1,all,mean,368.7,57.9,6.4,12/19,-17.1,0.53
rank:stackH4 × rank:ribbonD1,all,mean,275.6,62.8,4.4,9/19,-16.0,0.48
rank:stackH4 × dev:ribbonD1,all,mean,281.7,55.9,5.0,12/19,-20.0,0.5
rank:stackH4 × rank:dayrange,all,mean,345.6,45.6,7.6,13/19,-14.7,0.55
rank:stackH4 × dev:dayrange,all,mean,285.7,50.9,5.6,13/19,-16.2,0.59
rank:stackH4 × rank:hour,all,mean,342.7,49.1,7.0,13/19,-17.8,0.61
rank:stackH4 × rank:posH4,all,mean,397.2,64.5,6.2,11/19,-17.7,0.51
rank:stackH4 × dev:posH4,all,mean,370.3,64.2,5.8,12/19,-17.1,0.48
rank:stackH4 × rank:distD1,all,mean,282.4,61.4,4.6,12/19,-19.1,0.55
rank:stackH4 × dev:distD1,all,mean,367.1,49.4,7.4,13/19,-19.8,0.58
rank:stackH4 × rank:volume,all,mean,305.4,58.1,5.3,13/19,-18.3,0.6
rank:stackH4 × dev:volume,all,mean,363.4,54.4,6.7,12/19,-18.0,0.5
rank:stackH4 × rank:squeezeH1,all,mean,287.4,58.0,5.0,12/19,-15.9,0.49
rank:stackH4 × dev:squeezeH1,all,mean,343.7,57.9,5.9,13/19,-18.4,0.52
rank:ribbonD1 × dev:ribbonD1,all,mean,321.7,52.9,6.1,12/19,-14.1,0.53
rank:ribbonD1 × rank:dayrange,all,mean,296.5,56.4,5.3,11/19,-17.9,0.54
rank:ribbonD1 × dev:dayrange,all,mean,310.3,59.0,5.3,11/19,-17.0,0.58
rank:ribbonD1 × rank:hour,all,mean,331.1,59.5,5.6,12/19,-16.8,0.53
rank:ribbonD1 × rank:posH4,all,mean,251.2,58.3,4.3,11/19,-18.0,0.53
rank:ribbonD1 × dev:posH4,all,mean,220.1,57.5,3.8,12/19,-16.8,0.51
rank:ribbonD1 × rank:distD1,all,mean,297.0,51.7,5.7,13/19,-20.5,0.56
rank:ribbonD1 × dev:distD1,all,mean,289.1,49.6,5.8,11/19,-17.5,0.56
rank:ribbonD1 × rank:volume,all,mean,303.1,60.7,5.0,12/19,-18.0,0.54
rank:ribbonD1 × dev:volume,all,mean,289.5,60.7,4.8,12/19,-16.0,0.51
rank:ribbonD1 × rank:squeezeH1,all,mean,293.1,56.2,5.2,12/19,-17.1,0.5
rank:ribbonD1 × dev:squeezeH1,all,mean,336.0,58.3,5.8,12/19,-16.0,0.55
dev:ribbonD1 × rank:dayrange,all,mean,318.4,52.6,6.1,12/19,-13.8,0.5
dev:ribbonD1 × dev:dayrange,all,mean,332.8,57.9,5.7,11/19,-17.5,0.56
dev:ribbonD1 × rank:hour,all,mean,315.9,59.0,5.4,12/19,-19.0,0.52
dev:ribbonD1 × rank:posH4,all,mean,317.8,53.0,6.0,12/19,-19.0,0.54
dev:ribbonD1 × dev:posH4,all,mean,287.4,60.8,4.7,12/19,-18.5,0.42
dev:ribbonD1 × rank:distD1,all,mean,293.2,47.0,6.2,12/19,-17.6,0.54
dev:ribbonD1 × dev:distD1,all,mean,382.2,44.6,8.6,12/19,-18.2,0.56
dev:ribbonD1 × rank:volume,all,mean,265.0,59.5,4.5,11/19,-17.0,0.51
dev:ribbonD1 × dev:volume,all,mean,286.1,52.4,5.5,12/19,-17.3,0.56
dev:ribbonD1 × rank:squeezeH1,all,mean,255.4,57.0,4.5,12/19,-17.6,0.5
dev:ribbonD1 × dev:squeezeH1,all,mean,317.9,51.3,6.2,10/19,-15.6,0.49
rank:dayrange × dev:dayrange,all,mean,314.9,41.2,7.6,12/19,-13.1,0.6
rank:dayrange × rank:hour,all,mean,336.6,44.1,7.6,12/19,-14.3,0.54
rank:dayrange × rank:posH4,all,mean,391.8,48.8,8.0,12/19,-13.5,0.56
rank:dayrange × dev:posH4,all,mean,361.8,45.2,8.0,13/19,-16.7,0.54
rank:dayrange × rank:distD1,all,mean,335.1,45.0,7.4,10/19,-15.5,0.54
rank:dayrange × dev:distD1,all,mean,359.0,45.6,7.9,12/19,-17.9,0.5
rank:dayrange × rank:volume,all,mean,318.7,50.4,6.3,12/19,-13.8,0.57
rank:dayrange × dev:volume,all,mean,299.9,45.3,6.6,12/19,-14.4,0.6
rank:dayrange × rank:squeezeH1,all,mean,255.5,47.4,5.4,11/19,-16.9,0.58
rank:dayrange × dev:squeezeH1,all,mean,277.5,46.4,6.0,12/19,-14.2,0.61
dev:dayrange × rank:hour,all,mean,278.5,49.1,5.7,13/19,-14.4,0.61
dev:dayrange × rank:posH4,all,mean,272.6,51.5,5.3,12/19,-16.1,0.61
dev:dayrange × dev:posH4,all,mean,341.8,58.1,5.9,13/19,-16.8,0.59
dev:dayrange × rank:distD1,all,mean,294.9,42.6,6.9,12/19,-14.1,0.59
dev:dayrange × dev:distD1,all,mean,379.4,42.0,9.0,12/19,-12.5,0.58
dev:dayrange × rank:volume,all,mean,310.0,60.1,5.2,13/19,-17.8,0.54
dev:dayrange × dev:volume,all,mean,271.8,42.6,6.4,12/19,-15.1,0.58
dev:dayrange × rank:squeezeH1,all,mean,303.4,51.1,5.9,13/19,-14.7,0.6
dev:dayrange × dev:squeezeH1,all,mean,282.9,60.5,4.7,12/19,-15.1,0.61
rank:hour × rank:posH4,all,mean,344.9,56.3,6.1,12/19,-17.3,0.51
rank:hour × dev:posH4,all,mean,393.5,51.2,7.7,13/19,-15.9,0.57
rank:hour × rank:distD1,all,mean,288.2,45.1,6.4,10/19,-14.8,0.56
rank:hour × dev:distD1,all,mean,309.9,44.7,6.9,11/19,-17.9,0.55
rank:hour × rank:volume,all,mean,260.5,57.6,4.5,13/19,-17.8,0.58
rank:hour × dev:volume,all,mean,366.7,48.4,7.6,12/19,-18.2,0.55
rank:hour × rank:squeezeH1,all,mean,333.1,59.6,5.6,12/19,-17.6,0.52
rank:hour × dev:squeezeH1,all,mean,326.1,55.8,5.8,12/19,-17.6,0.55
rank:posH4 × dev:posH4,all,mean,337.8,59.4,5.7,12/19,-17.1,0.52
rank:posH4 × rank:distD1,all,mean,231.0,57.7,4.0,12/19,-16.9,0.54
rank:posH4 × dev:distD1,all,mean,354.7,56.0,6.3,11/19,-15.6,0.52
rank:posH4 × rank:volume,all,mean,371.5,61.1,6.1,10/19,-16.4,0.51
rank:posH4 × dev:volume,all,mean,329.5,64.5,5.1,12/19,-17.7,0.53
rank:posH4 × rank:squeezeH1,all,mean,357.5,53.4,6.7,11/19,-12.7,0.55
rank:posH4 × dev:squeezeH1,all,mean,267.2,55.6,4.8,11/19,-16.9,0.52
dev:posH4 × rank:distD1,all,mean,233.7,41.9,5.6,12/19,-16.6,0.56
dev:posH4 × dev:distD1,all,mean,360.4,55.0,6.6,12/19,-17.2,0.54
dev:posH4 × rank:volume,all,mean,356.2,67.9,5.2,13/19,-17.3,0.56
dev:posH4 × dev:volume,all,mean,343.6,54.5,6.3,12/19,-17.1,0.5
dev:posH4 × rank:squeezeH1,all,mean,320.4,59.7,5.4,12/19,-14.3,0.5
dev:posH4 × dev:squeezeH1,all,mean,373.5,53.5,7.0,12/19,-18.6,0.57
rank:distD1 × dev:distD1,all,mean,303.5,51.5,5.9,12/19,-19.8,0.57
rank:distD1 × rank:volume,all,mean,325.1,57.7,5.6,11/19,-19.2,0.51
rank:distD1 × dev:volume,all,mean,269.2,59.6,4.5,10/19,-19.1,0.52
rank:distD1 × rank:squeezeH1,all,mean,290.0,57.6,5.0,12/19,-15.8,0.56
rank:distD1 × dev:squeezeH1,all,mean,266.7,53.4,5.0,11/19,-20.0,0.52
dev:distD1 × rank:volume,all,mean,340.2,57.3,5.9,11/19,-19.2,0.49
dev:distD1 × dev:volume,all,mean,353.0,47.4,7.4,12/19,-21.0,0.52
dev:distD1 × rank:squeezeH1,all,mean,389.9,58.9,6.6,12/19,-19.4,0.54
dev:distD1 × dev:squeezeH1,all,mean,344.1,56.7,6.1,11/19,-17.9,0.52
rank:volume × dev:volume,all,mean,322.7,57.8,5.6,13/19,-19.5,0.55
rank:volume × rank:squeezeH1,all,mean,353.7,55.4,6.4,13/19,-16.5,0.52
rank:volume × dev:squeezeH1,all,mean,334.3,61.5,5.4,12/19,-18.5,0.55
dev:volume × rank:squeezeH1,all,mean,304.5,60.1,5.1,11/19,-16.7,0.46
dev:volume × dev:squeezeH1,all,mean,267.4,55.6,4.8,13/19,-18.4,0.53
rank:squeezeH1 × dev:squeezeH1,all,mean,320.5,60.2,5.3,12/19,-17.4,0.47
none,all,sharpe,247.3,52.9,4.7,13/19,-14.3,0.57
rank:volH1,all,sharpe,254.2,41.9,6.1,12/19,-14.3,0.56
dev:volH1,all,sharpe,241.1,44.1,5.5,13/19,-10.8,0.58
rank:volH4,all,sharpe,281.6,52.1,5.4,11/19,-16.3,0.6
dev:volH4,all,sharpe,296.3,50.2,5.9,11/19,-12.3,0.56
rank:volD1,all,sharpe,282.9,25.1,11.3,12/19,-14.2,0.71
dev:volD1,all,sharpe,339.0,34.7,9.8,12/19,-13.8,0.67
rank:adxH1,all,sharpe,293.4,34.8,8.4,13/19,-12.3,0.67
dev:adxH1,all,sharpe,278.9,35.5,7.9,12/19,-10.0,0.61
rank:adxH4,all,sharpe,251.6,51.6,4.9,12/19,-14.8,0.53
dev:adxH4,all,sharpe,274.7,47.1,5.8,13/19,-13.3,0.64
rank:adxD1,all,sharpe,253.0,52.6,4.8,13/19,-15.8,0.59
dev:adxD1,all,sharpe,261.4,53.8,4.9,12/19,-18.8,0.54
rank:effH1,all,sharpe,247.2,31.9,7.7,12/19,-10.1,0.62
dev:effH1,all,sharpe,305.6,39.8,7.7,13/19,-16.6,0.61
rank:effH4,all,sharpe,262.2,42.5,6.2,12/19,-16.0,0.61
dev:effH4,all,sharpe,298.0,42.2,7.1,13/19,-18.5,0.63
rank:stackH4,all,sharpe,249.1,50.5,4.9,12/19,-13.8,0.56
rank:ribbonD1,all,sharpe,289.2,47.4,6.1,12/19,-11.2,0.6
dev:ribbonD1,all,sharpe,235.4,47.4,5.0,12/19,-12.1,0.59
rank:dayrange,all,sharpe,290.2,37.0,7.8,12/19,-12.3,0.54
dev:dayrange,all,sharpe,277.3,34.3,8.1,14/19,-11.5,0.63
rank:hour,all,sharpe,267.0,40.5,6.6,11/19,-11.6,0.58
rank:posH4,all,sharpe,278.6,44.9,6.2,12/19,-12.0,0.61
dev:posH4,all,sharpe,245.8,38.9,6.3,11/19,-15.1,0.58
rank:distD1,all,sharpe,262.9,48.5,5.4,12/19,-12.7,0.66
dev:distD1,all,sharpe,299.5,37.4,8.0,13/19,-17.7,0.61
rank:volume,all,sharpe,283.5,35.8,7.9,13/19,-14.7,0.6
dev:volume,all,sharpe,242.0,45.0,5.4,13/19,-14.6,0.53
rank:squeezeH1,all,sharpe,243.8,35.5,6.9,11/19,-16.3,0.53
dev:squeezeH1,all,sharpe,256.0,39.9,6.4,11/19,-12.5,0.57
rank:volH1 × dev:volH1,all,sharpe,249.7,40.5,6.2,13/19,-11.8,0.59
rank:volH1 × rank:volH4,all,sharpe,261.3,48.8,5.4,12/19,-12.7,0.54
rank:volH1 × dev:volH4,all,sharpe,294.3,40.4,7.3,12/19,-11.4,0.61
rank:volH1 × rank:volD1,all,sharpe,287.1,27.9,10.3,12/19,-16.4,0.67
rank:volH1 × dev:volD1,all,sharpe,313.3,41.1,7.6,12/19,-14.4,0.59
rank:volH1 × rank:adxH1,all,sharpe,273.6,34.3,8.0,12/19,-14.2,0.6
rank:volH1 × dev:adxH1,all,sharpe,258.2,35.4,7.3,12/19,-8.7,0.64
rank:volH1 × rank:adxH4,all,sharpe,292.7,47.7,6.1,12/19,-14.1,0.58
rank:volH1 × dev:adxH4,all,sharpe,264.6,42.9,6.2,12/19,-11.8,0.6
rank:volH1 × rank:adxD1,all,sharpe,283.6,44.6,6.4,14/19,-16.3,0.64
rank:volH1 × dev:adxD1,all,sharpe,302.8,47.7,6.3,13/19,-15.6,0.59
rank:volH1 × rank:effH1,all,sharpe,269.8,41.3,6.5,13/19,-12.1,0.61
rank:volH1 × dev:effH1,all,sharpe,271.8,44.8,6.1,12/19,-13.5,0.59
rank:volH1 × rank:effH4,all,sharpe,292.8,34.7,8.4,13/19,-13.0,0.67
rank:volH1 × dev:effH4,all,sharpe,272.9,35.1,7.8,11/19,-15.5,0.58
rank:volH1 × rank:stackH4,all,sharpe,250.7,40.3,6.2,12/19,-13.8,0.57
rank:volH1 × rank:ribbonD1,all,sharpe,267.5,41.9,6.4,12/19,-13.5,0.6
rank:volH1 × dev:ribbonD1,all,sharpe,259.9,39.1,6.6,12/19,-10.9,0.62
rank:volH1 × rank:dayrange,all,sharpe,268.7,38.6,7.0,12/19,-12.9,0.53
rank:volH1 × dev:dayrange,all,sharpe,229.7,38.2,6.0,11/19,-11.6,0.56
rank:volH1 × rank:hour,all,sharpe,263.4,43.4,6.1,12/19,-11.9,0.61
rank:volH1 × rank:posH4,all,sharpe,313.8,44.7,7.0,11/19,-11.0,0.62
rank:volH1 × dev:posH4,all,sharpe,273.3,41.0,6.7,13/19,-12.9,0.57
rank:volH1 × rank:distD1,all,sharpe,246.0,43.2,5.7,12/19,-11.2,0.54
rank:volH1 × dev:distD1,all,sharpe,248.6,41.3,6.0,11/19,-14.7,0.51
rank:volH1 × rank:volume,all,sharpe,212.6,36.5,5.8,13/19,-13.2,0.57
rank:volH1 × dev:volume,all,sharpe,259.9,39.2,6.6,11/19,-14.0,0.56
rank:volH1 × rank:squeezeH1,all,sharpe,238.1,39.6,6.0,13/19,-16.6,0.56
rank:volH1 × dev:squeezeH1,all,sharpe,294.2,42.8,6.9,11/19,-14.7,0.55
dev:volH1 × rank:volH4,all,sharpe,264.1,48.7,5.4,13/19,-13.7,0.6
dev:volH1 × dev:volH4,all,sharpe,257.3,36.9,7.0,13/19,-10.6,0.64
dev:volH1 × rank:volD1,all,sharpe,255.1,26.9,9.5,12/19,-16.1,0.65
dev:volH1 × dev:volD1,all,sharpe,320.0,35.4,9.0,13/19,-11.8,0.67
dev:volH1 × rank:adxH1,all,sharpe,275.5,36.3,7.6,11/19,-10.4,0.63
dev:volH1 × dev:adxH1,all,sharpe,245.8,39.3,6.3,12/19,-11.1,0.62
dev:volH1 × rank:adxH4,all,sharpe,272.8,45.4,6.0,13/19,-13.5,0.65
dev:volH1 × dev:adxH4,all,sharpe,291.0,42.3,6.9,11/19,-13.7,0.62
dev:volH1 × rank:adxD1,all,sharpe,260.2,51.8,5.0,12/19,-17.0,0.57
dev:volH1 × dev:adxD1,all,sharpe,274.7,51.5,5.3,13/19,-16.1,0.58
dev:volH1 × rank:effH1,all,sharpe,217.9,36.8,5.9,14/19,-10.2,0.67
dev:volH1 × dev:effH1,all,sharpe,292.6,33.9,8.6,13/19,-10.8,0.68
dev:volH1 × rank:effH4,all,sharpe,285.2,43.3,6.6,14/19,-15.0,0.7
dev:volH1 × dev:effH4,all,sharpe,291.2,39.9,7.3,12/19,-13.0,0.65
dev:volH1 × rank:stackH4,all,sharpe,252.5,42.2,6.0,13/19,-10.8,0.6
dev:volH1 × rank:ribbonD1,all,sharpe,213.5,49.1,4.3,10/19,-12.3,0.52
dev:volH1 × dev:ribbonD1,all,sharpe,225.5,36.8,6.1,12/19,-12.9,0.57
dev:volH1 × rank:dayrange,all,sharpe,282.6,38.7,7.3,12/19,-10.6,0.58
dev:volH1 × dev:dayrange,all,sharpe,243.7,39.5,6.2,12/19,-11.5,0.59
dev:volH1 × rank:hour,all,sharpe,256.3,31.9,8.0,13/19,-12.4,0.64
dev:volH1 × rank:posH4,all,sharpe,266.1,38.9,6.8,11/19,-13.4,0.61
dev:volH1 × dev:posH4,all,sharpe,247.4,33.5,7.4,10/19,-10.0,0.59
dev:volH1 × rank:distD1,all,sharpe,299.8,40.3,7.4,12/19,-11.0,0.69
dev:volH1 × dev:distD1,all,sharpe,246.6,34.1,7.2,11/19,-14.4,0.56
dev:volH1 × rank:volume,all,sharpe,274.7,37.5,7.3,13/19,-14.6,0.64
dev:volH1 × dev:volume,all,sharpe,256.2,43.0,6.0,13/19,-12.1,0.6
dev:volH1 × rank:squeezeH1,all,sharpe,256.3,41.3,6.2,12/19,-11.1,0.58
dev:volH1 × dev:squeezeH1,all,sharpe,230.4,40.5,5.7,13/19,-13.1,0.64
rank:volH4 × dev:volH4,all,sharpe,315.3,43.4,7.3,11/19,-13.2,0.59
rank:volH4 × rank:volD1,all,sharpe,311.5,30.2,10.3,11/19,-13.7,0.68
rank:volH4 × dev:volD1,all,sharpe,339.7,46.7,7.3,13/19,-15.2,0.64
rank:volH4 × rank:adxH1,all,sharpe,315.5,46.9,6.7,11/19,-16.5,0.64
rank:volH4 × dev:adxH1,all,sharpe,300.2,44.5,6.7,14/19,-15.2,0.67
rank:volH4 × rank:adxH4,all,sharpe,279.6,52.5,5.3,12/19,-14.3,0.55
rank:volH4 × dev:adxH4,all,sharpe,260.3,49.6,5.2,11/19,-12.5,0.61
rank:volH4 × rank:adxD1,all,sharpe,273.2,48.9,5.6,13/19,-15.1,0.59
rank:volH4 × dev:adxD1,all,sharpe,290.0,60.3,4.8,13/19,-18.2,0.57
rank:volH4 × rank:effH1,all,sharpe,243.3,52.0,4.7,12/19,-14.4,0.56
rank:volH4 × dev:effH1,all,sharpe,247.4,47.0,5.3,12/19,-10.2,0.59
rank:volH4 × rank:effH4,all,sharpe,281.3,53.0,5.3,12/19,-13.4,0.54
rank:volH4 × dev:effH4,all,sharpe,266.4,44.2,6.0,12/19,-14.8,0.58
rank:volH4 × rank:stackH4,all,sharpe,298.4,52.7,5.7,10/19,-16.4,0.6
rank:volH4 × rank:ribbonD1,all,sharpe,265.6,44.1,6.0,13/19,-15.7,0.61
rank:volH4 × dev:ribbonD1,all,sharpe,267.1,51.3,5.2,14/19,-11.7,0.57
rank:volH4 × rank:dayrange,all,sharpe,266.6,44.6,6.0,10/19,-15.2,0.58
rank:volH4 × dev:dayrange,all,sharpe,272.0,48.5,5.6,12/19,-13.8,0.57
rank:volH4 × rank:hour,all,sharpe,238.7,47.7,5.0,12/19,-15.1,0.53
rank:volH4 × rank:posH4,all,sharpe,309.8,40.3,7.7,11/19,-16.8,0.58
rank:volH4 × dev:posH4,all,sharpe,265.1,53.6,4.9,11/19,-17.3,0.56
rank:volH4 × rank:distD1,all,sharpe,291.4,46.2,6.3,12/19,-11.5,0.62
rank:volH4 × dev:distD1,all,sharpe,274.4,51.5,5.3,13/19,-13.9,0.59
rank:volH4 × rank:volume,all,sharpe,255.8,45.1,5.7,13/19,-13.9,0.6
rank:volH4 × dev:volume,all,sharpe,244.3,45.7,5.3,12/19,-14.6,0.58
rank:volH4 × rank:squeezeH1,all,sharpe,303.9,51.0,6.0,13/19,-14.1,0.58
rank:volH4 × dev:squeezeH1,all,sharpe,229.7,45.6,5.0,12/19,-14.3,0.56
dev:volH4 × rank:volD1,all,sharpe,332.3,30.7,10.8,14/19,-16.1,0.64
dev:volH4 × dev:volD1,all,sharpe,352.4,36.7,9.6,13/19,-11.1,0.65
dev:volH4 × rank:adxH1,all,sharpe,277.7,43.1,6.4,11/19,-14.9,0.6
dev:volH4 × dev:adxH1,all,sharpe,251.6,33.5,7.5,12/19,-13.1,0.62
dev:volH4 × rank:adxH4,all,sharpe,253.2,50.3,5.0,11/19,-16.3,0.58
dev:volH4 × dev:adxH4,all,sharpe,283.3,46.9,6.0,12/19,-14.3,0.57
dev:volH4 × rank:adxD1,all,sharpe,268.3,45.7,5.9,12/19,-15.5,0.57
dev:volH4 × dev:adxD1,all,sharpe,260.3,59.6,4.4,12/19,-16.9,0.55
dev:volH4 × rank:effH1,all,sharpe,279.3,49.1,5.7,11/19,-14.7,0.62
dev:volH4 × dev:effH1,all,sharpe,305.1,45.9,6.6,12/19,-10.9,0.61
dev:volH4 × rank:effH4,all,sharpe,300.0,48.7,6.2,11/19,-13.6,0.6
dev:volH4 × dev:effH4,all,sharpe,269.8,46.2,5.8,11/19,-13.7,0.6
dev:volH4 × rank:stackH4,all,sharpe,292.9,50.5,5.8,11/19,-12.9,0.55
dev:volH4 × rank:ribbonD1,all,sharpe,250.5,43.7,5.7,13/19,-11.8,0.58
dev:volH4 × dev:ribbonD1,all,sharpe,215.8,50.9,4.2,11/19,-13.4,0.5
dev:volH4 × rank:dayrange,all,sharpe,227.6,43.9,5.2,10/19,-14.9,0.54
dev:volH4 × dev:dayrange,all,sharpe,273.9,40.8,6.7,13/19,-11.0,0.59
dev:volH4 × rank:hour,all,sharpe,238.3,40.1,5.9,12/19,-12.8,0.57
dev:volH4 × rank:posH4,all,sharpe,311.9,45.2,6.9,13/19,-11.0,0.65
dev:volH4 × dev:posH4,all,sharpe,237.3,43.8,5.4,12/19,-10.2,0.59
dev:volH4 × rank:distD1,all,sharpe,239.8,50.7,4.7,13/19,-13.9,0.59
dev:volH4 × dev:distD1,all,sharpe,229.0,52.8,4.3,12/19,-16.8,0.52
dev:volH4 × rank:volume,all,sharpe,249.9,45.9,5.4,12/19,-16.1,0.58
dev:volH4 × dev:volume,all,sharpe,261.7,50.6,5.2,12/19,-12.3,0.57
dev:volH4 × rank:squeezeH1,all,sharpe,289.4,55.1,5.3,13/19,-16.2,0.55
dev:volH4 × dev:squeezeH1,all,sharpe,271.6,42.2,6.4,12/19,-11.9,0.63
rank:volD1 × dev:volD1,all,sharpe,360.6,23.6,15.3,13/19,-14.8,0.7
rank:volD1 × rank:adxH1,all,sharpe,299.7,25.0,12.0,13/19,-12.0,0.69
rank:volD1 × dev:adxH1,all,sharpe,282.5,26.1,10.8,13/19,-14.7,0.69
rank:volD1 × rank:adxH4,all,sharpe,317.1,28.9,11.0,14/19,-10.1,0.8
rank:volD1 × dev:adxH4,all,sharpe,292.6,32.9,8.9,14/19,-15.1,0.67
rank:volD1 × rank:adxD1,all,sharpe,285.8,38.5,7.4,11/19,-15.0,0.6
rank:volD1 × dev:adxD1,all,sharpe,260.9,42.7,6.1,12/19,-15.2,0.61
rank:volD1 × rank:effH1,all,sharpe,237.4,25.3,9.4,12/19,-14.8,0.59
rank:volD1 × dev:effH1,all,sharpe,267.4,32.3,8.3,12/19,-12.7,0.59
rank:volD1 × rank:effH4,all,sharpe,293.3,26.6,11.0,13/19,-12.8,0.74
rank:volD1 × dev:effH4,all,sharpe,263.9,28.9,9.1,14/19,-18.4,0.65
rank:volD1 × rank:stackH4,all,sharpe,277.1,26.0,10.7,12/19,-14.2,0.71
rank:volD1 × rank:ribbonD1,all,sharpe,268.2,40.6,6.6,12/19,-15.3,0.58
rank:volD1 × dev:ribbonD1,all,sharpe,259.2,40.4,6.4,12/19,-14.5,0.59
rank:volD1 × rank:dayrange,all,sharpe,322.8,29.0,11.1,12/19,-15.7,0.62
rank:volD1 × dev:dayrange,all,sharpe,287.0,26.2,11.0,13/19,-11.2,0.63
rank:volD1 × rank:hour,all,sharpe,250.9,25.2,10.0,13/19,-19.6,0.61
rank:volD1 × rank:posH4,all,sharpe,293.0,28.3,10.4,12/19,-10.6,0.67
rank:volD1 × dev:posH4,all,sharpe,272.6,34.4,7.9,11/19,-9.5,0.63
rank:volD1 × rank:distD1,all,sharpe,278.5,29.0,9.6,13/19,-13.3,0.62
rank:volD1 × dev:distD1,all,sharpe,246.0,32.5,7.6,12/19,-16.5,0.59
rank:volD1 × rank:volume,all,sharpe,286.8,25.0,11.5,14/19,-18.4,0.68
rank:volD1 × dev:volume,all,sharpe,300.5,26.6,11.3,12/19,-14.4,0.68
rank:volD1 × rank:squeezeH1,all,sharpe,261.6,30.6,8.5,12/19,-13.4,0.64
rank:volD1 × dev:squeezeH1,all,sharpe,252.9,26.2,9.7,12/19,-13.6,0.63
dev:volD1 × rank:adxH1,all,sharpe,348.8,27.5,12.7,12/19,-13.4,0.66
dev:volD1 × dev:adxH1,all,sharpe,330.0,27.4,12.0,14/19,-16.4,0.68
dev:volD1 × rank:adxH4,all,sharpe,315.4,44.5,7.1,11/19,-12.6,0.64
dev:volD1 × dev:adxH4,all,sharpe,289.9,39.5,7.3,12/19,-10.8,0.6
dev:volD1 × rank:adxD1,all,sharpe,305.3,36.8,8.3,11/19,-10.6,0.68
dev:volD1 × dev:adxD1,all,sharpe,282.4,39.7,7.1,12/19,-15.3,0.59
dev:volD1 × rank:effH1,all,sharpe,299.0,26.6,11.2,13/19,-15.0,0.72
dev:volD1 × dev:effH1,all,sharpe,289.5,37.7,7.7,12/19,-13.7,0.65
dev:volD1 × rank:effH4,all,sharpe,347.2,37.4,9.3,11/19,-10.2,0.64
dev:volD1 × dev:effH4,all,sharpe,293.4,34.0,8.6,11/19,-14.8,0.6
dev:volD1 × rank:stackH4,all,sharpe,337.5,34.6,9.8,12/19,-13.3,0.67
dev:volD1 × rank:ribbonD1,all,sharpe,291.5,51.6,5.6,13/19,-15.5,0.56
dev:volD1 × dev:ribbonD1,all,sharpe,302.9,34.9,8.7,12/19,-17.3,0.69
dev:volD1 × rank:dayrange,all,sharpe,297.5,36.1,8.2,10/19,-10.3,0.63
dev:volD1 × dev:dayrange,all,sharpe,283.1,39.3,7.2,14/19,-12.9,0.67
dev:volD1 × rank:hour,all,sharpe,247.1,36.5,6.8,11/19,-14.4,0.56
dev:volD1 × rank:posH4,all,sharpe,294.3,31.7,9.3,12/19,-13.8,0.63
dev:volD1 × dev:posH4,all,sharpe,282.4,31.3,9.0,12/19,-13.1,0.65
dev:volD1 × rank:distD1,all,sharpe,281.4,36.4,7.7,12/19,-13.5,0.64
dev:volD1 × dev:distD1,all,sharpe,296.6,38.5,7.7,12/19,-13.9,0.67
dev:volD1 × rank:volume,all,sharpe,260.6,33.8,7.7,12/19,-17.4,0.61
dev:volD1 × dev:volume,all,sharpe,317.4,37.1,8.6,10/19,-15.8,0.62
dev:volD1 × rank:squeezeH1,all,sharpe,302.6,37.1,8.2,12/19,-11.8,0.64
dev:volD1 × dev:squeezeH1,all,sharpe,278.1,38.5,7.2,14/19,-11.5,0.62
rank:adxH1 × dev:adxH1,all,sharpe,325.5,34.2,9.5,12/19,-8.3,0.72
rank:adxH1 × rank:adxH4,all,sharpe,297.1,38.6,7.7,13/19,-11.2,0.69
rank:adxH1 × dev:adxH4,all,sharpe,281.7,37.8,7.5,12/19,-12.0,0.63
rank:adxH1 × rank:adxD1,all,sharpe,268.0,47.4,5.7,11/19,-16.7,0.6
rank:adxH1 × dev:adxD1,all,sharpe,334.4,41.7,8.0,13/19,-18.0,0.64
rank:adxH1 × rank:effH1,all,sharpe,270.9,26.9,10.1,14/19,-12.8,0.66
rank:adxH1 × dev:effH1,all,sharpe,318.4,35.5,9.0,13/19,-11.4,0.66
rank:adxH1 × rank:effH4,all,sharpe,309.8,37.3,8.3,13/19,-11.4,0.67
rank:adxH1 × dev:effH4,all,sharpe,288.3,39.6,7.3,12/19,-13.9,0.6
rank:adxH1 × rank:stackH4,all,sharpe,288.3,35.4,8.1,13/19,-12.0,0.64
rank:adxH1 × rank:ribbonD1,all,sharpe,272.1,48.1,5.7,13/19,-14.0,0.6
rank:adxH1 × dev:ribbonD1,all,sharpe,286.9,35.3,8.1,12/19,-13.0,0.63
rank:adxH1 × rank:dayrange,all,sharpe,293.9,23.8,12.3,12/19,-11.3,0.62
rank:adxH1 × dev:dayrange,all,sharpe,301.7,32.2,9.4,12/19,-8.8,0.7
rank:adxH1 × rank:hour,all,sharpe,317.2,30.2,10.5,14/19,-14.4,0.62
rank:adxH1 × rank:posH4,all,sharpe,311.5,43.0,7.2,12/19,-15.1,0.52
rank:adxH1 × dev:posH4,all,sharpe,281.7,37.1,7.6,12/19,-12.3,0.66
rank:adxH1 × rank:distD1,all,sharpe,288.3,35.5,8.1,13/19,-13.0,0.66
rank:adxH1 × dev:distD1,all,sharpe,284.4,38.3,7.4,12/19,-14.6,0.58
rank:adxH1 × rank:volume,all,sharpe,264.2,33.4,7.9,12/19,-14.1,0.57
rank:adxH1 × dev:volume,all,sharpe,281.6,35.6,7.9,14/19,-12.9,0.6
rank:adxH1 × rank:squeezeH1,all,sharpe,264.4,37.8,7.0,13/19,-13.8,0.59
rank:adxH1 × dev:squeezeH1,all,sharpe,270.0,38.4,7.0,13/19,-11.3,0.67
dev:adxH1 × rank:adxH4,all,sharpe,247.7,51.7,4.8,12/19,-13.2,0.6
dev:adxH1 × dev:adxH4,all,sharpe,272.7,41.7,6.5,13/19,-13.5,0.6
dev:adxH1 × rank:adxD1,all,sharpe,292.7,55.2,5.3,12/19,-17.4,0.59
dev:adxH1 × dev:adxD1,all,sharpe,287.3,47.8,6.0,14/19,-17.9,0.6
dev:adxH1 × rank:effH1,all,sharpe,254.3,35.5,7.2,13/19,-10.5,0.65
dev:adxH1 × dev:effH1,all,sharpe,266.2,43.3,6.1,12/19,-10.5,0.57
dev:adxH1 × rank:effH4,all,sharpe,307.7,34.5,8.9,12/19,-9.2,0.68
dev:adxH1 × dev:effH4,all,sharpe,287.7,35.2,8.2,12/19,-13.4,0.61
dev:adxH1 × rank:stackH4,all,sharpe,276.7,35.1,7.9,12/19,-9.3,0.62
dev:adxH1 × rank:ribbonD1,all,sharpe,284.1,54.1,5.3,12/19,-16.6,0.66
dev:adxH1 × dev:ribbonD1,all,sharpe,225.5,36.0,6.3,14/19,-12.9,0.54
dev:adxH1 × rank:dayrange,all,sharpe,233.6,37.2,6.3,13/19,-15.2,0.58
dev:adxH1 × dev:dayrange,all,sharpe,226.5,47.4,4.8,12/19,-12.3,0.58
dev:adxH1 × rank:hour,all,sharpe,283.1,33.4,8.5,12/19,-12.8,0.64
dev:adxH1 × rank:posH4,all,sharpe,270.7,45.3,6.0,12/19,-12.0,0.58
dev:adxH1 × dev:posH4,all,sharpe,223.6,45.3,4.9,10/19,-15.0,0.56
dev:adxH1 × rank:distD1,all,sharpe,271.4,40.7,6.7,14/19,-14.9,0.66
dev:adxH1 × dev:distD1,all,sharpe,278.9,40.9,6.8,12/19,-13.6,0.63
dev:adxH1 × rank:volume,all,sharpe,260.2,36.9,7.1,12/19,-11.4,0.61
dev:adxH1 × dev:volume,all,sharpe,238.7,39.7,6.0,12/19,-13.2,0.59
dev:adxH1 × rank:squeezeH1,all,sharpe,290.1,37.9,7.7,12/19,-13.6,0.63
dev:adxH1 × dev:squeezeH1,all,sharpe,277.3,39.7,7.0,12/19,-10.0,0.56
rank:adxH4 × dev:adxH4,all,sharpe,265.5,43.4,6.1,11/19,-11.8,0.61
rank:adxH4 × rank:adxD1,all,sharpe,302.7,51.1,5.9,11/19,-13.3,0.65
rank:adxH4 × dev:adxD1,all,sharpe,256.1,52.0,4.9,10/19,-19.0,0.51
rank:adxH4 × rank:effH1,all,sharpe,279.8,41.0,6.8,12/19,-8.5,0.66
rank:adxH4 × dev:effH1,all,sharpe,331.3,45.2,7.3,13/19,-15.0,0.58
rank:adxH4 × rank:effH4,all,sharpe,272.3,45.1,6.0,12/19,-13.1,0.59
rank:adxH4 × dev:effH4,all,sharpe,262.6,44.7,5.9,11/19,-16.6,0.57
rank:adxH4 × rank:stackH4,all,sharpe,279.8,51.6,5.4,12/19,-14.8,0.57
rank:adxH4 × rank:ribbonD1,all,sharpe,269.3,42.7,6.3,12/19,-11.2,0.59
rank:adxH4 × dev:ribbonD1,all,sharpe,258.9,43.9,5.9,13/19,-11.2,0.57
rank:adxH4 × rank:dayrange,all,sharpe,330.6,33.7,9.8,13/19,-14.5,0.64
rank:adxH4 × dev:dayrange,all,sharpe,323.0,39.8,8.1,11/19,-14.7,0.61
rank:adxH4 × rank:hour,all,sharpe,254.3,46.6,5.5,12/19,-15.0,0.6
rank:adxH4 × rank:posH4,all,sharpe,230.5,48.4,4.8,11/19,-11.6,0.52
rank:adxH4 × dev:posH4,all,sharpe,265.5,43.6,6.1,13/19,-15.9,0.62
rank:adxH4 × rank:distD1,all,sharpe,230.4,52.6,4.4,13/19,-14.9,0.57
rank:adxH4 × dev:distD1,all,sharpe,296.4,41.4,7.2,12/19,-13.5,0.62
rank:adxH4 × rank:volume,all,sharpe,241.2,53.0,4.6,11/19,-15.8,0.52
rank:adxH4 × dev:volume,all,sharpe,267.7,48.1,5.6,12/19,-14.6,0.59
rank:adxH4 × rank:squeezeH1,all,sharpe,264.6,46.7,5.7,11/19,-13.1,0.56
rank:adxH4 × dev:squeezeH1,all,sharpe,260.8,46.0,5.7,12/19,-15.2,0.62
dev:adxH4 × rank:adxD1,all,sharpe,304.3,42.8,7.1,12/19,-14.5,0.63
dev:adxH4 × dev:adxD1,all,sharpe,303.8,43.3,7.0,12/19,-17.0,0.55
dev:adxH4 × rank:effH1,all,sharpe,290.5,39.3,7.4,12/19,-12.5,0.65
dev:adxH4 × dev:effH1,all,sharpe,254.9,46.1,5.5,11/19,-14.5,0.61
dev:adxH4 × rank:effH4,all,sharpe,284.1,45.2,6.3,13/19,-11.7,0.6
dev:adxH4 × dev:effH4,all,sharpe,259.7,40.2,6.5,12/19,-15.7,0.59
dev:adxH4 × rank:stackH4,all,sharpe,275.4,46.6,5.9,13/19,-12.8,0.64
dev:adxH4 × rank:ribbonD1,all,sharpe,258.8,38.7,6.7,13/19,-13.9,0.56
dev:adxH4 × dev:ribbonD1,all,sharpe,257.1,37.2,6.9,13/19,-13.3,0.6
dev:adxH4 × rank:dayrange,all,sharpe,227.1,34.4,6.6,13/19,-11.9,0.68
dev:adxH4 × dev:dayrange,all,sharpe,304.3,44.3,6.9,13/19,-13.5,0.67
dev:adxH4 × rank:hour,all,sharpe,221.1,39.7,5.6,10/19,-12.2,0.57
dev:adxH4 × rank:posH4,all,sharpe,283.4,50.7,5.6,12/19,-13.7,0.59
dev:adxH4 × dev:posH4,all,sharpe,257.8,51.8,5.0,12/19,-12.9,0.57
dev:adxH4 × rank:distD1,all,sharpe,273.7,41.1,6.7,13/19,-10.9,0.66
dev:adxH4 × dev:distD1,all,sharpe,280.3,28.4,9.9,13/19,-13.5,0.73
dev:adxH4 × rank:volume,all,sharpe,278.9,46.9,5.9,13/19,-12.1,0.63
dev:adxH4 × dev:volume,all,sharpe,265.4,49.3,5.4,12/19,-14.6,0.52
dev:adxH4 × rank:squeezeH1,all,sharpe,263.4,46.2,5.7,12/19,-13.2,0.61
dev:adxH4 × dev:squeezeH1,all,sharpe,253.5,42.2,6.0,12/19,-12.5,0.59
rank:adxD1 × dev:adxD1,all,sharpe,284.2,52.9,5.4,12/19,-18.0,0.58
rank:adxD1 × rank:effH1,all,sharpe,252.6,47.5,5.3,11/19,-12.2,0.57
rank:adxD1 × dev:effH1,all,sharpe,254.2,49.7,5.1,11/19,-14.2,0.6
rank:adxD1 × rank:effH4,all,sharpe,331.0,42.8,7.7,13/19,-15.3,0.69
rank:adxD1 × dev:effH4,all,sharpe,262.3,37.2,7.1,10/19,-15.9,0.59
rank:adxD1 × rank:stackH4,all,sharpe,253.2,53.4,4.7,12/19,-15.8,0.58
rank:adxD1 × rank:ribbonD1,all,sharpe,237.6,56.0,4.2,12/19,-13.9,0.53
rank:adxD1 × dev:ribbonD1,all,sharpe,235.2,50.4,4.7,12/19,-12.8,0.55
rank:adxD1 × rank:dayrange,all,sharpe,295.6,41.8,7.1,12/19,-12.1,0.66
rank:adxD1 × dev:dayrange,all,sharpe,269.8,52.7,5.1,12/19,-15.7,0.61
rank:adxD1 × rank:hour,all,sharpe,271.8,47.4,5.7,12/19,-13.2,0.61
rank:adxD1 × rank:posH4,all,sharpe,238.9,50.4,4.7,12/19,-17.3,0.53
rank:adxD1 × dev:posH4,all,sharpe,255.6,50.7,5.0,14/19,-15.9,0.58
rank:adxD1 × rank:distD1,all,sharpe,316.1,48.0,6.6,13/19,-12.6,0.66
rank:adxD1 × dev:distD1,all,sharpe,301.4,49.6,6.1,13/19,-13.6,0.63
rank:adxD1 × rank:volume,all,sharpe,296.9,51.5,5.8,13/19,-15.3,0.62
rank:adxD1 × dev:volume,all,sharpe,281.1,53.8,5.2,13/19,-16.0,0.59
rank:adxD1 × rank:squeezeH1,all,sharpe,286.7,56.3,5.1,13/19,-17.0,0.56
rank:adxD1 × dev:squeezeH1,all,sharpe,258.0,53.1,4.9,13/19,-15.5,0.62
dev:adxD1 × rank:effH1,all,sharpe,306.1,44.5,6.9,13/19,-17.1,0.6
dev:adxD1 × dev:effH1,all,sharpe,351.1,48.4,7.3,14/19,-17.0,0.63
dev:adxD1 × rank:effH4,all,sharpe,238.7,48.0,5.0,14/19,-18.6,0.54
dev:adxD1 × dev:effH4,all,sharpe,250.9,49.0,5.1,10/19,-17.3,0.54
dev:adxD1 × rank:stackH4,all,sharpe,258.6,53.8,4.8,12/19,-18.8,0.54
dev:adxD1 × rank:ribbonD1,all,sharpe,236.9,46.9,5.1,11/19,-14.8,0.52
dev:adxD1 × dev:ribbonD1,all,sharpe,245.6,49.4,5.0,11/19,-19.4,0.56
dev:adxD1 × rank:dayrange,all,sharpe,328.6,42.7,7.7,13/19,-13.6,0.64
dev:adxD1 × dev:dayrange,all,sharpe,290.0,48.1,6.0,13/19,-15.1,0.61
dev:adxD1 × rank:hour,all,sharpe,279.1,43.4,6.4,11/19,-15.0,0.58
dev:adxD1 × rank:posH4,all,sharpe,304.1,56.7,5.4,12/19,-16.2,0.56
dev:adxD1 × dev:posH4,all,sharpe,279.6,53.9,5.2,12/19,-17.4,0.57
dev:adxD1 × rank:distD1,all,sharpe,250.5,45.1,5.6,11/19,-11.4,0.56
dev:adxD1 × dev:distD1,all,sharpe,269.5,49.3,5.5,12/19,-17.6,0.59
dev:adxD1 × rank:volume,all,sharpe,268.7,48.1,5.6,14/19,-17.1,0.55
dev:adxD1 × dev:volume,all,sharpe,304.2,48.4,6.3,12/19,-16.0,0.53
dev:adxD1 × rank:squeezeH1,all,sharpe,273.3,56.7,4.8,13/19,-16.2,0.61
dev:adxD1 × dev:squeezeH1,all,sharpe,237.5,46.6,5.1,13/19,-15.3,0.54
rank:effH1 × dev:effH1,all,sharpe,288.3,39.7,7.3,12/19,-12.9,0.56
rank:effH1 × rank:effH4,all,sharpe,311.7,42.2,7.4,13/19,-8.2,0.67
rank:effH1 × dev:effH4,all,sharpe,318.1,36.8,8.6,13/19,-9.0,0.54
rank:effH1 × rank:stackH4,all,sharpe,238.3,28.3,8.4,12/19,-9.9,0.6
rank:effH1 × rank:ribbonD1,all,sharpe,256.8,54.8,4.7,13/19,-15.3,0.57
rank:effH1 × dev:ribbonD1,all,sharpe,261.7,38.0,6.9,14/19,-11.7,0.63
rank:effH1 × rank:dayrange,all,sharpe,315.9,36.9,8.6,12/19,-16.2,0.6
rank:effH1 × dev:dayrange,all,sharpe,261.6,47.8,5.5,13/19,-12.4,0.6
rank:effH1 × rank:hour,all,sharpe,267.4,39.9,6.7,11/19,-11.2,0.55
rank:effH1 × rank:posH4,all,sharpe,263.5,49.0,5.4,12/19,-13.2,0.58
rank:effH1 × dev:posH4,all,sharpe,254.3,40.4,6.3,12/19,-13.6,0.55
rank:effH1 × rank:distD1,all,sharpe,283.0,41.2,6.9,13/19,-10.0,0.61
rank:effH1 × dev:distD1,all,sharpe,259.8,40.2,6.5,11/19,-11.6,0.6
rank:effH1 × rank:volume,all,sharpe,238.1,40.4,5.9,12/19,-8.6,0.59
rank:effH1 × dev:volume,all,sharpe,236.1,39.0,6.1,14/19,-15.1,0.6
rank:effH1 × rank:squeezeH1,all,sharpe,259.7,31.2,8.3,13/19,-9.9,0.6
rank:effH1 × dev:squeezeH1,all,sharpe,275.1,32.8,8.4,12/19,-11.5,0.56
dev:effH1 × rank:effH4,all,sharpe,307.4,54.7,5.6,12/19,-17.0,0.59
dev:effH1 × dev:effH4,all,sharpe,250.8,42.0,6.0,13/19,-18.0,0.6
dev:effH1 × rank:stackH4,all,sharpe,304.7,36.8,8.3,13/19,-14.7,0.61
dev:effH1 × rank:ribbonD1,all,sharpe,243.3,53.1,4.6,12/19,-14.4,0.6
dev:effH1 × dev:ribbonD1,all,sharpe,285.0,41.6,6.9,12/19,-12.1,0.64
dev:effH1 × rank:dayrange,all,sharpe,343.2,43.1,8.0,13/19,-12.7,0.67
dev:effH1 × dev:dayrange,all,sharpe,275.0,37.3,7.4,11/19,-12.7,0.65
dev:effH1 × rank:hour,all,sharpe,293.4,35.8,8.2,12/19,-14.9,0.63
dev:effH1 × rank:posH4,all,sharpe,322.2,43.6,7.4,12/19,-16.5,0.59
dev:effH1 × dev:posH4,all,sharpe,329.6,47.3,7.0,11/19,-11.8,0.52
dev:effH1 × rank:distD1,all,sharpe,283.8,49.1,5.8,12/19,-13.5,0.61
dev:effH1 × dev:distD1,all,sharpe,330.3,42.0,7.9,13/19,-14.0,0.58
dev:effH1 × rank:volume,all,sharpe,283.3,34.3,8.3,13/19,-9.7,0.61
dev:effH1 × dev:volume,all,sharpe,278.6,30.3,9.2,12/19,-18.5,0.55
dev:effH1 × rank:squeezeH1,all,sharpe,276.7,38.5,7.2,13/19,-17.6,0.57
dev:effH1 × dev:squeezeH1,all,sharpe,322.3,45.2,7.1,12/19,-11.9,0.59
rank:effH4 × dev:effH4,all,sharpe,280.7,40.9,6.9,12/19,-16.1,0.64
rank:effH4 × rank:stackH4,all,sharpe,255.4,42.2,6.1,12/19,-11.6,0.63
rank:effH4 × rank:ribbonD1,all,sharpe,234.3,56.1,4.2,12/19,-13.2,0.52
rank:effH4 × dev:ribbonD1,all,sharpe,274.1,34.6,7.9,13/19,-9.0,0.63
rank:effH4 × rank:dayrange,all,sharpe,338.8,30.9,11.0,14/19,-16.6,0.66
rank:effH4 × dev:dayrange,all,sharpe,332.3,33.4,9.9,14/19,-9.5,0.63
rank:effH4 × rank:hour,all,sharpe,232.2,42.7,5.4,12/19,-16.4,0.52
rank:effH4 × rank:posH4,all,sharpe,245.9,45.2,5.4,12/19,-12.6,0.53
rank:effH4 × dev:posH4,all,sharpe,245.4,42.2,5.8,12/19,-13.0,0.58
rank:effH4 × rank:distD1,all,sharpe,241.0,49.8,4.8,12/19,-18.9,0.59
rank:effH4 × dev:distD1,all,sharpe,264.6,45.0,5.9,12/19,-16.4,0.6
rank:effH4 × rank:volume,all,sharpe,274.5,39.9,6.9,13/19,-10.5,0.65
rank:effH4 × dev:volume,all,sharpe,241.0,42.4,5.7,13/19,-18.2,0.59
rank:effH4 × rank:squeezeH1,all,sharpe,256.7,29.5,8.7,12/19,-17.8,0.62
rank:effH4 × dev:squeezeH1,all,sharpe,265.8,34.3,7.7,13/19,-16.4,0.58
dev:effH4 × rank:stackH4,all,sharpe,285.4,42.1,6.8,12/19,-18.5,0.63
dev:effH4 × rank:ribbonD1,all,sharpe,238.3,42.7,5.6,11/19,-11.7,0.6
dev:effH4 × dev:ribbonD1,all,sharpe,262.2,41.1,6.4,12/19,-18.5,0.61
dev:effH4 × rank:dayrange,all,sharpe,313.1,29.8,10.5,13/19,-11.1,0.68
dev:effH4 × dev:dayrange,all,sharpe,287.2,33.1,8.7,13/19,-10.4,0.63
dev:effH4 × rank:hour,all,sharpe,265.3,40.6,6.5,13/19,-16.9,0.57
dev:effH4 × rank:posH4,all,sharpe,253.4,38.5,6.6,10/19,-13.6,0.53
dev:effH4 × dev:posH4,all,sharpe,275.5,35.0,7.9,10/19,-17.3,0.58
dev:effH4 × rank:distD1,all,sharpe,258.3,45.5,5.7,12/19,-9.7,0.59
dev:effH4 × dev:distD1,all,sharpe,288.6,47.0,6.1,13/19,-17.7,0.6
dev:effH4 × rank:volume,all,sharpe,269.9,46.4,5.8,12/19,-16.5,0.55
dev:effH4 × dev:volume,all,sharpe,246.9,44.0,5.6,13/19,-20.5,0.53
dev:effH4 × rank:squeezeH1,all,sharpe,283.4,32.9,8.6,12/19,-16.1,0.65
dev:effH4 × dev:squeezeH1,all,sharpe,289.3,31.3,9.2,10/19,-13.4,0.62
rank:stackH4 × rank:ribbonD1,all,sharpe,283.2,43.5,6.5,12/19,-11.2,0.6
rank:stackH4 × dev:ribbonD1,all,sharpe,240.8,46.8,5.1,12/19,-11.4,0.6
rank:stackH4 × rank:dayrange,all,sharpe,290.0,36.9,7.9,11/19,-11.3,0.54
rank:stackH4 × dev:dayrange,all,sharpe,274.7,38.9,7.1,14/19,-11.5,0.62
rank:stackH4 × rank:hour,all,sharpe,254.7,40.4,6.3,11/19,-11.6,0.56
rank:stackH4 × rank:posH4,all,sharpe,275.2,49.4,5.6,13/19,-15.7,0.62
rank:stackH4 × dev:posH4,all,sharpe,266.7,45.8,5.8,11/19,-12.7,0.58
rank:stackH4 × rank:distD1,all,sharpe,262.6,48.5,5.4,12/19,-12.7,0.66
rank:stackH4 × dev:distD1,all,sharpe,302.8,29.4,10.3,14/19,-17.7,0.63
rank:stackH4 × rank:volume,all,sharpe,280.9,34.2,8.2,12/19,-14.7,0.6
rank:stackH4 × dev:volume,all,sharpe,247.3,45.6,5.4,14/19,-14.6,0.55
rank:stackH4 × rank:squeezeH1,all,sharpe,226.6,33.9,6.7,11/19,-16.7,0.54
rank:stackH4 × dev:squeezeH1,all,sharpe,253.8,39.5,6.4,12/19,-13.5,0.56
rank:ribbonD1 × dev:ribbonD1,all,sharpe,274.9,46.6,5.9,13/19,-10.8,0.62
rank:ribbonD1 × rank:dayrange,all,sharpe,269.1,41.5,6.5,12/19,-12.0,0.6
rank:ribbonD1 × dev:dayrange,all,sharpe,281.4,45.8,6.1,11/19,-10.5,0.61
rank:ribbonD1 × rank:hour,all,sharpe,294.4,38.9,7.6,12/19,-13.1,0.62
rank:ribbonD1 × rank:posH4,all,sharpe,264.6,48.8,5.4,11/19,-15.9,0.56
rank:ribbonD1 × dev:posH4,all,sharpe,250.3,49.5,5.1,12/19,-17.3,0.52
rank:ribbonD1 × rank:distD1,all,sharpe,280.5,44.4,6.3,13/19,-15.4,0.62
rank:ribbonD1 × dev:distD1,all,sharpe,252.7,51.0,5.0,11/19,-14.3,0.55
rank:ribbonD1 × rank:volume,all,sharpe,307.2,48.9,6.3,13/19,-14.0,0.63
rank:ribbonD1 × dev:volume,all,sharpe,253.7,44.8,5.7,12/19,-10.9,0.57
rank:ribbonD1 × rank:squeezeH1,all,sharpe,299.2,47.9,6.2,13/19,-12.7,0.57
rank:ribbonD1 × dev:squeezeH1,all,sharpe,268.3,43.8,6.1,13/19,-10.9,0.59
dev:ribbonD1 × rank:dayrange,all,sharpe,257.6,42.2,6.1,13/19,-12.1,0.55
dev:ribbonD1 × dev:dayrange,all,sharpe,254.4,42.7,6.0,13/19,-11.3,0.59
dev:ribbonD1 × rank:hour,all,sharpe,241.3,38.2,6.3,11/19,-12.2,0.6
dev:ribbonD1 × rank:posH4,all,sharpe,252.2,44.8,5.6,12/19,-12.3,0.55
dev:ribbonD1 × dev:posH4,all,sharpe,205.8,50.7,4.1,12/19,-14.1,0.53
dev:ribbonD1 × rank:distD1,all,sharpe,278.9,29.9,9.3,12/19,-11.2,0.63
dev:ribbonD1 × dev:distD1,all,sharpe,277.3,35.1,7.9,14/19,-11.5,0.63
dev:ribbonD1 × rank:volume,all,sharpe,255.2,38.8,6.6,13/19,-12.2,0.62
dev:ribbonD1 × dev:volume,all,sharpe,215.0,46.7,4.6,13/19,-14.9,0.53
dev:ribbonD1 × rank:squeezeH1,all,sharpe,267.5,37.1,7.2,11/19,-10.9,0.58
dev:ribbonD1 × dev:squeezeH1,all,sharpe,239.6,39.0,6.1,11/19,-10.7,0.58
rank:dayrange × dev:dayrange,all,sharpe,294.6,33.8,8.7,12/19,-10.4,0.64
rank:dayrange × rank:hour,all,sharpe,303.4,38.1,8.0,13/19,-15.2,0.59
rank:dayrange × rank:posH4,all,sharpe,346.9,40.2,8.6,12/19,-11.6,0.57
rank:dayrange × dev:posH4,all,sharpe,328.7,33.4,9.8,13/19,-12.7,0.63
rank:dayrange × rank:distD1,all,sharpe,259.3,35.3,7.3,13/19,-17.2,0.63
rank:dayrange × dev:distD1,all,sharpe,295.4,30.3,9.7,14/19,-10.5,0.6
rank:dayrange × rank:volume,all,sharpe,309.8,34.2,9.1,12/19,-12.7,0.59
rank:dayrange × dev:volume,all,sharpe,288.0,38.7,7.4,12/19,-16.0,0.55
rank:dayrange × rank:squeezeH1,all,sharpe,296.9,40.7,7.3,11/19,-18.1,0.65
rank:dayrange × dev:squeezeH1,all,sharpe,230.5,42.6,5.4,11/19,-15.5,0.54
dev:dayrange × rank:hour,all,sharpe,284.4,42.3,6.7,13/19,-12.5,0.6
dev:dayrange × rank:posH4,all,sharpe,252.7,38.3,6.6,11/19,-11.0,0.6
dev:dayrange × dev:posH4,all,sharpe,292.9,37.3,7.9,14/19,-11.0,0.65
dev:dayrange × rank:distD1,all,sharpe,256.3,29.2,8.8,14/19,-12.7,0.61
dev:dayrange × dev:distD1,all,sharpe,318.9,31.4,10.2,13/19,-11.0,0.63
dev:dayrange × rank:volume,all,sharpe,280.5,37.7,7.4,14/19,-11.9,0.66
dev:dayrange × dev:volume,all,sharpe,277.8,36.6,7.6,13/19,-10.8,0.58
dev:dayrange × rank:squeezeH1,all,sharpe,289.6,38.9,7.4,10/19,-11.2,0.59
dev:dayrange × dev:squeezeH1,all,sharpe,245.8,42.4,5.8,12/19,-10.9,0.54
rank:hour × rank:posH4,all,sharpe,285.8,37.1,7.7,12/19,-13.4,0.53
rank:hour × dev:posH4,all,sharpe,261.7,39.1,6.7,11/19,-16.0,0.54
rank:hour × rank:distD1,all,sharpe,235.3,39.2,6.0,12/19,-10.5,0.58
rank:hour × dev:distD1,all,sharpe,257.4,33.1,7.8,12/19,-14.6,0.62
rank:hour × rank:volume,all,sharpe,230.5,44.1,5.2,12/19,-13.1,0.56
rank:hour × dev:volume,all,sharpe,266.3,30.3,8.8,13/19,-14.2,0.59
rank:hour × rank:squeezeH1,all,sharpe,289.7,36.2,8.0,12/19,-12.3,0.64
rank:hour × dev:squeezeH1,all,sharpe,258.1,44.2,5.8,12/19,-11.7,0.57
rank:posH4 × dev:posH4,all,sharpe,256.0,42.8,6.0,12/19,-16.4,0.59
rank:posH4 × rank:distD1,all,sharpe,237.1,43.5,5.5,12/19,-14.3,0.62
rank:posH4 × dev:distD1,all,sharpe,272.7,48.1,5.7,12/19,-15.1,0.58
rank:posH4 × rank:volume,all,sharpe,290.5,38.2,7.6,13/19,-17.0,0.62
rank:posH4 × dev:volume,all,sharpe,300.8,48.5,6.2,12/19,-13.7,0.56
rank:posH4 × rank:squeezeH1,all,sharpe,237.4,39.4,6.0,13/19,-11.8,0.56
rank:posH4 × dev:squeezeH1,all,sharpe,263.4,42.9,6.1,13/19,-15.1,0.64
dev:posH4 × rank:distD1,all,sharpe,254.6,30.8,8.3,15/19,-11.6,0.7
dev:posH4 × dev:distD1,all,sharpe,294.2,49.1,6.0,12/19,-14.1,0.61
dev:posH4 × rank:volume,all,sharpe,281.0,40.0,7.0,14/19,-10.1,0.62
dev:posH4 × dev:volume,all,sharpe,261.7,44.6,5.9,13/19,-12.3,0.54
dev:posH4 × rank:squeezeH1,all,sharpe,201.9,45.8,4.4,12/19,-10.5,0.52
dev:posH4 × dev:squeezeH1,all,sharpe,236.3,44.3,5.3,12/19,-14.2,0.54
rank:distD1 × dev:distD1,all,sharpe,289.7,34.8,8.3,13/19,-11.1,0.65
rank:distD1 × rank:volume,all,sharpe,261.4,46.1,5.7,11/19,-15.8,0.54
rank:distD1 × dev:volume,all,sharpe,239.2,41.3,5.8,12/19,-13.5,0.57
rank:distD1 × rank:squeezeH1,all,sharpe,253.6,45.7,5.5,13/19,-12.4,0.59
rank:distD1 × dev:squeezeH1,all,sharpe,299.7,32.1,9.3,14/19,-9.1,0.7
dev:distD1 × rank:volume,all,sharpe,256.8,42.3,6.1,12/19,-15.2,0.56
dev:distD1 × dev:volume,all,sharpe,260.2,40.4,6.4,11/19,-15.3,0.57
dev:distD1 × rank:squeezeH1,all,sharpe,251.2,48.3,5.2,13/19,-14.4,0.52
dev:distD1 × dev:squeezeH1,all,sharpe,273.6,34.1,8.0,14/19,-15.3,0.53
rank:volume × dev:volume,all,sharpe,273.4,35.6,7.7,15/19,-15.2,0.62
rank:volume × rank:squeezeH1,all,sharpe,241.9,43.4,5.6,12/19,-17.1,0.52
rank:volume × dev:squeezeH1,all,sharpe,273.7,43.9,6.2,12/19,-12.6,0.58
dev:volume × rank:squeezeH1,all,sharpe,242.7,42.1,5.8,11/19,-17.4,0.46
dev:volume × dev:squeezeH1,all,sharpe,237.6,45.6,5.2,13/19,-13.1,0.55
rank:squeezeH1 × dev:squeezeH1,all,sharpe,256.7,40.1,6.4,11/19,-14.1,0.54
none,6,mean,289.5,56.3,5.1,13/19,-18.0,0.59
rank:volH1,6,mean,335.0,55.9,6.0,11/19,-15.0,0.51
dev:volH1,6,mean,295.8,63.1,4.7,12/19,-18.0,0.56
rank:volH4,6,mean,313.8,62.7,5.0,12/19,-17.2,0.55
dev:volH4,6,mean,290.8,57.9,5.0,12/19,-15.4,0.58
rank:volD1,6,mean,387.5,39.3,9.9,12/19,-16.8,0.68
dev:volD1,6,mean,379.8,41.3,9.2,10/19,-15.8,0.58
rank:adxH1,6,mean,408.9,48.7,8.4,12/19,-14.9,0.56
dev:adxH1,6,mean,346.4,48.6,7.1,12/19,-16.2,0.56
rank:adxH4,6,mean,374.5,59.4,6.3,10/19,-15.9,0.5
dev:adxH4,6,mean,322.5,51.9,6.2,12/19,-16.8,0.51
rank:adxD1,6,mean,292.8,62.6,4.7,11/19,-15.8,0.56
dev:adxD1,6,mean,344.6,52.3,6.6,11/19,-16.3,0.51
rank:effH1,6,mean,321.4,52.4,6.1,12/19,-14.3,0.54
dev:effH1,6,mean,319.1,58.6,5.4,12/19,-17.6,0.6
rank:effH4,6,mean,292.1,56.1,5.2,13/19,-18.1,0.59
dev:effH4,6,mean,348.0,45.8,7.6,12/19,-18.6,0.64
rank:stackH4,6,mean,329.7,54.2,6.1,13/19,-18.0,0.58
rank:ribbonD1,6,mean,283.0,62.7,4.5,11/19,-16.8,0.44
dev:ribbonD1,6,mean,266.4,58.8,4.5,12/19,-15.5,0.5
rank:dayrange,6,mean,374.3,42.9,8.7,13/19,-14.4,0.57
dev:dayrange,6,mean,310.1,47.6,6.5,12/19,-16.2,0.54
rank:hour,6,mean,317.4,52.2,6.1,13/19,-14.8,0.53
rank:posH4,6,mean,370.2,61.1,6.1,11/19,-18.5,0.56
dev:posH4,6,mean,364.1,59.4,6.1,12/19,-17.1,0.55
rank:distD1,6,mean,268.5,61.6,4.4,14/19,-20.5,0.57
dev:distD1,6,mean,336.0,46.2,7.3,12/19,-19.8,0.54
rank:volume,6,mean,334.3,58.4,5.7,13/19,-18.6,0.56
dev:volume,6,mean,343.3,52.5,6.5,13/19,-18.0,0.5
rank:squeezeH1,6,mean,315.4,61.7,5.1,12/19,-16.5,0.52
dev:squeezeH1,6,mean,317.3,59.5,5.3,12/19,-15.5,0.54
rank:volH1 × dev:volH1,6,mean,286.7,59.9,4.8,13/19,-17.1,0.57
rank:volH1 × rank:volH4,6,mean,272.9,60.0,4.5,11/19,-16.2,0.55
rank:volH1 × dev:volH4,6,mean,288.1,49.1,5.9,11/19,-11.9,0.53
rank:volH1 × rank:volD1,6,mean,413.7,42.4,9.8,12/19,-15.5,0.55
rank:volH1 × dev:volD1,6,mean,347.6,45.8,7.6,11/19,-13.6,0.56
rank:volH1 × rank:adxH1,6,mean,358.2,49.6,7.2,10/19,-13.8,0.53
rank:volH1 × dev:adxH1,6,mean,341.0,54.3,6.3,13/19,-12.8,0.56
rank:volH1 × rank:adxH4,6,mean,354.3,61.1,5.8,11/19,-19.2,0.54
rank:volH1 × dev:adxH4,6,mean,319.2,56.6,5.6,13/19,-15.9,0.51
rank:volH1 × rank:adxD1,6,mean,267.2,61.1,4.4,12/19,-19.2,0.54
rank:volH1 × dev:adxD1,6,mean,322.5,56.7,5.7,9/19,-17.1,0.47
rank:volH1 × rank:effH1,6,mean,317.8,54.4,5.8,11/19,-17.3,0.5
rank:volH1 × dev:effH1,6,mean,326.4,61.3,5.3,12/19,-17.3,0.55
rank:volH1 × rank:effH4,6,mean,351.8,54.8,6.4,13/19,-19.1,0.6
rank:volH1 × dev:effH4,6,mean,347.0,56.7,6.1,12/19,-18.6,0.55
rank:volH1 × rank:stackH4,6,mean,336.3,54.8,6.1,11/19,-15.0,0.51
rank:volH1 × rank:ribbonD1,6,mean,291.7,48.4,6.0,11/19,-14.1,0.52
rank:volH1 × dev:ribbonD1,6,mean,256.9,50.4,5.1,12/19,-13.5,0.48
rank:volH1 × rank:dayrange,6,mean,357.4,46.7,7.7,12/19,-13.1,0.52
rank:volH1 × dev:dayrange,6,mean,287.8,53.2,5.4,12/19,-18.6,0.49
rank:volH1 × rank:hour,6,mean,273.2,61.0,4.5,13/19,-16.9,0.5
rank:volH1 × rank:posH4,6,mean,368.4,53.0,7.0,9/19,-14.7,0.55
rank:volH1 × dev:posH4,6,mean,363.6,54.9,6.6,13/19,-17.3,0.57
rank:volH1 × rank:distD1,6,mean,259.7,57.1,4.5,11/19,-16.3,0.53
rank:volH1 × dev:distD1,6,mean,331.1,40.9,8.1,11/19,-12.0,0.55
rank:volH1 × rank:volume,6,mean,352.8,60.5,5.8,12/19,-17.2,0.49
rank:volH1 × dev:volume,6,mean,361.6,57.0,6.3,12/19,-16.7,0.47
rank:volH1 × rank:squeezeH1,6,mean,334.3,59.6,5.6,12/19,-15.9,0.56
rank:volH1 × dev:squeezeH1,6,mean,325.3,55.9,5.8,12/19,-16.4,0.56
dev:volH1 × rank:volH4,6,mean,275.6,62.5,4.4,12/19,-16.8,0.52
dev:volH1 × dev:volH4,6,mean,268.4,57.0,4.7,11/19,-15.4,0.55
dev:volH1 × rank:volD1,6,mean,320.2,46.8,6.8,12/19,-14.8,0.55
dev:volH1 × dev:volD1,6,mean,321.0,41.6,7.7,13/19,-15.7,0.61
dev:volH1 × rank:adxH1,6,mean,341.6,54.4,6.3,11/19,-15.1,0.56
dev:volH1 × dev:adxH1,6,mean,309.5,61.8,5.0,12/19,-16.9,0.54
dev:volH1 × rank:adxH4,6,mean,283.0,56.6,5.0,13/19,-19.2,0.57
dev:volH1 × dev:adxH4,6,mean,328.9,59.8,5.5,12/19,-18.4,0.54
dev:volH1 × rank:adxD1,6,mean,316.3,63.9,4.9,12/19,-16.0,0.55
dev:volH1 × dev:adxD1,6,mean,320.0,59.4,5.4,13/19,-17.0,0.56
dev:volH1 × rank:effH1,6,mean,314.2,58.2,5.4,13/19,-17.0,0.54
dev:volH1 × dev:effH1,6,mean,350.5,60.1,5.8,12/19,-18.0,0.61
dev:volH1 × rank:effH4,6,mean,312.2,60.9,5.1,13/19,-19.2,0.55
dev:volH1 × dev:effH4,6,mean,357.2,60.5,5.9,13/19,-18.6,0.6
dev:volH1 × rank:stackH4,6,mean,293.4,64.6,4.5,12/19,-18.0,0.56
dev:volH1 × rank:ribbonD1,6,mean,293.4,54.4,5.4,11/19,-15.9,0.54
dev:volH1 × dev:ribbonD1,6,mean,308.5,62.2,5.0,12/19,-18.1,0.51
dev:volH1 × rank:dayrange,6,mean,354.2,52.2,6.8,12/19,-17.0,0.56
dev:volH1 × dev:dayrange,6,mean,308.7,49.7,6.2,12/19,-15.3,0.58
dev:volH1 × rank:hour,6,mean,291.8,56.2,5.2,13/19,-15.3,0.58
dev:volH1 × rank:posH4,6,mean,336.4,59.1,5.7,12/19,-19.8,0.57
dev:volH1 × dev:posH4,6,mean,289.5,58.0,5.0,12/19,-18.0,0.58
dev:volH1 × rank:distD1,6,mean,290.3,60.2,4.8,13/19,-20.5,0.58
dev:volH1 × dev:distD1,6,mean,325.6,50.6,6.4,12/19,-19.3,0.52
dev:volH1 × rank:volume,6,mean,294.5,61.5,4.8,13/19,-17.5,0.54
dev:volH1 × dev:volume,6,mean,288.7,61.9,4.7,13/19,-19.2,0.54
dev:volH1 × rank:squeezeH1,6,mean,274.6,58.9,4.7,12/19,-14.8,0.51
dev:volH1 × dev:squeezeH1,6,mean,291.9,56.8,5.1,12/19,-16.9,0.58
rank:volH4 × dev:volH4,6,mean,286.5,60.1,4.8,11/19,-17.2,0.54
rank:volH4 × rank:volD1,6,mean,321.2,40.8,7.9,11/19,-15.8,0.56
rank:volH4 × dev:volD1,6,mean,339.9,51.8,6.6,12/19,-14.0,0.61
rank:volH4 × rank:adxH1,6,mean,357.8,50.9,7.0,11/19,-16.0,0.57
rank:volH4 × dev:adxH1,6,mean,328.1,61.5,5.3,12/19,-17.3,0.51
rank:volH4 × rank:adxH4,6,mean,356.6,62.6,5.7,11/19,-17.0,0.5
rank:volH4 × dev:adxH4,6,mean,302.5,58.9,5.1,13/19,-15.7,0.49
rank:volH4 × rank:adxD1,6,mean,319.5,66.3,4.8,11/19,-16.6,0.55
rank:volH4 × dev:adxD1,6,mean,281.7,61.6,4.6,10/19,-17.1,0.52
rank:volH4 × rank:effH1,6,mean,306.8,57.8,5.3,11/19,-16.4,0.57
rank:volH4 × dev:effH1,6,mean,295.3,54.1,5.5,13/19,-15.9,0.63
rank:volH4 × rank:effH4,6,mean,298.2,55.4,5.4,11/19,-17.6,0.55
rank:volH4 × dev:effH4,6,mean,320.5,57.1,5.6,11/19,-17.4,0.55
rank:volH4 × rank:stackH4,6,mean,303.6,62.3,4.9,12/19,-17.2,0.53
rank:volH4 × rank:ribbonD1,6,mean,277.8,60.6,4.6,11/19,-16.8,0.52
rank:volH4 × dev:ribbonD1,6,mean,298.8,58.5,5.1,12/19,-14.6,0.58
rank:volH4 × rank:dayrange,6,mean,343.3,51.6,6.7,11/19,-15.2,0.58
rank:volH4 × dev:dayrange,6,mean,329.8,54.2,6.1,12/19,-16.2,0.57
rank:volH4 × rank:hour,6,mean,273.3,56.9,4.8,12/19,-14.1,0.59
rank:volH4 × rank:posH4,6,mean,304.6,62.5,4.9,12/19,-16.8,0.59
rank:volH4 × dev:posH4,6,mean,264.4,59.6,4.4,13/19,-17.8,0.56
rank:volH4 × rank:distD1,6,mean,312.9,51.4,6.1,10/19,-18.8,0.55
rank:volH4 × dev:distD1,6,mean,305.1,59.0,5.2,13/19,-15.7,0.59
rank:volH4 × rank:volume,6,mean,309.2,62.4,5.0,13/19,-16.1,0.53
rank:volH4 × dev:volume,6,mean,259.6,59.9,4.3,12/19,-16.8,0.52
rank:volH4 × rank:squeezeH1,6,mean,282.9,67.3,4.2,10/19,-17.2,0.54
rank:volH4 × dev:squeezeH1,6,mean,260.1,63.9,4.1,11/19,-16.8,0.52
dev:volH4 × rank:volD1,6,mean,334.3,50.6,6.6,12/19,-16.4,0.58
dev:volH4 × dev:volD1,6,mean,329.3,48.0,6.9,13/19,-14.2,0.6
dev:volH4 × rank:adxH1,6,mean,419.2,46.1,9.1,12/19,-13.5,0.6
dev:volH4 × dev:adxH1,6,mean,305.6,52.0,5.9,12/19,-11.6,0.57
dev:volH4 × rank:adxH4,6,mean,329.5,53.0,6.2,11/19,-15.9,0.51
dev:volH4 × dev:adxH4,6,mean,302.2,55.8,5.4,12/19,-17.7,0.49
dev:volH4 × rank:adxD1,6,mean,206.1,62.8,3.3,12/19,-16.1,0.51
dev:volH4 × dev:adxD1,6,mean,302.8,63.2,4.8,13/19,-18.9,0.59
dev:volH4 × rank:effH1,6,mean,344.4,46.4,7.4,13/19,-10.3,0.65
dev:volH4 × dev:effH1,6,mean,317.9,58.5,5.4,11/19,-18.2,0.59
dev:volH4 × rank:effH4,6,mean,317.8,51.5,6.2,11/19,-16.4,0.58
dev:volH4 × dev:effH4,6,mean,310.3,51.9,6.0,11/19,-16.7,0.6
dev:volH4 × rank:stackH4,6,mean,284.7,55.8,5.1,12/19,-15.4,0.57
dev:volH4 × rank:ribbonD1,6,mean,245.5,59.1,4.2,11/19,-17.1,0.56
dev:volH4 × dev:ribbonD1,6,mean,233.3,56.3,4.1,10/19,-15.8,0.51
dev:volH4 × rank:dayrange,6,mean,255.3,50.0,5.1,11/19,-13.3,0.58
dev:volH4 × dev:dayrange,6,mean,328.1,56.9,5.8,12/19,-15.6,0.56
dev:volH4 × rank:hour,6,mean,263.1,55.2,4.8,13/19,-16.3,0.59
dev:volH4 × rank:posH4,6,mean,293.7,58.8,5.0,11/19,-15.9,0.6
dev:volH4 × dev:posH4,6,mean,261.6,53.5,4.9,12/19,-16.9,0.57
dev:volH4 × rank:distD1,6,mean,199.2,53.3,3.7,12/19,-15.9,0.55
dev:volH4 × dev:distD1,6,mean,268.0,53.4,5.0,12/19,-15.4,0.59
dev:volH4 × rank:volume,6,mean,255.9,60.9,4.2,12/19,-19.7,0.57
dev:volH4 × dev:volume,6,mean,250.9,53.3,4.7,13/19,-15.4,0.59
dev:volH4 × rank:squeezeH1,6,mean,247.6,54.3,4.6,12/19,-15.2,0.57
dev:volH4 × dev:squeezeH1,6,mean,220.7,53.2,4.1,12/19,-12.7,0.6
rank:volD1 × dev:volD1,6,mean,357.0,34.7,10.3,10/19,-14.8,0.59
rank:volD1 × rank:adxH1,6,mean,386.9,37.9,10.2,11/19,-16.4,0.64
rank:volD1 × dev:adxH1,6,mean,411.2,49.6,8.3,12/19,-17.2,0.52
rank:volD1 × rank:adxH4,6,mean,380.2,42.6,8.9,11/19,-13.2,0.52
rank:volD1 × dev:adxH4,6,mean,378.3,52.5,7.2,12/19,-18.6,0.53
rank:volD1 × rank:adxD1,6,mean,304.8,48.2,6.3,11/19,-15.6,0.53
rank:volD1 × dev:adxD1,6,mean,438.7,44.4,9.9,10/19,-15.9,0.57
rank:volD1 × rank:effH1,6,mean,303.3,40.9,7.4,11/19,-14.4,0.61
rank:volD1 × dev:effH1,6,mean,303.0,52.9,5.7,11/19,-17.7,0.61
rank:volD1 × rank:effH4,6,mean,303.5,51.5,5.9,13/19,-14.9,0.62
rank:volD1 × dev:effH4,6,mean,343.9,47.7,7.2,12/19,-19.5,0.61
rank:volD1 × rank:stackH4,6,mean,380.2,39.4,9.6,12/19,-15.6,0.7
rank:volD1 × rank:ribbonD1,6,mean,372.1,53.6,6.9,11/19,-18.0,0.52
rank:volD1 × dev:ribbonD1,6,mean,321.0,56.5,5.7,12/19,-17.6,0.5
rank:volD1 × rank:dayrange,6,mean,396.1,43.8,9.0,12/19,-14.6,0.6
rank:volD1 × dev:dayrange,6,mean,378.8,43.3,8.7,12/19,-13.6,0.58
rank:volD1 × rank:hour,6,mean,331.4,45.8,7.2,11/19,-15.4,0.55
rank:volD1 × rank:posH4,6,mean,345.7,61.8,5.6,10/19,-18.0,0.58
rank:volD1 × dev:posH4,6,mean,331.3,47.0,7.0,12/19,-18.9,0.61
rank:volD1 × rank:distD1,6,mean,228.6,48.6,4.7,10/19,-17.1,0.54
rank:volD1 × dev:distD1,6,mean,485.4,43.8,11.1,12/19,-17.1,0.58
rank:volD1 × rank:volume,6,mean,356.1,47.6,7.5,13/19,-15.5,0.66
rank:volD1 × dev:volume,6,mean,329.1,45.0,7.3,12/19,-15.8,0.64
rank:volD1 × rank:squeezeH1,6,mean,392.5,52.0,7.5,12/19,-14.0,0.59
rank:volD1 × dev:squeezeH1,6,mean,304.8,47.5,6.4,11/19,-16.7,0.51
dev:volD1 × rank:adxH1,6,mean,439.3,35.3,12.4,12/19,-13.6,0.58
dev:volD1 × dev:adxH1,6,mean,405.6,40.3,10.1,12/19,-14.9,0.55
dev:volD1 × rank:adxH4,6,mean,414.3,45.0,9.2,12/19,-13.6,0.57
dev:volD1 × dev:adxH4,6,mean,397.2,36.6,10.9,13/19,-12.9,0.56
dev:volD1 × rank:adxD1,6,mean,327.4,47.2,6.9,11/19,-16.7,0.55
dev:volD1 × dev:adxD1,6,mean,377.8,48.2,7.8,13/19,-17.0,0.56
dev:volD1 × rank:effH1,6,mean,350.0,40.5,8.6,12/19,-12.3,0.63
dev:volD1 × dev:effH1,6,mean,364.7,48.4,7.5,12/19,-12.8,0.59
dev:volD1 × rank:effH4,6,mean,334.7,46.9,7.1,11/19,-16.6,0.59
dev:volD1 × dev:effH4,6,mean,381.7,48.1,7.9,11/19,-18.3,0.6
dev:volD1 × rank:stackH4,6,mean,381.9,40.6,9.4,11/19,-16.3,0.58
dev:volD1 × rank:ribbonD1,6,mean,284.8,58.2,4.9,11/19,-16.7,0.51
dev:volD1 × dev:ribbonD1,6,mean,291.2,52.5,5.5,12/19,-18.4,0.56
dev:volD1 × rank:dayrange,6,mean,406.1,46.0,8.8,11/19,-12.0,0.56
dev:volD1 × dev:dayrange,6,mean,385.3,41.2,9.4,13/19,-14.1,0.59
dev:volD1 × rank:hour,6,mean,357.8,47.3,7.6,12/19,-16.1,0.57
dev:volD1 × rank:posH4,6,mean,391.8,48.2,8.1,12/19,-12.0,0.62
dev:volD1 × dev:posH4,6,mean,309.2,40.4,7.7,11/19,-13.9,0.61
dev:volD1 × rank:distD1,6,mean,317.6,44.6,7.1,13/19,-17.0,0.59
dev:volD1 × dev:distD1,6,mean,342.1,45.9,7.5,12/19,-18.8,0.61
dev:volD1 × rank:volume,6,mean,343.1,42.6,8.1,12/19,-12.3,0.65
dev:volD1 × dev:volume,6,mean,350.3,40.1,8.7,10/19,-16.7,0.57
dev:volD1 × rank:squeezeH1,6,mean,372.4,51.8,7.2,12/19,-18.3,0.62
dev:volD1 × dev:squeezeH1,6,mean,355.3,44.4,8.0,11/19,-15.1,0.58
rank:adxH1 × dev:adxH1,6,mean,392.4,41.9,9.4,13/19,-15.6,0.64
rank:adxH1 × rank:adxH4,6,mean,392.2,37.9,10.3,12/19,-15.2,0.54
rank:adxH1 × dev:adxH4,6,mean,371.3,44.8,8.3,11/19,-19.9,0.51
rank:adxH1 × rank:adxD1,6,mean,322.5,60.6,5.3,11/19,-15.1,0.56
rank:adxH1 × dev:adxD1,6,mean,375.3,49.7,7.6,13/19,-16.3,0.56
rank:adxH1 × rank:effH1,6,mean,379.7,45.4,8.4,13/19,-16.2,0.56
rank:adxH1 × dev:effH1,6,mean,373.9,53.6,7.0,12/19,-16.8,0.52
rank:adxH1 × rank:effH4,6,mean,329.0,56.3,5.8,12/19,-18.2,0.56
rank:adxH1 × dev:effH4,6,mean,360.6,48.8,7.4,12/19,-18.9,0.6
rank:adxH1 × rank:stackH4,6,mean,403.6,48.7,8.3,11/19,-14.9,0.55
rank:adxH1 × rank:ribbonD1,6,mean,322.1,49.8,6.5,11/19,-15.7,0.52
rank:adxH1 × dev:ribbonD1,6,mean,324.2,43.9,7.4,13/19,-16.5,0.51
rank:adxH1 × rank:dayrange,6,mean,364.3,37.6,9.7,12/19,-15.1,0.58
rank:adxH1 × dev:dayrange,6,mean,357.9,43.8,8.2,11/19,-13.7,0.6
rank:adxH1 × rank:hour,6,mean,347.6,54.4,6.4,12/19,-15.8,0.53
rank:adxH1 × rank:posH4,6,mean,423.8,55.7,7.6,11/19,-13.4,0.54
rank:adxH1 × dev:posH4,6,mean,365.3,49.5,7.4,12/19,-16.8,0.55
rank:adxH1 × rank:distD1,6,mean,329.3,48.6,6.8,11/19,-14.4,0.51
rank:adxH1 × dev:distD1,6,mean,394.7,51.7,7.6,12/19,-17.3,0.53
rank:adxH1 × rank:volume,6,mean,365.1,51.4,7.1,13/19,-15.9,0.56
rank:adxH1 × dev:volume,6,mean,334.0,49.2,6.8,12/19,-17.6,0.6
rank:adxH1 × rank:squeezeH1,6,mean,285.8,59.6,4.8,12/19,-14.3,0.5
rank:adxH1 × dev:squeezeH1,6,mean,309.2,49.2,6.3,12/19,-15.6,0.51
dev:adxH1 × rank:adxH4,6,mean,380.0,58.0,6.6,10/19,-15.8,0.54
dev:adxH1 × dev:adxH4,6,mean,337.0,53.9,6.3,11/19,-16.6,0.48
dev:adxH1 × rank:adxD1,6,mean,283.9,62.9,4.5,12/19,-17.4,0.56
dev:adxH1 × dev:adxD1,6,mean,367.8,44.5,8.3,13/19,-17.1,0.56
dev:adxH1 × rank:effH1,6,mean,322.6,47.2,6.8,11/19,-13.6,0.51
dev:adxH1 × dev:effH1,6,mean,310.7,54.6,5.7,12/19,-17.1,0.57
dev:adxH1 × rank:effH4,6,mean,314.7,60.3,5.2,12/19,-16.2,0.57
dev:adxH1 × dev:effH4,6,mean,359.9,48.2,7.5,11/19,-16.2,0.56
dev:adxH1 × rank:stackH4,6,mean,343.6,48.6,7.1,12/19,-15.2,0.55
dev:adxH1 × rank:ribbonD1,6,mean,320.4,52.9,6.1,12/19,-16.8,0.54
dev:adxH1 × dev:ribbonD1,6,mean,314.9,50.8,6.2,11/19,-14.2,0.51
dev:adxH1 × rank:dayrange,6,mean,312.6,45.0,6.9,11/19,-18.2,0.58
dev:adxH1 × dev:dayrange,6,mean,305.6,48.8,6.3,12/19,-13.3,0.58
dev:adxH1 × rank:hour,6,mean,316.5,51.6,6.1,12/19,-14.4,0.52
dev:adxH1 × rank:posH4,6,mean,394.8,63.6,6.2,13/19,-17.6,0.53
dev:adxH1 × dev:posH4,6,mean,397.4,57.7,6.9,12/19,-14.4,0.56
dev:adxH1 × rank:distD1,6,mean,322.7,58.9,5.5,14/19,-13.1,0.55
dev:adxH1 × dev:distD1,6,mean,374.0,53.9,6.9,12/19,-13.6,0.56
dev:adxH1 × rank:volume,6,mean,330.1,62.7,5.3,13/19,-18.0,0.46
dev:adxH1 × dev:volume,6,mean,366.4,52.3,7.0,12/19,-14.6,0.5
dev:adxH1 × rank:squeezeH1,6,mean,295.7,51.0,5.8,10/19,-11.3,0.51
dev:adxH1 × dev:squeezeH1,6,mean,321.1,55.6,5.8,13/19,-14.3,0.52
rank:adxH4 × dev:adxH4,6,mean,331.6,58.0,5.7,12/19,-16.4,0.52
rank:adxH4 × rank:adxD1,6,mean,349.1,54.8,6.4,12/19,-15.7,0.54
rank:adxH4 × dev:adxD1,6,mean,383.9,54.8,7.0,10/19,-15.9,0.48
rank:adxH4 × rank:effH1,6,mean,338.6,49.2,6.9,12/19,-16.0,0.5
rank:adxH4 × dev:effH1,6,mean,346.5,58.1,6.0,11/19,-17.9,0.5
rank:adxH4 × rank:effH4,6,mean,308.6,50.3,6.1,12/19,-15.9,0.53
rank:adxH4 × dev:effH4,6,mean,362.6,48.2,7.5,12/19,-17.2,0.58
rank:adxH4 × rank:stackH4,6,mean,385.7,59.4,6.5,10/19,-15.9,0.5
rank:adxH4 × rank:ribbonD1,6,mean,338.0,57.1,5.9,11/19,-17.0,0.55
rank:adxH4 × dev:ribbonD1,6,mean,327.7,56.5,5.8,11/19,-14.7,0.47
rank:adxH4 × rank:dayrange,6,mean,406.7,41.7,9.8,11/19,-17.0,0.52
rank:adxH4 × dev:dayrange,6,mean,365.9,46.5,7.9,12/19,-14.8,0.54
rank:adxH4 × rank:hour,6,mean,319.0,59.5,5.4,10/19,-15.9,0.52
rank:adxH4 × rank:posH4,6,mean,413.3,50.1,8.2,11/19,-11.9,0.54
rank:adxH4 × dev:posH4,6,mean,350.0,56.6,6.2,12/19,-15.3,0.48
rank:adxH4 × rank:distD1,6,mean,272.7,58.2,4.7,13/19,-16.8,0.61
rank:adxH4 × dev:distD1,6,mean,360.9,49.4,7.3,12/19,-15.3,0.49
rank:adxH4 × rank:volume,6,mean,337.2,58.5,5.8,13/19,-17.5,0.52
rank:adxH4 × dev:volume,6,mean,326.4,58.8,5.6,12/19,-17.9,0.48
rank:adxH4 × rank:squeezeH1,6,mean,333.7,64.6,5.2,11/19,-18.1,0.48
rank:adxH4 × dev:squeezeH1,6,mean,303.1,60.0,5.1,12/19,-19.1,0.46
dev:adxH4 × rank:adxD1,6,mean,371.9,53.9,6.9,12/19,-17.5,0.54
dev:adxH4 × dev:adxD1,6,mean,342.7,48.5,7.1,11/19,-18.6,0.46
dev:adxH4 × rank:effH1,6,mean,309.6,47.7,6.5,12/19,-14.0,0.49
dev:adxH4 × dev:effH1,6,mean,338.9,51.6,6.6,12/19,-16.6,0.5
dev:adxH4 × rank:effH4,6,mean,316.1,54.4,5.8,13/19,-15.1,0.54
dev:adxH4 × dev:effH4,6,mean,327.0,52.4,6.2,11/19,-19.5,0.49
dev:adxH4 × rank:stackH4,6,mean,327.6,51.9,6.3,12/19,-16.8,0.51
dev:adxH4 × rank:ribbonD1,6,mean,343.5,51.6,6.7,11/19,-17.1,0.54
dev:adxH4 × dev:ribbonD1,6,mean,294.4,51.5,5.7,12/19,-18.0,0.46
dev:adxH4 × rank:dayrange,6,mean,360.0,36.4,9.9,11/19,-12.5,0.51
dev:adxH4 × dev:dayrange,6,mean,367.8,47.6,7.7,12/19,-16.3,0.55
dev:adxH4 × rank:hour,6,mean,296.8,49.0,6.1,10/19,-14.2,0.49
dev:adxH4 × rank:posH4,6,mean,384.8,51.6,7.5,12/19,-15.0,0.55
dev:adxH4 × dev:posH4,6,mean,368.7,55.0,6.7,13/19,-15.1,0.54
dev:adxH4 × rank:distD1,6,mean,278.4,54.8,5.1,13/19,-18.1,0.59
dev:adxH4 × dev:distD1,6,mean,351.6,45.8,7.7,12/19,-18.0,0.5
dev:adxH4 × rank:volume,6,mean,342.9,59.1,5.8,14/19,-18.1,0.5
dev:adxH4 × dev:volume,6,mean,346.8,55.9,6.2,12/19,-17.5,0.46
dev:adxH4 × rank:squeezeH1,6,mean,315.6,57.1,5.5,12/19,-19.4,0.48
dev:adxH4 × dev:squeezeH1,6,mean,326.9,57.4,5.7,12/19,-17.2,0.53
rank:adxD1 × dev:adxD1,6,mean,301.5,53.9,5.6,11/19,-15.2,0.56
rank:adxD1 × rank:effH1,6,mean,263.9,60.2,4.4,10/19,-16.8,0.48
rank:adxD1 × dev:effH1,6,mean,280.8,63.2,4.4,12/19,-15.7,0.59
rank:adxD1 × rank:effH4,6,mean,344.3,52.7,6.5,13/19,-14.9,0.65
rank:adxD1 × dev:effH4,6,mean,322.0,53.2,6.1,12/19,-18.5,0.61
rank:adxD1 × rank:stackH4,6,mean,288.5,62.6,4.6,11/19,-15.8,0.56
rank:adxD1 × rank:ribbonD1,6,mean,255.7,62.8,4.1,12/19,-18.6,0.5
rank:adxD1 × dev:ribbonD1,6,mean,277.7,52.0,5.3,11/19,-12.1,0.58
rank:adxD1 × rank:dayrange,6,mean,277.3,49.9,5.6,12/19,-13.7,0.58
rank:adxD1 × dev:dayrange,6,mean,293.4,62.1,4.7,13/19,-15.2,0.58
rank:adxD1 × rank:hour,6,mean,253.1,54.2,4.7,9/19,-16.8,0.48
rank:adxD1 × rank:posH4,6,mean,308.2,58.5,5.3,11/19,-16.4,0.59
rank:adxD1 × dev:posH4,6,mean,306.5,63.1,4.9,12/19,-17.5,0.57
rank:adxD1 × rank:distD1,6,mean,311.6,55.8,5.6,11/19,-16.0,0.57
rank:adxD1 × dev:distD1,6,mean,293.2,57.7,5.1,11/19,-18.2,0.54
rank:adxD1 × rank:volume,6,mean,316.0,60.2,5.2,11/19,-15.7,0.53
rank:adxD1 × dev:volume,6,mean,330.3,61.0,5.4,14/19,-16.9,0.53
rank:adxD1 × rank:squeezeH1,6,mean,308.1,63.2,4.9,13/19,-19.2,0.59
rank:adxD1 × dev:squeezeH1,6,mean,310.4,61.6,5.0,14/19,-14.8,0.61
dev:adxD1 × rank:effH1,6,mean,320.8,51.3,6.3,12/19,-14.6,0.55
dev:adxD1 × dev:effH1,6,mean,317.7,54.9,5.8,11/19,-17.1,0.5
dev:adxD1 × rank:effH4,6,mean,281.0,52.0,5.4,12/19,-17.5,0.57
dev:adxD1 × dev:effH4,6,mean,320.8,58.9,5.4,12/19,-18.6,0.5
dev:adxD1 × rank:stackH4,6,mean,341.9,52.3,6.5,11/19,-16.3,0.51
dev:adxD1 × rank:ribbonD1,6,mean,354.3,56.3,6.3,10/19,-18.6,0.53
dev:adxD1 × dev:ribbonD1,6,mean,347.2,44.9,7.7,11/19,-15.8,0.57
dev:adxD1 × rank:dayrange,6,mean,375.2,44.2,8.5,13/19,-14.6,0.57
dev:adxD1 × dev:dayrange,6,mean,328.5,52.8,6.2,12/19,-17.0,0.52
dev:adxD1 × rank:hour,6,mean,355.8,50.4,7.1,12/19,-17.0,0.54
dev:adxD1 × rank:posH4,6,mean,337.5,58.4,5.8,13/19,-16.6,0.53
dev:adxD1 × dev:posH4,6,mean,349.1,54.7,6.4,12/19,-18.5,0.5
dev:adxD1 × rank:distD1,6,mean,314.5,52.6,6.0,12/19,-16.4,0.56
dev:adxD1 × dev:distD1,6,mean,347.3,54.2,6.4,11/19,-18.5,0.51
dev:adxD1 × rank:volume,6,mean,350.2,54.1,6.5,11/19,-19.1,0.5
dev:adxD1 × dev:volume,6,mean,341.8,52.6,6.5,11/19,-16.3,0.48
dev:adxD1 × rank:squeezeH1,6,mean,347.3,58.5,5.9,13/19,-16.6,0.54
dev:adxD1 × dev:squeezeH1,6,mean,386.3,51.1,7.6,12/19,-16.6,0.54
rank:effH1 × dev:effH1,6,mean,298.0,55.6,5.4,12/19,-16.1,0.58
rank:effH1 × rank:effH4,6,mean,277.1,56.1,4.9,12/19,-15.9,0.59
rank:effH1 × dev:effH4,6,mean,298.7,57.6,5.2,14/19,-17.6,0.58
rank:effH1 × rank:stackH4,6,mean,328.3,51.2,6.4,12/19,-14.3,0.56
rank:effH1 × rank:ribbonD1,6,mean,332.5,58.7,5.7,11/19,-17.1,0.54
rank:effH1 × dev:ribbonD1,6,mean,282.7,49.9,5.7,12/19,-15.9,0.57
rank:effH1 × rank:dayrange,6,mean,369.1,39.8,9.3,11/19,-11.9,0.58
rank:effH1 × dev:dayrange,6,mean,334.6,46.2,7.2,12/19,-14.5,0.57
rank:effH1 × rank:hour,6,mean,271.4,52.5,5.2,12/19,-15.3,0.53
rank:effH1 × rank:posH4,6,mean,340.6,57.7,5.9,13/19,-15.8,0.58
rank:effH1 × dev:posH4,6,mean,327.4,53.0,6.2,12/19,-15.7,0.59
rank:effH1 × rank:distD1,6,mean,281.1,53.8,5.2,12/19,-18.0,0.6
rank:effH1 × dev:distD1,6,mean,322.2,55.5,5.8,12/19,-18.6,0.55
rank:effH1 × rank:volume,6,mean,300.3,53.2,5.6,12/19,-15.4,0.52
rank:effH1 × dev:volume,6,mean,288.9,52.3,5.5,13/19,-15.5,0.55
rank:effH1 × rank:squeezeH1,6,mean,304.3,50.4,6.0,12/19,-13.2,0.52
rank:effH1 × dev:squeezeH1,6,mean,293.6,50.2,5.8,12/19,-14.6,0.54
dev:effH1 × rank:effH4,6,mean,307.1,63.1,4.9,12/19,-18.7,0.6
dev:effH1 × dev:effH4,6,mean,363.4,55.5,6.5,12/19,-15.4,0.63
dev:effH1 × rank:stackH4,6,mean,319.3,55.8,5.7,12/19,-15.8,0.59
dev:effH1 × rank:ribbonD1,6,mean,307.1,64.8,4.7,11/19,-17.0,0.53
dev:effH1 × dev:ribbonD1,6,mean,291.4,56.8,5.1,12/19,-17.1,0.52
dev:effH1 × rank:dayrange,6,mean,349.6,52.4,6.7,12/19,-15.5,0.59
dev:effH1 × dev:dayrange,6,mean,288.1,58.3,4.9,12/19,-16.0,0.61
dev:effH1 × rank:hour,6,mean,345.2,56.4,6.1,14/19,-14.4,0.62
dev:effH1 × rank:posH4,6,mean,332.3,61.2,5.4,11/19,-15.7,0.57
dev:effH1 × dev:posH4,6,mean,392.2,57.4,6.8,13/19,-15.7,0.57
dev:effH1 × rank:distD1,6,mean,263.3,68.3,3.9,12/19,-20.6,0.55
dev:effH1 × dev:distD1,6,mean,327.4,57.9,5.7,13/19,-19.2,0.55
dev:effH1 × rank:volume,6,mean,355.9,56.6,6.3,12/19,-17.7,0.54
dev:effH1 × dev:volume,6,mean,337.5,50.5,6.7,12/19,-16.8,0.62
dev:effH1 × rank:squeezeH1,6,mean,317.5,60.8,5.2,11/19,-15.7,0.51
dev:effH1 × dev:squeezeH1,6,mean,315.9,58.9,5.4,12/19,-16.7,0.61
rank:effH4 × dev:effH4,6,mean,305.8,46.8,6.5,12/19,-19.1,0.62
rank:effH4 × rank:stackH4,6,mean,307.8,56.1,5.5,13/19,-18.1,0.62
rank:effH4 × rank:ribbonD1,6,mean,335.6,66.1,5.1,11/19,-20.0,0.49
rank:effH4 × dev:ribbonD1,6,mean,227.8,54.9,4.1,11/19,-15.5,0.53
rank:effH4 × rank:dayrange,6,mean,372.7,48.7,7.7,13/19,-15.9,0.57
rank:effH4 × dev:dayrange,6,mean,373.9,48.9,7.6,13/19,-18.0,0.56
rank:effH4 × rank:hour,6,mean,227.4,60.9,3.7,13/19,-17.3,0.55
rank:effH4 × rank:posH4,6,mean,332.6,57.1,5.8,12/19,-14.6,0.64
rank:effH4 × dev:posH4,6,mean,257.4,53.2,4.8,12/19,-15.8,0.53
rank:effH4 × rank:distD1,6,mean,270.1,68.2,4.0,12/19,-20.6,0.54
rank:effH4 × dev:distD1,6,mean,272.1,58.8,4.6,12/19,-20.2,0.54
rank:effH4 × rank:volume,6,mean,317.6,54.7,5.8,13/19,-17.5,0.63
rank:effH4 × dev:volume,6,mean,328.2,56.0,5.9,13/19,-19.1,0.58
rank:effH4 × rank:squeezeH1,6,mean,330.6,58.8,5.6,12/19,-17.6,0.55
rank:effH4 × dev:squeezeH1,6,mean,296.9,54.8,5.4,11/19,-19.1,0.54
dev:effH4 × rank:stackH4,6,mean,345.0,44.1,7.8,12/19,-17.3,0.63
dev:effH4 × rank:ribbonD1,6,mean,316.4,55.1,5.7,10/19,-18.6,0.52
dev:effH4 × dev:ribbonD1,6,mean,238.4,57.0,4.2,11/19,-18.2,0.5
dev:effH4 × rank:dayrange,6,mean,386.7,45.3,8.5,12/19,-17.7,0.58
dev:effH4 × dev:dayrange,6,mean,357.7,43.3,8.3,12/19,-16.5,0.6
dev:effH4 × rank:hour,6,mean,339.1,54.9,6.2,13/19,-15.9,0.56
dev:effH4 × rank:posH4,6,mean,313.3,55.1,5.7,11/19,-16.3,0.62
dev:effH4 × dev:posH4,6,mean,394.5,47.0,8.4,13/19,-17.2,0.64
dev:effH4 × rank:distD1,6,mean,294.3,64.8,4.5,12/19,-20.6,0.54
dev:effH4 × dev:distD1,6,mean,331.1,53.2,6.2,12/19,-19.4,0.56
dev:effH4 × rank:volume,6,mean,339.9,54.3,6.3,13/19,-18.1,0.6
dev:effH4 × dev:volume,6,mean,323.6,48.5,6.7,13/19,-18.4,0.56
dev:effH4 × rank:squeezeH1,6,mean,375.9,52.1,7.2,13/19,-15.9,0.57
dev:effH4 × dev:squeezeH1,6,mean,348.8,57.4,6.1,13/19,-17.1,0.56
rank:stackH4 × rank:ribbonD1,6,mean,295.2,60.2,4.9,10/19,-16.0,0.46
rank:stackH4 × dev:ribbonD1,6,mean,261.9,60.1,4.4,11/19,-15.5,0.49
rank:stackH4 × rank:dayrange,6,mean,370.8,42.9,8.6,13/19,-14.4,0.56
rank:stackH4 × dev:dayrange,6,mean,308.7,47.6,6.5,12/19,-16.2,0.53
rank:stackH4 × rank:hour,6,mean,331.0,51.2,6.5,13/19,-14.8,0.54
rank:stackH4 × rank:posH4,6,mean,375.5,63.6,5.9,11/19,-18.5,0.55
rank:stackH4 × dev:posH4,6,mean,367.2,59.4,6.2,12/19,-17.1,0.56
rank:stackH4 × rank:distD1,6,mean,268.8,61.1,4.4,14/19,-20.5,0.57
rank:stackH4 × dev:distD1,6,mean,356.4,46.2,7.7,12/19,-19.8,0.56
rank:stackH4 × rank:volume,6,mean,329.0,57.1,5.8,13/19,-18.3,0.55
rank:stackH4 × dev:volume,6,mean,332.8,52.0,6.4,13/19,-18.0,0.49
rank:stackH4 × rank:squeezeH1,6,mean,271.4,62.4,4.3,12/19,-17.3,0.49
rank:stackH4 × dev:squeezeH1,6,mean,308.6,59.6,5.2,12/19,-16.7,0.53
rank:ribbonD1 × dev:ribbonD1,6,mean,324.4,57.0,5.7,12/19,-14.9,0.52
rank:ribbonD1 × rank:dayrange,6,mean,335.7,56.7,5.9,12/19,-16.0,0.59
rank:ribbonD1 × dev:dayrange,6,mean,347.9,56.6,6.1,10/19,-17.0,0.53
rank:ribbonD1 × rank:hour,6,mean,308.4,59.3,5.2,11/19,-15.2,0.5
rank:ribbonD1 × rank:posH4,6,mean,299.7,59.4,5.0,11/19,-18.7,0.53
rank:ribbonD1 × dev:posH4,6,mean,324.9,60.6,5.4,12/19,-16.8,0.52
rank:ribbonD1 × rank:distD1,6,mean,308.3,51.9,5.9,12/19,-20.4,0.57
rank:ribbonD1 × dev:distD1,6,mean,322.7,48.8,6.6,12/19,-16.4,0.54
rank:ribbonD1 × rank:volume,6,mean,302.5,64.3,4.7,13/19,-17.0,0.57
rank:ribbonD1 × dev:volume,6,mean,308.3,60.5,5.1,11/19,-17.1,0.42
rank:ribbonD1 × rank:squeezeH1,6,mean,336.3,56.7,5.9,12/19,-17.1,0.52
rank:ribbonD1 × dev:squeezeH1,6,mean,341.4,58.8,5.8,13/19,-16.0,0.56
dev:ribbonD1 × rank:dayrange,6,mean,324.1,57.8,5.6,14/19,-15.7,0.51
dev:ribbonD1 × dev:dayrange,6,mean,340.9,61.1,5.6,10/19,-17.5,0.52
dev:ribbonD1 × rank:hour,6,mean,311.7,58.9,5.3,11/19,-16.7,0.45
dev:ribbonD1 × rank:posH4,6,mean,246.3,57.6,4.3,11/19,-16.6,0.48
dev:ribbonD1 × dev:posH4,6,mean,325.7,57.1,5.7,12/19,-16.0,0.48
dev:ribbonD1 × rank:distD1,6,mean,279.3,56.3,5.0,12/19,-17.6,0.55
dev:ribbonD1 × dev:distD1,6,mean,368.3,47.8,7.7,12/19,-16.2,0.58
dev:ribbonD1 × rank:volume,6,mean,357.5,62.4,5.7,11/19,-18.6,0.5
dev:ribbonD1 × dev:volume,6,mean,310.0,57.3,5.4,11/19,-16.3,0.45
dev:ribbonD1 × rank:squeezeH1,6,mean,295.1,54.1,5.5,11/19,-17.6,0.52
dev:ribbonD1 × dev:squeezeH1,6,mean,318.9,50.3,6.3,11/19,-13.7,0.51
rank:dayrange × dev:dayrange,6,mean,346.0,40.2,8.6,12/19,-13.1,0.6
rank:dayrange × rank:hour,6,mean,329.5,44.4,7.4,12/19,-14.3,0.52
rank:dayrange × rank:posH4,6,mean,368.3,52.8,7.0,12/19,-13.6,0.61
rank:dayrange × dev:posH4,6,mean,370.4,48.4,7.7,12/19,-14.4,0.57
rank:dayrange × rank:distD1,6,mean,306.7,42.6,7.2,12/19,-15.3,0.63
rank:dayrange × dev:distD1,6,mean,364.1,46.7,7.8,12/19,-16.4,0.52
rank:dayrange × rank:volume,6,mean,344.4,50.0,6.9,13/19,-14.8,0.53
rank:dayrange × dev:volume,6,mean,354.2,41.7,8.5,12/19,-13.3,0.54
rank:dayrange × rank:squeezeH1,6,mean,313.0,55.8,5.6,11/19,-14.4,0.52
rank:dayrange × dev:squeezeH1,6,mean,349.2,43.8,8.0,12/19,-12.1,0.59
dev:dayrange × rank:hour,6,mean,318.9,47.1,6.8,12/19,-12.6,0.58
dev:dayrange × rank:posH4,6,mean,315.9,55.8,5.7,11/19,-14.6,0.52
dev:dayrange × dev:posH4,6,mean,347.8,59.0,5.9,13/19,-17.0,0.59
dev:dayrange × rank:distD1,6,mean,263.8,39.6,6.7,11/19,-13.7,0.6
dev:dayrange × dev:distD1,6,mean,339.5,43.0,7.9,12/19,-15.0,0.57
dev:dayrange × rank:volume,6,mean,329.4,59.4,5.5,13/19,-18.9,0.54
dev:dayrange × dev:volume,6,mean,351.1,45.8,7.7,12/19,-16.4,0.49
dev:dayrange × rank:squeezeH1,6,mean,307.8,60.3,5.1,12/19,-16.2,0.52
dev:dayrange × dev:squeezeH1,6,mean,289.9,60.6,4.8,13/19,-15.0,0.52
rank:hour × rank:posH4,6,mean,342.1,54.2,6.3,11/19,-17.2,0.52
rank:hour × dev:posH4,6,mean,378.7,55.3,6.8,13/19,-16.8,0.61
rank:hour × rank:distD1,6,mean,266.8,43.6,6.1,10/19,-13.7,0.57
rank:hour × dev:distD1,6,mean,319.2,42.3,7.5,11/19,-13.6,0.56
rank:hour × rank:volume,6,mean,269.3,56.3,4.8,12/19,-13.9,0.56
rank:hour × dev:volume,6,mean,328.6,55.8,5.9,12/19,-15.9,0.48
rank:hour × rank:squeezeH1,6,mean,357.9,59.3,6.0,12/19,-17.6,0.52
rank:hour × dev:squeezeH1,6,mean,324.0,58.4,5.5,12/19,-17.6,0.58
rank:posH4 × dev:posH4,6,mean,350.0,59.6,5.9,12/19,-18.0,0.59
rank:posH4 × rank:distD1,6,mean,238.2,58.7,4.1,14/19,-15.8,0.57
rank:posH4 × dev:distD1,6,mean,298.5,63.8,4.7,13/19,-19.8,0.58
rank:posH4 × rank:volume,6,mean,289.9,56.4,5.1,10/19,-16.4,0.54
rank:posH4 × dev:volume,6,mean,363.7,60.4,6.0,13/19,-17.7,0.55
rank:posH4 × rank:squeezeH1,6,mean,365.7,56.2,6.5,12/19,-15.1,0.55
rank:posH4 × dev:squeezeH1,6,mean,277.0,53.1,5.2,11/19,-15.0,0.54
dev:posH4 × rank:distD1,6,mean,230.8,49.2,4.7,11/19,-16.1,0.56
dev:posH4 × dev:distD1,6,mean,350.7,56.8,6.2,13/19,-17.0,0.56
dev:posH4 × rank:volume,6,mean,362.7,66.1,5.5,13/19,-17.3,0.57
dev:posH4 × dev:volume,6,mean,335.9,54.5,6.2,13/19,-17.1,0.54
dev:posH4 × rank:squeezeH1,6,mean,301.4,61.1,4.9,12/19,-15.2,0.48
dev:posH4 × dev:squeezeH1,6,mean,346.9,54.9,6.3,11/19,-13.6,0.52
rank:distD1 × dev:distD1,6,mean,245.1,48.7,5.0,12/19,-19.8,0.55
rank:distD1 × rank:volume,6,mean,277.5,57.5,4.8,11/19,-19.2,0.52
rank:distD1 × dev:volume,6,mean,259.9,59.6,4.4,12/19,-20.5,0.55
rank:distD1 × rank:squeezeH1,6,mean,238.5,58.3,4.1,12/19,-16.4,0.49
rank:distD1 × dev:squeezeH1,6,mean,257.1,52.8,4.9,13/19,-20.3,0.57
dev:distD1 × rank:volume,6,mean,365.8,56.9,6.4,12/19,-19.1,0.5
dev:distD1 × dev:volume,6,mean,359.7,50.2,7.2,12/19,-17.2,0.49
dev:distD1 × rank:squeezeH1,6,mean,382.6,52.4,7.3,11/19,-14.8,0.56
dev:distD1 × dev:squeezeH1,6,mean,330.2,49.4,6.7,10/19,-18.3,0.52
rank:volume × dev:volume,6,mean,351.4,57.0,6.2,13/19,-17.5,0.53
rank:volume × rank:squeezeH1,6,mean,283.7,55.7,5.1,13/19,-15.5,0.52
rank:volume × dev:squeezeH1,6,mean,340.9,61.1,5.6,13/19,-19.0,0.55
dev:volume × rank:squeezeH1,6,mean,307.3,57.1,5.4,12/19,-16.2,0.48
dev:volume × dev:squeezeH1,6,mean,293.5,60.8,4.8,12/19,-16.3,0.48
rank:squeezeH1 × dev:squeezeH1,6,mean,304.2,60.7,5.0,12/19,-15.4,0.52
none,6,sharpe,249.2,57.0,4.4,13/19,-17.1,0.57
rank:volH1,6,sharpe,253.5,44.7,5.7,12/19,-10.3,0.6
dev:volH1,6,sharpe,260.8,43.4,6.0,12/19,-10.8,0.59
rank:volH4,6,sharpe,298.7,44.2,6.8,13/19,-10.7,0.68
dev:volH4,6,sharpe,336.6,47.9,7.0,13/19,-12.3,0.63
rank:volD1,6,sharpe,260.3,29.7,8.8,12/19,-10.0,0.68
dev:volD1,6,sharpe,342.9,36.2,9.5,12/19,-8.5,0.7
rank:adxH1,6,sharpe,283.8,35.1,8.1,12/19,-11.7,0.66
dev:adxH1,6,sharpe,259.0,43.6,5.9,13/19,-11.8,0.63
rank:adxH4,6,sharpe,240.1,48.8,4.9,11/19,-15.3,0.55
dev:adxH4,6,sharpe,275.2,47.2,5.8,12/19,-12.7,0.65
rank:adxD1,6,sharpe,255.1,54.7,4.7,13/19,-18.2,0.61
dev:adxD1,6,sharpe,270.6,50.5,5.4,12/19,-16.0,0.59
rank:effH1,6,sharpe,251.4,36.8,6.8,12/19,-10.6,0.56
dev:effH1,6,sharpe,260.8,39.6,6.6,14/19,-13.9,0.59
rank:effH4,6,sharpe,297.2,44.8,6.6,13/19,-12.5,0.63
dev:effH4,6,sharpe,285.4,43.2,6.6,12/19,-11.3,0.6
rank:stackH4,6,sharpe,260.9,40.9,6.4,12/19,-11.2,0.62
rank:ribbonD1,6,sharpe,266.4,47.1,5.7,13/19,-12.0,0.61
dev:ribbonD1,6,sharpe,229.1,45.3,5.1,13/19,-11.5,0.55
rank:dayrange,6,sharpe,273.5,38.0,7.2,11/19,-10.2,0.57
dev:dayrange,6,sharpe,250.0,42.8,5.8,13/19,-11.3,0.56
rank:hour,6,sharpe,281.9,42.8,6.6,12/19,-10.7,0.59
rank:posH4,6,sharpe,261.7,47.1,5.6,13/19,-10.7,0.56
dev:posH4,6,sharpe,266.5,47.7,5.6,12/19,-13.8,0.58
rank:distD1,6,sharpe,273.2,43.3,6.3,12/19,-17.8,0.67
dev:distD1,6,sharpe,273.0,45.6,6.0,12/19,-14.9,0.6
rank:volume,6,sharpe,281.6,41.3,6.8,14/19,-12.8,0.65
dev:volume,6,sharpe,234.8,48.0,4.9,12/19,-14.6,0.54
rank:squeezeH1,6,sharpe,211.9,43.4,4.9,12/19,-10.1,0.51
dev:squeezeH1,6,sharpe,239.5,43.2,5.5,12/19,-9.9,0.61
rank:volH1 × dev:volH1,6,sharpe,257.5,40.6,6.3,12/19,-9.7,0.61
rank:volH1 × rank:volH4,6,sharpe,253.0,45.7,5.5,12/19,-12.6,0.58
rank:volH1 × dev:volH4,6,sharpe,293.5,36.5,8.0,13/19,-9.5,0.64
rank:volH1 × rank:volD1,6,sharpe,316.9,30.6,10.4,14/19,-12.7,0.7
rank:volH1 × dev:volD1,6,sharpe,298.6,45.9,6.5,11/19,-11.8,0.61
rank:volH1 × rank:adxH1,6,sharpe,285.3,38.9,7.3,14/19,-11.6,0.61
rank:volH1 × dev:adxH1,6,sharpe,257.5,33.6,7.7,13/19,-8.7,0.64
rank:volH1 × rank:adxH4,6,sharpe,281.7,50.8,5.5,13/19,-16.1,0.59
rank:volH1 × dev:adxH4,6,sharpe,272.9,39.7,6.9,13/19,-9.2,0.65
rank:volH1 × rank:adxD1,6,sharpe,274.2,48.5,5.7,12/19,-14.0,0.62
rank:volH1 × dev:adxD1,6,sharpe,302.6,43.3,7.0,13/19,-11.7,0.62
rank:volH1 × rank:effH1,6,sharpe,264.9,43.6,6.1,12/19,-10.7,0.55
rank:volH1 × dev:effH1,6,sharpe,250.7,45.7,5.5,12/19,-11.2,0.57
rank:volH1 × rank:effH4,6,sharpe,285.5,36.5,7.8,12/19,-12.5,0.6
rank:volH1 × dev:effH4,6,sharpe,300.1,37.3,8.0,12/19,-9.6,0.61
rank:volH1 × rank:stackH4,6,sharpe,247.3,41.0,6.0,12/19,-10.3,0.62
rank:volH1 × rank:ribbonD1,6,sharpe,269.1,38.9,6.9,10/19,-11.9,0.62
rank:volH1 × dev:ribbonD1,6,sharpe,277.6,38.0,7.3,14/19,-7.7,0.66
rank:volH1 × rank:dayrange,6,sharpe,251.1,36.4,6.9,11/19,-10.1,0.62
rank:volH1 × dev:dayrange,6,sharpe,218.3,37.8,5.8,12/19,-9.7,0.53
rank:volH1 × rank:hour,6,sharpe,243.5,43.3,5.6,13/19,-12.5,0.6
rank:volH1 × rank:posH4,6,sharpe,279.9,44.0,6.4,11/19,-9.8,0.59
rank:volH1 × dev:posH4,6,sharpe,271.9,42.6,6.4,13/19,-11.5,0.62
rank:volH1 × rank:distD1,6,sharpe,240.3,45.4,5.3,12/19,-12.4,0.58
rank:volH1 × dev:distD1,6,sharpe,246.5,32.1,7.7,11/19,-10.8,0.59
rank:volH1 × rank:volume,6,sharpe,224.1,42.2,5.3,13/19,-11.0,0.6
rank:volH1 × dev:volume,6,sharpe,280.5,40.3,7.0,12/19,-9.7,0.63
rank:volH1 × rank:squeezeH1,6,sharpe,224.8,40.6,5.5,12/19,-10.0,0.54
rank:volH1 × dev:squeezeH1,6,sharpe,262.6,40.9,6.4,13/19,-11.8,0.62
dev:volH1 × rank:volH4,6,sharpe,255.3,55.7,4.6,14/19,-13.5,0.61
dev:volH1 × dev:volH4,6,sharpe,258.4,40.6,6.4,14/19,-10.8,0.65
dev:volH1 × rank:volD1,6,sharpe,258.6,25.7,10.1,12/19,-9.7,0.66
dev:volH1 × dev:volD1,6,sharpe,303.5,38.9,7.8,14/19,-10.4,0.68
dev:volH1 × rank:adxH1,6,sharpe,293.2,36.2,8.1,13/19,-9.5,0.69
dev:volH1 × dev:adxH1,6,sharpe,240.4,38.9,6.2,12/19,-8.3,0.59
dev:volH1 × rank:adxH4,6,sharpe,224.4,42.1,5.3,11/19,-13.2,0.58
dev:volH1 × dev:adxH4,6,sharpe,279.0,43.0,6.5,11/19,-12.8,0.62
dev:volH1 × rank:adxD1,6,sharpe,264.7,50.6,5.2,14/19,-16.3,0.62
dev:volH1 × dev:adxD1,6,sharpe,262.2,51.7,5.1,13/19,-16.9,0.62
dev:volH1 × rank:effH1,6,sharpe,237.5,36.9,6.4,14/19,-12.3,0.63
dev:volH1 × dev:effH1,6,sharpe,264.3,35.6,7.4,12/19,-10.0,0.62
dev:volH1 × rank:effH4,6,sharpe,322.6,51.5,6.3,14/19,-14.6,0.65
dev:volH1 × dev:effH4,6,sharpe,328.3,32.0,10.3,12/19,-10.8,0.69
dev:volH1 × rank:stackH4,6,sharpe,264.6,42.5,6.2,12/19,-10.8,0.61
dev:volH1 × rank:ribbonD1,6,sharpe,232.0,49.1,4.7,12/19,-12.3,0.56
dev:volH1 × dev:ribbonD1,6,sharpe,231.0,35.9,6.4,12/19,-12.0,0.6
dev:volH1 × rank:dayrange,6,sharpe,271.3,36.9,7.4,13/19,-8.4,0.63
dev:volH1 × dev:dayrange,6,sharpe,245.4,40.9,6.0,11/19,-10.5,0.59
dev:volH1 × rank:hour,6,sharpe,274.8,35.5,7.7,13/19,-11.4,0.64
dev:volH1 × rank:posH4,6,sharpe,280.9,40.5,6.9,12/19,-8.9,0.68
dev:volH1 × dev:posH4,6,sharpe,244.0,37.8,6.5,13/19,-9.5,0.61
dev:volH1 × rank:distD1,6,sharpe,270.3,37.9,7.1,13/19,-10.4,0.72
dev:volH1 × dev:distD1,6,sharpe,235.8,37.8,6.2,11/19,-12.1,0.54
dev:volH1 × rank:volume,6,sharpe,251.8,42.0,6.0,13/19,-14.7,0.64
dev:volH1 × dev:volume,6,sharpe,237.7,48.6,4.9,11/19,-11.7,0.55
dev:volH1 × rank:squeezeH1,6,sharpe,231.0,42.7,5.4,13/19,-9.5,0.59
dev:volH1 × dev:squeezeH1,6,sharpe,231.8,42.3,5.5,13/19,-12.6,0.6
rank:volH4 × dev:volH4,6,sharpe,323.8,43.0,7.5,12/19,-12.3,0.63
rank:volH4 × rank:volD1,6,sharpe,286.7,35.8,8.0,12/19,-9.0,0.65
rank:volH4 × dev:volD1,6,sharpe,337.8,44.3,7.6,14/19,-12.5,0.68
rank:volH4 × rank:adxH1,6,sharpe,306.4,41.9,7.3,12/19,-15.0,0.65
rank:volH4 × dev:adxH1,6,sharpe,303.4,48.0,6.3,14/19,-13.5,0.64
rank:volH4 × rank:adxH4,6,sharpe,253.9,56.4,4.5,12/19,-15.7,0.54
rank:volH4 × dev:adxH4,6,sharpe,260.6,54.4,4.8,12/19,-14.4,0.61
rank:volH4 × rank:adxD1,6,sharpe,273.5,47.4,5.8,13/19,-13.7,0.61
rank:volH4 × dev:adxD1,6,sharpe,279.0,54.1,5.2,12/19,-13.0,0.6
rank:volH4 × rank:effH1,6,sharpe,254.1,50.1,5.1,12/19,-15.9,0.57
rank:volH4 × dev:effH1,6,sharpe,242.2,42.0,5.8,11/19,-10.7,0.58
rank:volH4 × rank:effH4,6,sharpe,302.3,50.3,6.0,11/19,-12.4,0.57
rank:volH4 × dev:effH4,6,sharpe,305.1,41.2,7.4,12/19,-11.3,0.68
rank:volH4 × rank:stackH4,6,sharpe,311.8,44.4,7.0,12/19,-10.7,0.68
rank:volH4 × rank:ribbonD1,6,sharpe,266.2,43.5,6.1,13/19,-15.7,0.58
rank:volH4 × dev:ribbonD1,6,sharpe,245.3,43.3,5.7,12/19,-11.9,0.61
rank:volH4 × rank:dayrange,6,sharpe,289.6,40.4,7.2,11/19,-10.7,0.63
rank:volH4 × dev:dayrange,6,sharpe,268.5,52.0,5.2,12/19,-12.7,0.57
rank:volH4 × rank:hour,6,sharpe,251.4,45.9,5.5,13/19,-11.8,0.56
rank:volH4 × rank:posH4,6,sharpe,283.5,41.2,6.9,11/19,-13.4,0.58
rank:volH4 × dev:posH4,6,sharpe,277.0,49.4,5.6,13/19,-14.1,0.64
rank:volH4 × rank:distD1,6,sharpe,265.1,37.3,7.1,12/19,-9.6,0.59
rank:volH4 × dev:distD1,6,sharpe,281.0,46.3,6.1,12/19,-11.4,0.62
rank:volH4 × rank:volume,6,sharpe,247.8,50.6,4.9,12/19,-12.8,0.56
rank:volH4 × dev:volume,6,sharpe,229.2,48.0,4.8,13/19,-11.5,0.57
rank:volH4 × rank:squeezeH1,6,sharpe,294.4,43.8,6.7,13/19,-11.4,0.62
rank:volH4 × dev:squeezeH1,6,sharpe,223.5,44.5,5.0,12/19,-11.8,0.53
dev:volH4 × rank:volD1,6,sharpe,345.6,33.4,10.3,13/19,-9.6,0.67
dev:volH4 × dev:volD1,6,sharpe,332.3,40.1,8.3,12/19,-10.9,0.64
dev:volH4 × rank:adxH1,6,sharpe,289.5,36.5,7.9,13/19,-13.0,0.63
dev:volH4 × dev:adxH1,6,sharpe,244.4,40.1,6.1,13/19,-11.5,0.61
dev:volH4 × rank:adxH4,6,sharpe,273.3,53.4,5.1,12/19,-15.9,0.59
dev:volH4 × dev:adxH4,6,sharpe,278.7,49.8,5.6,13/19,-11.6,0.63
dev:volH4 × rank:adxD1,6,sharpe,273.8,48.7,5.6,12/19,-15.5,0.61
dev:volH4 × dev:adxD1,6,sharpe,277.4,59.6,4.7,13/19,-16.0,0.58
dev:volH4 × rank:effH1,6,sharpe,268.3,43.7,6.1,12/19,-11.1,0.58
dev:volH4 × dev:effH1,6,sharpe,319.8,39.7,8.1,13/19,-11.5,0.63
dev:volH4 × rank:effH4,6,sharpe,311.5,44.4,7.0,13/19,-12.1,0.65
dev:volH4 × dev:effH4,6,sharpe,291.3,47.2,6.2,13/19,-14.0,0.65
dev:volH4 × rank:stackH4,6,sharpe,332.3,45.9,7.2,13/19,-10.1,0.63
dev:volH4 × rank:ribbonD1,6,sharpe,267.9,43.7,6.1,12/19,-10.9,0.59
dev:volH4 × dev:ribbonD1,6,sharpe,216.9,47.3,4.6,12/19,-11.9,0.54
dev:volH4 × rank:dayrange,6,sharpe,242.2,40.2,6.0,10/19,-8.9,0.56
dev:volH4 × dev:dayrange,6,sharpe,301.9,35.5,8.5,13/19,-11.4,0.66
dev:volH4 × rank:hour,6,sharpe,240.0,47.0,5.1,12/19,-9.8,0.56
dev:volH4 × rank:posH4,6,sharpe,303.7,46.8,6.5,13/19,-11.2,0.63
dev:volH4 × dev:posH4,6,sharpe,251.2,48.8,5.1,12/19,-13.6,0.61
dev:volH4 × rank:distD1,6,sharpe,217.8,47.1,4.6,12/19,-12.3,0.53
dev:volH4 × dev:distD1,6,sharpe,242.6,55.2,4.4,12/19,-14.4,0.56
dev:volH4 × rank:volume,6,sharpe,257.5,43.1,6.0,12/19,-11.4,0.59
dev:volH4 × dev:volume,6,sharpe,272.5,51.1,5.3,12/19,-10.8,0.61
dev:volH4 × rank:squeezeH1,6,sharpe,269.0,50.0,5.4,13/19,-14.2,0.6
dev:volH4 × dev:squeezeH1,6,sharpe,275.2,42.2,6.5,13/19,-11.5,0.65
rank:volD1 × dev:volD1,6,sharpe,348.0,24.0,14.5,12/19,-10.1,0.7
rank:volD1 × rank:adxH1,6,sharpe,312.6,24.2,12.9,14/19,-10.0,0.7
rank:volD1 × dev:adxH1,6,sharpe,295.5,26.4,11.2,13/19,-10.2,0.74
rank:volD1 × rank:adxH4,6,sharpe,303.5,33.1,9.2,12/19,-10.1,0.69
rank:volD1 × dev:adxH4,6,sharpe,306.9,33.0,9.3,13/19,-9.5,0.73
rank:volD1 × rank:adxD1,6,sharpe,264.2,39.3,6.7,12/19,-10.4,0.64
rank:volD1 × dev:adxD1,6,sharpe,295.5,46.6,6.3,14/19,-15.1,0.66
rank:volD1 × rank:effH1,6,sharpe,237.6,26.2,9.1,12/19,-12.9,0.62
rank:volD1 × dev:effH1,6,sharpe,286.1,29.0,9.9,12/19,-8.3,0.66
rank:volD1 × rank:effH4,6,sharpe,300.2,29.0,10.4,13/19,-9.8,0.75
rank:volD1 × dev:effH4,6,sharpe,274.6,27.1,10.1,13/19,-15.7,0.68
rank:volD1 × rank:stackH4,6,sharpe,256.7,30.6,8.4,12/19,-10.0,0.68
rank:volD1 × rank:ribbonD1,6,sharpe,299.5,41.3,7.3,12/19,-10.8,0.68
rank:volD1 × dev:ribbonD1,6,sharpe,278.1,39.2,7.1,14/19,-10.0,0.68
rank:volD1 × rank:dayrange,6,sharpe,318.9,29.8,10.7,14/19,-11.2,0.72
rank:volD1 × dev:dayrange,6,sharpe,245.7,33.0,7.4,11/19,-11.8,0.62
rank:volD1 × rank:hour,6,sharpe,272.6,29.0,9.4,14/19,-11.3,0.7
rank:volD1 × rank:posH4,6,sharpe,286.1,35.7,8.0,12/19,-11.3,0.7
rank:volD1 × dev:posH4,6,sharpe,265.8,36.3,7.3,12/19,-8.8,0.65
rank:volD1 × rank:distD1,6,sharpe,264.3,31.1,8.5,12/19,-10.1,0.71
rank:volD1 × dev:distD1,6,sharpe,318.9,34.6,9.2,14/19,-13.4,0.58
rank:volD1 × rank:volume,6,sharpe,293.6,35.6,8.2,14/19,-11.2,0.72
rank:volD1 × dev:volume,6,sharpe,287.1,26.9,10.7,12/19,-15.6,0.66
rank:volD1 × rank:squeezeH1,6,sharpe,275.2,30.7,9.0,13/19,-13.9,0.68
rank:volD1 × dev:squeezeH1,6,sharpe,270.0,24.2,11.2,13/19,-10.5,0.69
dev:volD1 × rank:adxH1,6,sharpe,326.4,25.4,12.9,10/19,-10.0,0.68
dev:volD1 × dev:adxH1,6,sharpe,285.0,35.9,7.9,12/19,-7.9,0.7
dev:volD1 × rank:adxH4,6,sharpe,302.0,40.4,7.5,13/19,-13.4,0.64
dev:volD1 × dev:adxH4,6,sharpe,300.1,36.7,8.2,11/19,-11.0,0.64
dev:volD1 × rank:adxD1,6,sharpe,301.6,40.1,7.5,13/19,-10.6,0.71
dev:volD1 × dev:adxD1,6,sharpe,288.3,37.4,7.7,13/19,-12.8,0.64
dev:volD1 × rank:effH1,6,sharpe,267.6,28.3,9.5,13/19,-9.5,0.66
dev:volD1 × dev:effH1,6,sharpe,343.4,33.8,10.2,13/19,-8.3,0.64
dev:volD1 × rank:effH4,6,sharpe,352.4,40.5,8.7,10/19,-10.2,0.65
dev:volD1 × dev:effH4,6,sharpe,301.6,33.5,9.0,12/19,-9.5,0.69
dev:volD1 × rank:stackH4,6,sharpe,339.4,36.6,9.3,12/19,-8.5,0.7
dev:volD1 × rank:ribbonD1,6,sharpe,276.2,48.5,5.7,11/19,-11.4,0.6
dev:volD1 × dev:ribbonD1,6,sharpe,281.2,37.5,7.5,11/19,-6.8,0.71
dev:volD1 × rank:dayrange,6,sharpe,306.2,34.2,9.0,11/19,-10.0,0.65
dev:volD1 × dev:dayrange,6,sharpe,286.8,37.4,7.7,13/19,-10.5,0.69
dev:volD1 × rank:hour,6,sharpe,260.2,38.1,6.8,11/19,-9.8,0.61
dev:volD1 × rank:posH4,6,sharpe,253.9,40.4,6.3,11/19,-10.8,0.6
dev:volD1 × dev:posH4,6,sharpe,294.9,34.5,8.5,12/19,-9.1,0.7
dev:volD1 × rank:distD1,6,sharpe,296.0,34.6,8.6,13/19,-13.3,0.65
dev:volD1 × dev:distD1,6,sharpe,291.1,36.1,8.1,12/19,-11.0,0.68
dev:volD1 × rank:volume,6,sharpe,271.8,40.5,6.7,12/19,-11.3,0.67
dev:volD1 × dev:volume,6,sharpe,331.1,31.4,10.5,11/19,-7.8,0.6
dev:volD1 × rank:squeezeH1,6,sharpe,278.0,38.3,7.3,14/19,-13.3,0.68
dev:volD1 × dev:squeezeH1,6,sharpe,253.9,38.0,6.7,13/19,-9.6,0.64
rank:adxH1 × dev:adxH1,6,sharpe,323.6,31.4,10.3,12/19,-9.2,0.76
rank:adxH1 × rank:adxH4,6,sharpe,317.4,38.5,8.2,13/19,-8.1,0.64
rank:adxH1 × dev:adxH4,6,sharpe,291.7,39.6,7.4,13/19,-10.8,0.65
rank:adxH1 × rank:adxD1,6,sharpe,266.9,46.7,5.7,12/19,-15.6,0.64
rank:adxH1 × dev:adxD1,6,sharpe,321.2,43.2,7.4,13/19,-13.4,0.71
rank:adxH1 × rank:effH1,6,sharpe,290.5,27.7,10.5,14/19,-9.7,0.67
rank:adxH1 × dev:effH1,6,sharpe,296.2,35.5,8.3,14/19,-13.6,0.67
rank:adxH1 × rank:effH4,6,sharpe,298.2,43.7,6.8,13/19,-13.7,0.65
rank:adxH1 × dev:effH4,6,sharpe,291.1,38.3,7.6,12/19,-10.0,0.66
rank:adxH1 × rank:stackH4,6,sharpe,291.7,35.7,8.2,12/19,-11.7,0.67
rank:adxH1 × rank:ribbonD1,6,sharpe,265.8,45.6,5.8,11/19,-13.0,0.64
rank:adxH1 × dev:ribbonD1,6,sharpe,310.6,34.0,9.1,13/19,-11.8,0.65
rank:adxH1 × rank:dayrange,6,sharpe,293.9,28.0,10.5,13/19,-10.2,0.69
rank:adxH1 × dev:dayrange,6,sharpe,289.7,27.6,10.5,13/19,-10.8,0.7
rank:adxH1 × rank:hour,6,sharpe,314.5,33.1,9.5,12/19,-12.2,0.6
rank:adxH1 × rank:posH4,6,sharpe,274.0,40.1,6.8,12/19,-13.9,0.54
rank:adxH1 × dev:posH4,6,sharpe,310.6,31.1,10.0,12/19,-11.7,0.68
rank:adxH1 × rank:distD1,6,sharpe,288.1,37.7,7.6,13/19,-12.3,0.7
rank:adxH1 × dev:distD1,6,sharpe,292.6,37.6,7.8,13/19,-11.8,0.64
rank:adxH1 × rank:volume,6,sharpe,280.3,38.4,7.3,13/19,-12.3,0.62
rank:adxH1 × dev:volume,6,sharpe,267.9,34.7,7.7,11/19,-12.1,0.58
rank:adxH1 × rank:squeezeH1,6,sharpe,284.7,39.2,7.3,14/19,-11.0,0.59
rank:adxH1 × dev:squeezeH1,6,sharpe,275.1,36.9,7.5,12/19,-12.1,0.63
dev:adxH1 × rank:adxH4,6,sharpe,250.9,45.6,5.5,13/19,-11.7,0.65
dev:adxH1 × dev:adxH4,6,sharpe,273.0,42.8,6.4,13/19,-10.8,0.63
dev:adxH1 × rank:adxD1,6,sharpe,246.0,60.0,4.1,13/19,-16.3,0.57
dev:adxH1 × dev:adxD1,6,sharpe,261.7,49.7,5.3,12/19,-15.9,0.58
dev:adxH1 × rank:effH1,6,sharpe,256.1,38.7,6.6,13/19,-11.9,0.64
dev:adxH1 × dev:effH1,6,sharpe,259.0,45.8,5.7,12/19,-12.6,0.57
dev:adxH1 × rank:effH4,6,sharpe,227.6,41.6,5.5,11/19,-9.5,0.58
dev:adxH1 × dev:effH4,6,sharpe,271.4,33.6,8.1,11/19,-8.2,0.64
dev:adxH1 × rank:stackH4,6,sharpe,261.3,44.5,5.9,13/19,-11.8,0.64
dev:adxH1 × rank:ribbonD1,6,sharpe,293.8,45.3,6.5,14/19,-16.6,0.66
dev:adxH1 × dev:ribbonD1,6,sharpe,240.6,37.5,6.4,12/19,-12.5,0.56
dev:adxH1 × rank:dayrange,6,sharpe,270.0,44.5,6.1,13/19,-16.0,0.62
dev:adxH1 × dev:dayrange,6,sharpe,245.5,45.0,5.5,13/19,-12.2,0.62
dev:adxH1 × rank:hour,6,sharpe,271.2,32.1,8.4,13/19,-9.1,0.67
dev:adxH1 × rank:posH4,6,sharpe,257.3,46.7,5.5,11/19,-11.1,0.56
dev:adxH1 × dev:posH4,6,sharpe,242.4,40.7,6.0,11/19,-9.7,0.6
dev:adxH1 × rank:distD1,6,sharpe,274.2,41.2,6.7,13/19,-11.0,0.66
dev:adxH1 × dev:distD1,6,sharpe,274.2,45.7,6.0,13/19,-11.2,0.6
dev:adxH1 × rank:volume,6,sharpe,247.8,38.5,6.4,14/19,-12.1,0.64
dev:adxH1 × dev:volume,6,sharpe,215.8,42.6,5.1,13/19,-11.0,0.62
dev:adxH1 × rank:squeezeH1,6,sharpe,258.6,37.3,6.9,12/19,-10.0,0.61
dev:adxH1 × dev:squeezeH1,6,sharpe,271.6,38.5,7.1,13/19,-10.2,0.6
rank:adxH4 × dev:adxH4,6,sharpe,289.1,44.1,6.6,12/19,-9.8,0.67
rank:adxH4 × rank:adxD1,6,sharpe,290.9,49.6,5.9,12/19,-13.8,0.63
rank:adxH4 × dev:adxD1,6,sharpe,254.9,53.7,4.7,12/19,-13.8,0.51
rank:adxH4 × rank:effH1,6,sharpe,271.7,41.4,6.6,12/19,-9.6,0.63
rank:adxH4 × dev:effH1,6,sharpe,312.6,47.4,6.6,13/19,-11.6,0.59
rank:adxH4 × rank:effH4,6,sharpe,259.7,43.5,6.0,12/19,-15.9,0.55
rank:adxH4 × dev:effH4,6,sharpe,272.0,42.5,6.4,12/19,-15.8,0.56
rank:adxH4 × rank:stackH4,6,sharpe,252.8,48.8,5.2,11/19,-15.3,0.57
rank:adxH4 × rank:ribbonD1,6,sharpe,267.9,38.8,6.9,12/19,-11.4,0.61
rank:adxH4 × dev:ribbonD1,6,sharpe,257.5,43.8,5.9,12/19,-11.4,0.57
rank:adxH4 × rank:dayrange,6,sharpe,332.9,34.5,9.6,15/19,-13.2,0.69
rank:adxH4 × dev:dayrange,6,sharpe,311.7,42.4,7.4,13/19,-14.8,0.67
rank:adxH4 × rank:hour,6,sharpe,255.1,45.1,5.7,13/19,-16.3,0.59
rank:adxH4 × rank:posH4,6,sharpe,246.5,49.9,4.9,12/19,-11.3,0.52
rank:adxH4 × dev:posH4,6,sharpe,233.9,44.4,5.3,12/19,-15.4,0.58
rank:adxH4 × rank:distD1,6,sharpe,253.0,47.8,5.3,13/19,-13.9,0.62
rank:adxH4 × dev:distD1,6,sharpe,289.3,41.4,7.0,13/19,-13.4,0.64
rank:adxH4 × rank:volume,6,sharpe,253.7,47.2,5.4,13/19,-15.3,0.54
rank:adxH4 × dev:volume,6,sharpe,267.8,47.0,5.7,12/19,-15.7,0.59
rank:adxH4 × rank:squeezeH1,6,sharpe,265.9,43.9,6.1,10/19,-13.0,0.6
rank:adxH4 × dev:squeezeH1,6,sharpe,270.8,43.3,6.3,13/19,-13.6,0.66
dev:adxH4 × rank:adxD1,6,sharpe,301.0,46.0,6.5,12/19,-11.6,0.65
dev:adxH4 × dev:adxD1,6,sharpe,297.9,42.2,7.1,12/19,-12.0,0.64
dev:adxH4 × rank:effH1,6,sharpe,286.0,34.1,8.4,12/19,-10.0,0.66
dev:adxH4 × dev:effH1,6,sharpe,268.0,47.8,5.6,12/19,-11.6,0.66
dev:adxH4 × rank:effH4,6,sharpe,253.3,43.9,5.8,13/19,-11.7,0.54
dev:adxH4 × dev:effH4,6,sharpe,271.6,42.2,6.4,12/19,-11.8,0.62
dev:adxH4 × rank:stackH4,6,sharpe,276.4,46.7,5.9,12/19,-12.7,0.66
dev:adxH4 × rank:ribbonD1,6,sharpe,276.3,38.3,7.2,12/19,-11.4,0.6
dev:adxH4 × dev:ribbonD1,6,sharpe,261.6,37.1,7.1,12/19,-13.3,0.61
dev:adxH4 × rank:dayrange,6,sharpe,273.7,31.2,8.8,14/19,-11.9,0.66
dev:adxH4 × dev:dayrange,6,sharpe,300.9,40.2,7.5,13/19,-12.4,0.65
dev:adxH4 × rank:hour,6,sharpe,246.1,45.7,5.4,12/19,-11.9,0.58
dev:adxH4 × rank:posH4,6,sharpe,276.8,51.1,5.4,13/19,-11.9,0.62
dev:adxH4 × dev:posH4,6,sharpe,245.9,48.7,5.0,12/19,-12.8,0.6
dev:adxH4 × rank:distD1,6,sharpe,261.7,49.3,5.3,14/19,-16.9,0.65
dev:adxH4 × dev:distD1,6,sharpe,271.7,38.1,7.1,13/19,-15.6,0.69
dev:adxH4 × rank:volume,6,sharpe,279.7,44.2,6.3,12/19,-13.1,0.62
dev:adxH4 × dev:volume,6,sharpe,275.3,46.9,5.9,13/19,-14.1,0.56
dev:adxH4 × rank:squeezeH1,6,sharpe,260.8,46.6,5.6,12/19,-11.0,0.62
dev:adxH4 × dev:squeezeH1,6,sharpe,249.3,44.2,5.6,12/19,-12.6,0.59
rank:adxD1 × dev:adxD1,6,sharpe,273.8,56.4,4.9,13/19,-15.7,0.63
rank:adxD1 × rank:effH1,6,sharpe,279.1,44.0,6.3,13/19,-12.3,0.63
rank:adxD1 × dev:effH1,6,sharpe,250.9,46.8,5.4,12/19,-12.1,0.62
rank:adxD1 × rank:effH4,6,sharpe,338.9,37.7,9.0,12/19,-13.8,0.71
rank:adxD1 × dev:effH4,6,sharpe,268.5,41.5,6.5,12/19,-18.1,0.6
rank:adxD1 × rank:stackH4,6,sharpe,253.5,54.2,4.7,13/19,-18.2,0.6
rank:adxD1 × rank:ribbonD1,6,sharpe,243.2,54.0,4.5,11/19,-12.9,0.53
rank:adxD1 × dev:ribbonD1,6,sharpe,239.0,48.4,4.9,12/19,-13.3,0.6
rank:adxD1 × rank:dayrange,6,sharpe,307.8,38.2,8.1,13/19,-10.0,0.68
rank:adxD1 × dev:dayrange,6,sharpe,266.6,52.5,5.1,13/19,-14.8,0.59
rank:adxD1 × rank:hour,6,sharpe,258.1,44.2,5.8,12/19,-11.5,0.61
rank:adxD1 × rank:posH4,6,sharpe,239.1,54.8,4.4,11/19,-17.3,0.54
rank:adxD1 × dev:posH4,6,sharpe,269.2,51.6,5.2,14/19,-15.3,0.6
rank:adxD1 × rank:distD1,6,sharpe,295.7,50.7,5.8,13/19,-11.3,0.67
rank:adxD1 × dev:distD1,6,sharpe,283.0,48.4,5.8,13/19,-13.8,0.63
rank:adxD1 × rank:volume,6,sharpe,244.5,47.3,5.2,11/19,-14.3,0.56
rank:adxD1 × dev:volume,6,sharpe,284.2,53.0,5.4,13/19,-13.3,0.61
rank:adxD1 × rank:squeezeH1,6,sharpe,249.9,51.2,4.9,12/19,-13.5,0.59
rank:adxD1 × dev:squeezeH1,6,sharpe,253.2,55.1,4.6,13/19,-15.5,0.6
dev:adxD1 × rank:effH1,6,sharpe,302.8,41.8,7.2,12/19,-11.5,0.63
dev:adxD1 × dev:effH1,6,sharpe,300.5,51.3,5.9,12/19,-15.1,0.61
dev:adxD1 × rank:effH4,6,sharpe,229.7,47.0,4.9,14/19,-16.2,0.55
dev:adxD1 × dev:effH4,6,sharpe,260.4,47.9,5.4,12/19,-16.2,0.54
dev:adxD1 × rank:stackH4,6,sharpe,267.3,50.5,5.3,12/19,-16.0,0.59
dev:adxD1 × rank:ribbonD1,6,sharpe,229.4,44.9,5.1,11/19,-13.0,0.54
dev:adxD1 × dev:ribbonD1,6,sharpe,253.9,47.2,5.4,13/19,-18.0,0.58
dev:adxD1 × rank:dayrange,6,sharpe,322.9,45.5,7.1,13/19,-13.8,0.66
dev:adxD1 × dev:dayrange,6,sharpe,287.7,49.8,5.8,13/19,-15.3,0.61
dev:adxD1 × rank:hour,6,sharpe,255.8,43.3,5.9,12/19,-13.6,0.57
dev:adxD1 × rank:posH4,6,sharpe,310.9,48.4,6.4,11/19,-11.0,0.63
dev:adxD1 × dev:posH4,6,sharpe,287.7,53.2,5.4,12/19,-17.4,0.59
dev:adxD1 × rank:distD1,6,sharpe,246.2,48.2,5.1,12/19,-12.1,0.57
dev:adxD1 × dev:distD1,6,sharpe,261.1,50.0,5.2,12/19,-13.6,0.59
dev:adxD1 × rank:volume,6,sharpe,252.3,53.4,4.7,14/19,-16.0,0.52
dev:adxD1 × dev:volume,6,sharpe,247.3,48.7,5.1,12/19,-16.0,0.57
dev:adxD1 × rank:squeezeH1,6,sharpe,281.7,52.0,5.4,14/19,-15.7,0.63
dev:adxD1 × dev:squeezeH1,6,sharpe,226.5,50.1,4.5,13/19,-16.1,0.53
rank:effH1 × dev:effH1,6,sharpe,245.6,45.2,5.4,11/19,-13.0,0.52
rank:effH1 × rank:effH4,6,sharpe,304.0,39.7,7.7,14/19,-8.5,0.67
rank:effH1 × dev:effH4,6,sharpe,307.4,38.1,8.1,13/19,-8.5,0.56
rank:effH1 × rank:stackH4,6,sharpe,243.8,35.1,6.9,12/19,-12.1,0.54
rank:effH1 × rank:ribbonD1,6,sharpe,236.8,49.5,4.8,12/19,-13.3,0.55
rank:effH1 × dev:ribbonD1,6,sharpe,247.7,38.1,6.5,14/19,-13.0,0.61
rank:effH1 × rank:dayrange,6,sharpe,315.1,31.0,10.2,12/19,-13.2,0.68
rank:effH1 × dev:dayrange,6,sharpe,274.0,43.4,6.3,12/19,-12.5,0.59
rank:effH1 × rank:hour,6,sharpe,292.4,38.5,7.6,11/19,-11.0,0.56
rank:effH1 × rank:posH4,6,sharpe,246.2,44.0,5.6,12/19,-10.8,0.54
rank:effH1 × dev:posH4,6,sharpe,246.8,42.3,5.8,12/19,-12.1,0.55
rank:effH1 × rank:distD1,6,sharpe,282.3,40.4,7.0,14/19,-9.8,0.64
rank:effH1 × dev:distD1,6,sharpe,243.6,40.5,6.0,11/19,-9.9,0.55
rank:effH1 × rank:volume,6,sharpe,250.5,40.3,6.2,13/19,-11.5,0.6
rank:effH1 × dev:volume,6,sharpe,221.6,38.7,5.7,11/19,-9.3,0.57
rank:effH1 × rank:squeezeH1,6,sharpe,232.6,40.7,5.7,12/19,-10.6,0.53
rank:effH1 × dev:squeezeH1,6,sharpe,234.7,33.9,6.9,12/19,-10.2,0.55
dev:effH1 × rank:effH4,6,sharpe,268.7,52.0,5.2,12/19,-17.3,0.58
dev:effH1 × dev:effH4,6,sharpe,248.8,41.2,6.0,12/19,-10.2,0.57
dev:effH1 × rank:stackH4,6,sharpe,257.9,39.7,6.5,14/19,-13.9,0.58
dev:effH1 × rank:ribbonD1,6,sharpe,267.4,57.2,4.7,13/19,-13.3,0.55
dev:effH1 × dev:ribbonD1,6,sharpe,269.5,37.7,7.1,12/19,-9.0,0.63
dev:effH1 × rank:dayrange,6,sharpe,296.2,43.4,6.8,14/19,-12.1,0.69
dev:effH1 × dev:dayrange,6,sharpe,257.7,42.6,6.0,13/19,-12.5,0.63
dev:effH1 × rank:hour,6,sharpe,254.2,34.7,7.3,13/19,-12.0,0.62
dev:effH1 × rank:posH4,6,sharpe,285.0,49.5,5.8,13/19,-13.4,0.56
dev:effH1 × dev:posH4,6,sharpe,320.3,42.3,7.6,11/19,-10.0,0.56
dev:effH1 × rank:distD1,6,sharpe,263.8,46.7,5.6,13/19,-15.3,0.61
dev:effH1 × dev:distD1,6,sharpe,297.2,40.0,7.4,13/19,-12.6,0.55
dev:effH1 × rank:volume,6,sharpe,264.2,38.3,6.9,11/19,-10.7,0.54
dev:effH1 × dev:volume,6,sharpe,269.1,36.6,7.4,13/19,-13.8,0.62
dev:effH1 × rank:squeezeH1,6,sharpe,237.5,41.4,5.7,12/19,-12.2,0.54
dev:effH1 × dev:squeezeH1,6,sharpe,305.8,42.3,7.2,13/19,-10.7,0.63
rank:effH4 × dev:effH4,6,sharpe,284.5,44.2,6.4,12/19,-10.6,0.59
rank:effH4 × rank:stackH4,6,sharpe,293.4,44.8,6.5,14/19,-12.5,0.63
rank:effH4 × rank:ribbonD1,6,sharpe,256.9,46.4,5.5,12/19,-12.0,0.57
rank:effH4 × dev:ribbonD1,6,sharpe,297.4,37.6,7.9,13/19,-9.4,0.65
rank:effH4 × rank:dayrange,6,sharpe,327.4,32.7,10.0,14/19,-8.9,0.7
rank:effH4 × dev:dayrange,6,sharpe,291.8,33.2,8.8,12/19,-10.0,0.61
rank:effH4 × rank:hour,6,sharpe,242.0,45.5,5.3,13/19,-13.8,0.59
rank:effH4 × rank:posH4,6,sharpe,261.2,41.2,6.3,12/19,-11.5,0.54
rank:effH4 × dev:posH4,6,sharpe,243.9,46.1,5.3,13/19,-14.4,0.53
rank:effH4 × rank:distD1,6,sharpe,244.1,46.1,5.3,13/19,-16.8,0.62
rank:effH4 × dev:distD1,6,sharpe,282.3,44.4,6.4,13/19,-15.3,0.61
rank:effH4 × rank:volume,6,sharpe,271.5,37.2,7.3,12/19,-13.3,0.65
rank:effH4 × dev:volume,6,sharpe,252.0,43.3,5.8,13/19,-12.9,0.51
rank:effH4 × rank:squeezeH1,6,sharpe,268.1,34.1,7.9,13/19,-10.0,0.59
rank:effH4 × dev:squeezeH1,6,sharpe,247.4,38.5,6.4,12/19,-13.8,0.58
dev:effH4 × rank:stackH4,6,sharpe,294.1,43.1,6.8,12/19,-12.5,0.59
dev:effH4 × rank:ribbonD1,6,sharpe,231.8,44.8,5.2,10/19,-11.4,0.58
dev:effH4 × dev:ribbonD1,6,sharpe,301.2,37.3,8.1,14/19,-11.6,0.67
dev:effH4 × rank:dayrange,6,sharpe,327.4,28.3,11.6,12/19,-9.5,0.71
dev:effH4 × dev:dayrange,6,sharpe,292.9,37.2,7.9,13/19,-12.7,0.63
dev:effH4 × rank:hour,6,sharpe,255.7,35.2,7.3,13/19,-10.9,0.6
dev:effH4 × rank:posH4,6,sharpe,264.8,39.6,6.7,10/19,-12.6,0.59
dev:effH4 × dev:posH4,6,sharpe,301.9,35.6,8.5,11/19,-9.3,0.62
dev:effH4 × rank:distD1,6,sharpe,295.3,40.2,7.3,11/19,-9.2,0.64
dev:effH4 × dev:distD1,6,sharpe,299.3,46.2,6.5,12/19,-16.6,0.6
dev:effH4 × rank:volume,6,sharpe,276.3,46.9,5.9,13/19,-12.0,0.6
dev:effH4 × dev:volume,6,sharpe,273.0,44.0,6.2,12/19,-11.1,0.56
dev:effH4 × rank:squeezeH1,6,sharpe,294.3,36.5,8.1,12/19,-10.6,0.62
dev:effH4 × dev:squeezeH1,6,sharpe,298.0,34.1,8.7,12/19,-13.1,0.64
rank:stackH4 × rank:ribbonD1,6,sharpe,257.3,43.5,5.9,13/19,-12.0,0.6
rank:stackH4 × dev:ribbonD1,6,sharpe,231.4,45.3,5.1,13/19,-11.5,0.55
rank:stackH4 × rank:dayrange,6,sharpe,267.9,39.2,6.8,11/19,-10.2,0.56
rank:stackH4 × dev:dayrange,6,sharpe,263.1,46.9,5.6,13/19,-13.7,0.57
rank:stackH4 × rank:hour,6,sharpe,275.2,39.7,6.9,11/19,-10.7,0.59
rank:stackH4 × rank:posH4,6,sharpe,273.6,48.9,5.6,12/19,-13.6,0.56
rank:stackH4 × dev:posH4,6,sharpe,266.1,53.5,5.0,12/19,-14.0,0.59
rank:stackH4 × rank:distD1,6,sharpe,271.1,42.8,6.3,12/19,-17.8,0.65
rank:stackH4 × dev:distD1,6,sharpe,277.7,37.5,7.4,13/19,-14.9,0.62
rank:stackH4 × rank:volume,6,sharpe,278.9,39.1,7.1,15/19,-12.8,0.65
rank:stackH4 × dev:volume,6,sharpe,249.4,49.3,5.1,13/19,-14.6,0.57
rank:stackH4 × rank:squeezeH1,6,sharpe,202.1,43.1,4.7,12/19,-9.6,0.51
rank:stackH4 × dev:squeezeH1,6,sharpe,236.6,41.1,5.8,12/19,-9.4,0.59
rank:ribbonD1 × dev:ribbonD1,6,sharpe,274.1,45.8,6.0,13/19,-11.4,0.65
rank:ribbonD1 × rank:dayrange,6,sharpe,314.0,41.6,7.5,14/19,-11.6,0.64
rank:ribbonD1 × dev:dayrange,6,sharpe,259.4,43.6,5.9,12/19,-11.7,0.57
rank:ribbonD1 × rank:hour,6,sharpe,271.4,41.8,6.5,11/19,-12.8,0.6
rank:ribbonD1 × rank:posH4,6,sharpe,231.4,53.9,4.3,10/19,-16.8,0.5
rank:ribbonD1 × dev:posH4,6,sharpe,259.7,46.3,5.6,12/19,-14.9,0.58
rank:ribbonD1 × rank:distD1,6,sharpe,277.8,40.6,6.8,13/19,-14.0,0.63
rank:ribbonD1 × dev:distD1,6,sharpe,276.2,41.3,6.7,11/19,-9.4,0.63
rank:ribbonD1 × rank:volume,6,sharpe,294.9,50.9,5.8,12/19,-12.3,0.62
rank:ribbonD1 × dev:volume,6,sharpe,242.7,45.7,5.3,12/19,-14.9,0.59
rank:ribbonD1 × rank:squeezeH1,6,sharpe,265.9,51.6,5.2,13/19,-13.7,0.59
rank:ribbonD1 × dev:squeezeH1,6,sharpe,251.5,50.9,4.9,12/19,-12.9,0.55
dev:ribbonD1 × rank:dayrange,6,sharpe,278.0,37.9,7.3,12/19,-12.9,0.54
dev:ribbonD1 × dev:dayrange,6,sharpe,225.8,40.2,5.6,13/19,-9.9,0.57
dev:ribbonD1 × rank:hour,6,sharpe,233.8,34.3,6.8,11/19,-11.5,0.58
dev:ribbonD1 × rank:posH4,6,sharpe,253.9,39.1,6.5,12/19,-9.8,0.56
dev:ribbonD1 × dev:posH4,6,sharpe,237.2,45.1,5.3,11/19,-11.5,0.53
dev:ribbonD1 × rank:distD1,6,sharpe,283.1,35.9,7.9,13/19,-10.6,0.65
dev:ribbonD1 × dev:distD1,6,sharpe,268.9,37.9,7.1,14/19,-14.4,0.6
dev:ribbonD1 × rank:volume,6,sharpe,257.3,37.6,6.8,13/19,-13.1,0.59
dev:ribbonD1 × dev:volume,6,sharpe,203.3,40.8,5.0,12/19,-12.9,0.55
dev:ribbonD1 × rank:squeezeH1,6,sharpe,251.0,34.4,7.3,12/19,-10.0,0.62
dev:ribbonD1 × dev:squeezeH1,6,sharpe,243.6,39.4,6.2,11/19,-10.1,0.62
rank:dayrange × dev:dayrange,6,sharpe,283.2,36.8,7.7,13/19,-9.1,0.63
rank:dayrange × rank:hour,6,sharpe,302.0,39.9,7.6,12/19,-10.5,0.62
rank:dayrange × rank:posH4,6,sharpe,305.4,38.4,8.0,12/19,-12.3,0.68
rank:dayrange × dev:posH4,6,sharpe,291.1,31.7,9.2,12/19,-10.5,0.7
rank:dayrange × rank:distD1,6,sharpe,271.5,35.1,7.7,15/19,-13.7,0.7
rank:dayrange × dev:distD1,6,sharpe,290.0,32.7,8.9,14/19,-12.1,0.59
rank:dayrange × rank:volume,6,sharpe,326.7,39.3,8.3,13/19,-11.8,0.61
rank:dayrange × dev:volume,6,sharpe,281.6,38.2,7.4,12/19,-11.2,0.58
rank:dayrange × rank:squeezeH1,6,sharpe,264.7,45.4,5.8,13/19,-11.2,0.58
rank:dayrange × dev:squeezeH1,6,sharpe,271.3,44.1,6.2,12/19,-11.3,0.61
dev:dayrange × rank:hour,6,sharpe,270.5,37.0,7.3,14/19,-15.2,0.62
dev:dayrange × rank:posH4,6,sharpe,268.1,37.8,7.1,12/19,-10.0,0.61
dev:dayrange × dev:posH4,6,sharpe,283.8,35.3,8.0,14/19,-10.2,0.7
dev:dayrange × rank:distD1,6,sharpe,258.5,30.8,8.4,13/19,-11.5,0.6
dev:dayrange × dev:distD1,6,sharpe,306.9,35.6,8.6,12/19,-11.7,0.64
dev:dayrange × rank:volume,6,sharpe,259.2,44.9,5.8,13/19,-10.5,0.63
dev:dayrange × dev:volume,6,sharpe,265.7,35.6,7.5,14/19,-11.6,0.61
dev:dayrange × rank:squeezeH1,6,sharpe,245.7,46.9,5.2,11/19,-10.2,0.55
dev:dayrange × dev:squeezeH1,6,sharpe,236.2,41.0,5.8,11/19,-9.9,0.58
rank:hour × rank:posH4,6,sharpe,261.2,34.3,7.6,12/19,-9.8,0.57
rank:hour × dev:posH4,6,sharpe,247.2,38.2,6.5,12/19,-11.9,0.57
rank:hour × rank:distD1,6,sharpe,248.4,44.5,5.6,12/19,-11.0,0.59
rank:hour × dev:distD1,6,sharpe,259.2,32.1,8.1,13/19,-12.3,0.63
rank:hour × rank:volume,6,sharpe,249.4,41.9,6.0,11/19,-10.1,0.59
rank:hour × dev:volume,6,sharpe,267.2,38.6,6.9,13/19,-10.4,0.57
rank:hour × rank:squeezeH1,6,sharpe,249.1,37.4,6.7,12/19,-15.1,0.59
rank:hour × dev:squeezeH1,6,sharpe,281.4,39.4,7.1,13/19,-13.9,0.6
rank:posH4 × dev:posH4,6,sharpe,270.7,44.2,6.1,12/19,-11.1,0.59
rank:posH4 × rank:distD1,6,sharpe,251.2,35.4,7.1,13/19,-13.1,0.66
rank:posH4 × dev:distD1,6,sharpe,319.6,42.3,7.6,13/19,-12.0,0.66
rank:posH4 × rank:volume,6,sharpe,279.5,35.7,7.8,14/19,-13.4,0.67
rank:posH4 × dev:volume,6,sharpe,275.5,45.1,6.1,13/19,-13.7,0.57
rank:posH4 × rank:squeezeH1,6,sharpe,238.8,41.7,5.7,12/19,-11.6,0.56
rank:posH4 × dev:squeezeH1,6,sharpe,298.7,42.6,7.0,13/19,-9.1,0.67
dev:posH4 × rank:distD1,6,sharpe,266.1,36.4,7.3,14/19,-12.4,0.73
dev:posH4 × dev:distD1,6,sharpe,276.6,51.8,5.3,13/19,-15.8,0.59
dev:posH4 × rank:volume,6,sharpe,288.4,42.8,6.7,14/19,-10.9,0.59
dev:posH4 × dev:volume,6,sharpe,250.0,46.4,5.4,13/19,-12.0,0.56
dev:posH4 × rank:squeezeH1,6,sharpe,206.3,49.4,4.2,12/19,-11.3,0.55
dev:posH4 × dev:squeezeH1,6,sharpe,275.3,38.5,7.2,11/19,-11.7,0.61
rank:distD1 × dev:distD1,6,sharpe,248.8,46.0,5.4,13/19,-15.5,0.58
rank:distD1 × rank:volume,6,sharpe,250.9,40.4,6.2,13/19,-11.3,0.58
rank:distD1 × dev:volume,6,sharpe,262.2,36.1,7.3,12/19,-12.2,0.64
rank:distD1 × rank:squeezeH1,6,sharpe,226.9,41.0,5.5,12/19,-11.2,0.58
rank:distD1 × dev:squeezeH1,6,sharpe,274.6,35.8,7.7,13/19,-14.6,0.68
dev:distD1 × rank:volume,6,sharpe,256.3,43.9,5.8,11/19,-11.7,0.54
dev:distD1 × dev:volume,6,sharpe,293.0,46.5,6.3,11/19,-16.3,0.49
dev:distD1 × rank:squeezeH1,6,sharpe,228.5,44.2,5.2,12/19,-14.2,0.54
dev:distD1 × dev:squeezeH1,6,sharpe,262.7,33.6,7.8,14/19,-10.4,0.58
rank:volume × dev:volume,6,sharpe,275.3,45.0,6.1,14/19,-11.0,0.65
rank:volume × rank:squeezeH1,6,sharpe,233.5,44.8,5.2,14/19,-11.4,0.56
rank:volume × dev:squeezeH1,6,sharpe,275.0,40.2,6.8,12/19,-12.6,0.57
dev:volume × rank:squeezeH1,6,sharpe,202.3,41.6,4.9,11/19,-11.3,0.53
dev:volume × dev:squeezeH1,6,sharpe,238.0,45.1,5.3,13/19,-10.4,0.6
rank:squeezeH1 × dev:squeezeH1,6,sharpe,224.7,43.8,5.1,13/19,-11.4,0.56
none,3,mean,334.7,56.1,6.0,12/19,-18.0,0.57
rank:volH1,3,mean,341.7,50.1,6.8,12/19,-15.0,0.57
dev:volH1,3,mean,285.4,63.5,4.5,11/19,-18.0,0.53
rank:volH4,3,mean,315.1,60.8,5.2,12/19,-17.2,0.57
dev:volH4,3,mean,288.0,61.0,4.7,12/19,-18.1,0.57
rank:volD1,3,mean,422.0,46.6,9.1,12/19,-18.1,0.64
dev:volD1,3,mean,372.2,39.7,9.4,11/19,-10.3,0.62
rank:adxH1,3,mean,368.8,53.1,6.9,11/19,-16.6,0.58
dev:adxH1,3,mean,340.4,49.8,6.8,11/19,-16.0,0.56
rank:adxH4,3,mean,361.7,56.0,6.5,11/19,-15.9,0.52
dev:adxH4,3,mean,338.7,49.4,6.9,12/19,-13.3,0.54
rank:adxD1,3,mean,306.1,59.7,5.1,13/19,-14.8,0.58
dev:adxD1,3,mean,329.9,49.3,6.7,12/19,-16.0,0.55
rank:effH1,3,mean,296.6,50.8,5.8,12/19,-15.1,0.53
dev:effH1,3,mean,329.0,56.6,5.8,12/19,-17.6,0.6
rank:effH4,3,mean,291.7,57.2,5.1,13/19,-18.1,0.58
dev:effH4,3,mean,324.5,50.4,6.4,12/19,-19.4,0.6
rank:stackH4,3,mean,353.9,56.1,6.3,12/19,-18.0,0.6
rank:ribbonD1,3,mean,271.6,62.5,4.3,10/19,-16.8,0.46
dev:ribbonD1,3,mean,258.1,59.2,4.4,10/19,-15.8,0.51
rank:dayrange,3,mean,380.7,41.7,9.1,12/19,-13.3,0.62
dev:dayrange,3,mean,315.9,51.6,6.1,10/19,-16.4,0.53
rank:hour,3,mean,328.6,53.1,6.2,12/19,-15.2,0.55
rank:posH4,3,mean,338.8,60.4,5.6,11/19,-18.8,0.63
dev:posH4,3,mean,347.6,58.4,6.0,12/19,-17.1,0.56
rank:distD1,3,mean,274.5,57.8,4.7,13/19,-20.5,0.58
dev:distD1,3,mean,339.3,47.9,7.1,12/19,-18.2,0.56
rank:volume,3,mean,373.1,58.4,6.4,14/19,-20.3,0.53
dev:volume,3,mean,348.0,52.0,6.7,13/19,-18.0,0.51
rank:squeezeH1,3,mean,297.3,62.6,4.7,12/19,-16.5,0.51
dev:squeezeH1,3,mean,324.0,57.8,5.6,12/19,-16.3,0.57
rank:volH1 × dev:volH1,3,mean,282.0,59.9,4.7,12/19,-17.1,0.56
rank:volH1 × rank:volH4,3,mean,289.1,61.4,4.7,13/19,-16.2,0.56
rank:volH1 × dev:volH4,3,mean,292.9,49.9,5.9,11/19,-11.4,0.55
rank:volH1 × rank:volD1,3,mean,403.2,45.8,8.8,12/19,-11.0,0.56
rank:volH1 × dev:volD1,3,mean,336.8,47.2,7.1,11/19,-11.8,0.57
rank:volH1 × rank:adxH1,3,mean,365.5,51.1,7.2,10/19,-13.7,0.54
rank:volH1 × dev:adxH1,3,mean,363.2,51.0,7.1,12/19,-12.8,0.54
rank:volH1 × rank:adxH4,3,mean,339.0,54.8,6.2,11/19,-15.8,0.54
rank:volH1 × dev:adxH4,3,mean,327.2,56.0,5.8,13/19,-15.5,0.53
rank:volH1 × rank:adxD1,3,mean,282.8,54.8,5.2,12/19,-14.1,0.56
rank:volH1 × dev:adxD1,3,mean,349.3,55.6,6.3,11/19,-17.1,0.5
rank:volH1 × rank:effH1,3,mean,341.4,53.4,6.4,11/19,-14.8,0.54
rank:volH1 × dev:effH1,3,mean,335.2,58.2,5.8,12/19,-17.2,0.58
rank:volH1 × rank:effH4,3,mean,341.9,55.0,6.2,13/19,-19.2,0.62
rank:volH1 × dev:effH4,3,mean,339.1,52.3,6.5,10/19,-16.1,0.54
rank:volH1 × rank:stackH4,3,mean,336.1,50.1,6.7,12/19,-15.0,0.56
rank:volH1 × rank:ribbonD1,3,mean,263.0,57.2,4.6,11/19,-18.4,0.48
rank:volH1 × dev:ribbonD1,3,mean,266.6,53.2,5.0,10/19,-15.0,0.48
rank:volH1 × rank:dayrange,3,mean,349.7,46.1,7.6,12/19,-12.3,0.59
rank:volH1 × dev:dayrange,3,mean,296.7,54.0,5.5,12/19,-17.5,0.52
rank:volH1 × rank:hour,3,mean,278.7,56.1,5.0,14/19,-16.9,0.51
rank:volH1 × rank:posH4,3,mean,368.6,56.2,6.6,11/19,-14.3,0.55
rank:volH1 × dev:posH4,3,mean,348.9,57.2,6.1,11/19,-16.6,0.54
rank:volH1 × rank:distD1,3,mean,260.6,56.1,4.6,11/19,-16.2,0.55
rank:volH1 × dev:distD1,3,mean,333.9,45.7,7.3,11/19,-15.8,0.56
rank:volH1 × rank:volume,3,mean,353.4,61.1,5.8,13/19,-18.3,0.52
rank:volH1 × dev:volume,3,mean,376.4,52.1,7.2,12/19,-14.7,0.55
rank:volH1 × rank:squeezeH1,3,mean,363.8,55.3,6.6,11/19,-16.2,0.55
rank:volH1 × dev:squeezeH1,3,mean,306.7,55.6,5.5,12/19,-16.4,0.55
dev:volH1 × rank:volH4,3,mean,266.9,60.9,4.4,13/19,-15.0,0.52
dev:volH1 × dev:volH4,3,mean,254.6,58.3,4.4,12/19,-16.5,0.52
dev:volH1 × rank:volD1,3,mean,291.7,51.8,5.6,11/19,-18.1,0.58
dev:volH1 × dev:volD1,3,mean,335.7,45.3,7.4,13/19,-13.9,0.65
dev:volH1 × rank:adxH1,3,mean,330.6,52.6,6.3,11/19,-14.5,0.56
dev:volH1 × dev:adxH1,3,mean,348.6,55.8,6.2,11/19,-15.1,0.53
dev:volH1 × rank:adxH4,3,mean,288.3,56.7,5.1,12/19,-19.2,0.56
dev:volH1 × dev:adxH4,3,mean,348.2,58.5,6.0,12/19,-16.3,0.56
dev:volH1 × rank:adxD1,3,mean,288.3,62.7,4.6,12/19,-15.9,0.5
dev:volH1 × dev:adxD1,3,mean,311.0,58.3,5.3,12/19,-17.0,0.54
dev:volH1 × rank:effH1,3,mean,307.0,55.1,5.6,11/19,-17.0,0.51
dev:volH1 × dev:effH1,3,mean,341.3,56.2,6.1,12/19,-18.1,0.63
dev:volH1 × rank:effH4,3,mean,337.4,60.2,5.6,13/19,-19.2,0.59
dev:volH1 × dev:effH4,3,mean,348.7,59.6,5.9,12/19,-15.7,0.58
dev:volH1 × rank:stackH4,3,mean,289.1,63.0,4.6,11/19,-18.0,0.53
dev:volH1 × rank:ribbonD1,3,mean,304.9,57.2,5.3,10/19,-17.0,0.53
dev:volH1 × dev:ribbonD1,3,mean,302.2,62.3,4.9,12/19,-17.5,0.52
dev:volH1 × rank:dayrange,3,mean,330.7,53.0,6.2,11/19,-17.0,0.58
dev:volH1 × dev:dayrange,3,mean,309.6,55.5,5.6,11/19,-18.0,0.53
dev:volH1 × rank:hour,3,mean,278.9,56.6,4.9,11/19,-14.2,0.58
dev:volH1 × rank:posH4,3,mean,377.8,59.7,6.3,12/19,-18.7,0.57
dev:volH1 × dev:posH4,3,mean,298.7,51.9,5.8,12/19,-13.9,0.59
dev:volH1 × rank:distD1,3,mean,277.1,59.3,4.7,12/19,-20.4,0.55
dev:volH1 × dev:distD1,3,mean,309.7,51.0,6.1,12/19,-19.7,0.55
dev:volH1 × rank:volume,3,mean,326.0,60.1,5.4,14/19,-17.0,0.57
dev:volH1 × dev:volume,3,mean,280.0,62.2,4.5,12/19,-19.2,0.53
dev:volH1 × rank:squeezeH1,3,mean,281.9,56.0,5.0,11/19,-13.7,0.54
dev:volH1 × dev:squeezeH1,3,mean,304.8,58.7,5.2,12/19,-19.1,0.57
rank:volH4 × dev:volH4,3,mean,290.6,58.4,5.0,12/19,-17.2,0.56
rank:volH4 × rank:volD1,3,mean,315.1,46.2,6.8,10/19,-12.2,0.58
rank:volH4 × dev:volD1,3,mean,303.2,49.6,6.1,12/19,-12.8,0.59
rank:volH4 × rank:adxH1,3,mean,332.4,50.5,6.6,11/19,-16.0,0.59
rank:volH4 × dev:adxH1,3,mean,328.3,55.7,5.9,12/19,-13.0,0.53
rank:volH4 × rank:adxH4,3,mean,325.2,59.2,5.5,10/19,-16.9,0.54
rank:volH4 × dev:adxH4,3,mean,310.2,55.7,5.6,13/19,-15.7,0.53
rank:volH4 × rank:adxD1,3,mean,323.2,58.1,5.6,11/19,-16.1,0.59
rank:volH4 × dev:adxD1,3,mean,324.8,55.9,5.8,12/19,-16.0,0.57
rank:volH4 × rank:effH1,3,mean,308.8,58.1,5.3,10/19,-16.4,0.55
rank:volH4 × dev:effH1,3,mean,301.3,56.5,5.3,13/19,-17.1,0.62
rank:volH4 × rank:effH4,3,mean,269.4,55.3,4.9,11/19,-17.6,0.51
rank:volH4 × dev:effH4,3,mean,295.5,56.2,5.3,11/19,-17.8,0.54
rank:volH4 × rank:stackH4,3,mean,315.2,61.4,5.1,12/19,-17.2,0.57
rank:volH4 × rank:ribbonD1,3,mean,261.7,61.2,4.3,12/19,-16.8,0.55
rank:volH4 × dev:ribbonD1,3,mean,312.8,60.6,5.2,11/19,-13.5,0.55
rank:volH4 × rank:dayrange,3,mean,339.5,52.1,6.5,11/19,-14.6,0.53
rank:volH4 × dev:dayrange,3,mean,313.7,54.1,5.8,11/19,-16.2,0.55
rank:volH4 × rank:hour,3,mean,313.9,53.8,5.8,11/19,-16.8,0.54
rank:volH4 × rank:posH4,3,mean,284.0,65.6,4.3,12/19,-16.9,0.54
rank:volH4 × dev:posH4,3,mean,291.4,63.0,4.6,13/19,-17.9,0.55
rank:volH4 × rank:distD1,3,mean,309.9,50.8,6.1,11/19,-18.8,0.57
rank:volH4 × dev:distD1,3,mean,250.8,56.2,4.5,10/19,-14.4,0.56
rank:volH4 × rank:volume,3,mean,333.0,61.8,5.4,14/19,-16.2,0.57
rank:volH4 × dev:volume,3,mean,270.7,59.5,4.5,11/19,-15.0,0.52
rank:volH4 × rank:squeezeH1,3,mean,283.5,65.1,4.4,11/19,-17.7,0.56
rank:volH4 × dev:squeezeH1,3,mean,260.7,64.1,4.1,11/19,-16.7,0.53
dev:volH4 × rank:volD1,3,mean,341.3,51.6,6.6,11/19,-14.3,0.62
dev:volH4 × dev:volD1,3,mean,305.6,55.4,5.5,12/19,-16.0,0.59
dev:volH4 × rank:adxH1,3,mean,332.0,48.5,6.8,11/19,-13.8,0.64
dev:volH4 × dev:adxH1,3,mean,290.8,55.6,5.2,11/19,-13.4,0.56
dev:volH4 × rank:adxH4,3,mean,332.9,51.5,6.5,10/19,-15.9,0.51
dev:volH4 × dev:adxH4,3,mean,313.8,55.8,5.6,11/19,-18.8,0.49
dev:volH4 × rank:adxD1,3,mean,208.6,60.0,3.5,13/19,-17.1,0.53
dev:volH4 × dev:adxD1,3,mean,291.5,61.2,4.8,12/19,-18.0,0.62
dev:volH4 × rank:effH1,3,mean,319.8,51.4,6.2,13/19,-15.2,0.59
dev:volH4 × dev:effH1,3,mean,303.4,61.3,4.9,11/19,-18.2,0.61
dev:volH4 × rank:effH4,3,mean,324.0,52.8,6.1,12/19,-16.4,0.6
dev:volH4 × dev:effH4,3,mean,313.9,54.2,5.8,12/19,-16.7,0.59
dev:volH4 × rank:stackH4,3,mean,290.0,60.5,4.8,12/19,-18.1,0.57
dev:volH4 × rank:ribbonD1,3,mean,261.2,59.8,4.4,12/19,-17.1,0.6
dev:volH4 × dev:ribbonD1,3,mean,233.1,58.9,4.0,10/19,-16.9,0.53
dev:volH4 × rank:dayrange,3,mean,277.7,49.0,5.7,12/19,-13.4,0.58
dev:volH4 × dev:dayrange,3,mean,299.2,52.6,5.7,13/19,-15.8,0.6
dev:volH4 × rank:hour,3,mean,237.4,53.3,4.5,12/19,-15.8,0.57
dev:volH4 × rank:posH4,3,mean,258.2,59.6,4.3,11/19,-18.7,0.55
dev:volH4 × dev:posH4,3,mean,269.4,53.3,5.1,12/19,-15.8,0.61
dev:volH4 × rank:distD1,3,mean,184.6,56.2,3.3,11/19,-18.0,0.52
dev:volH4 × dev:distD1,3,mean,287.6,50.8,5.7,11/19,-14.9,0.58
dev:volH4 × rank:volume,3,mean,249.0,56.5,4.4,13/19,-16.4,0.59
dev:volH4 × dev:volume,3,mean,264.8,57.7,4.6,13/19,-15.4,0.61
dev:volH4 × rank:squeezeH1,3,mean,241.2,60.1,4.0,12/19,-17.2,0.55
dev:volH4 × dev:squeezeH1,3,mean,224.0,62.3,3.6,12/19,-16.7,0.55
rank:volD1 × dev:volD1,3,mean,356.7,40.3,8.9,11/19,-12.0,0.6
rank:volD1 × rank:adxH1,3,mean,401.2,43.4,9.2,12/19,-17.5,0.6
rank:volD1 × dev:adxH1,3,mean,436.2,51.0,8.6,12/19,-16.2,0.55
rank:volD1 × rank:adxH4,3,mean,372.8,42.4,8.8,12/19,-15.9,0.56
rank:volD1 × dev:adxH4,3,mean,391.7,50.9,7.7,12/19,-18.6,0.56
rank:volD1 × rank:adxD1,3,mean,311.5,48.9,6.4,10/19,-15.7,0.57
rank:volD1 × dev:adxD1,3,mean,440.0,47.2,9.3,11/19,-18.1,0.59
rank:volD1 × rank:effH1,3,mean,304.0,42.3,7.2,11/19,-15.5,0.61
rank:volD1 × dev:effH1,3,mean,296.2,51.7,5.7,11/19,-17.7,0.61
rank:volD1 × rank:effH4,3,mean,310.7,47.0,6.6,13/19,-11.5,0.68
rank:volD1 × dev:effH4,3,mean,337.6,53.6,6.3,12/19,-17.3,0.62
rank:volD1 × rank:stackH4,3,mean,413.3,47.8,8.6,12/19,-18.1,0.65
rank:volD1 × rank:ribbonD1,3,mean,350.9,53.6,6.5,11/19,-18.0,0.51
rank:volD1 × dev:ribbonD1,3,mean,335.5,60.5,5.5,12/19,-17.6,0.51
rank:volD1 × rank:dayrange,3,mean,405.4,46.3,8.8,13/19,-14.0,0.61
rank:volD1 × dev:dayrange,3,mean,383.8,43.1,8.9,13/19,-13.6,0.61
rank:volD1 × rank:hour,3,mean,357.9,47.6,7.5,12/19,-12.1,0.51
rank:volD1 × rank:posH4,3,mean,351.2,66.9,5.2,11/19,-18.3,0.61
rank:volD1 × dev:posH4,3,mean,376.5,50.5,7.5,12/19,-19.5,0.63
rank:volD1 × rank:distD1,3,mean,264.6,47.7,5.5,10/19,-18.1,0.6
rank:volD1 × dev:distD1,3,mean,475.7,42.8,11.1,12/19,-17.1,0.64
rank:volD1 × rank:volume,3,mean,289.9,51.1,5.7,13/19,-14.3,0.64
rank:volD1 × dev:volume,3,mean,376.5,48.7,7.7,11/19,-18.1,0.62
rank:volD1 × rank:squeezeH1,3,mean,368.0,51.6,7.1,12/19,-12.7,0.59
rank:volD1 × dev:squeezeH1,3,mean,311.1,49.1,6.3,11/19,-17.6,0.48
dev:volD1 × rank:adxH1,3,mean,414.0,38.2,10.8,10/19,-10.0,0.58
dev:volD1 × dev:adxH1,3,mean,372.7,44.4,8.4,12/19,-13.0,0.54
dev:volD1 × rank:adxH4,3,mean,376.7,42.6,8.8,12/19,-14.8,0.54
dev:volD1 × dev:adxH4,3,mean,396.1,37.4,10.6,13/19,-13.2,0.59
dev:volD1 × rank:adxD1,3,mean,285.1,50.5,5.6,12/19,-16.4,0.62
dev:volD1 × dev:adxD1,3,mean,361.0,47.9,7.5,13/19,-17.0,0.53
dev:volD1 × rank:effH1,3,mean,305.3,42.7,7.1,12/19,-11.3,0.63
dev:volD1 × dev:effH1,3,mean,372.5,43.7,8.5,11/19,-11.6,0.61
dev:volD1 × rank:effH4,3,mean,325.8,46.4,7.0,11/19,-16.6,0.59
dev:volD1 × dev:effH4,3,mean,367.1,48.3,7.6,11/19,-17.2,0.6
dev:volD1 × rank:stackH4,3,mean,369.6,40.3,9.2,11/19,-10.3,0.62
dev:volD1 × rank:ribbonD1,3,mean,269.8,57.5,4.7,12/19,-17.0,0.51
dev:volD1 × dev:ribbonD1,3,mean,297.8,48.4,6.2,13/19,-10.5,0.62
dev:volD1 × rank:dayrange,3,mean,355.0,46.2,7.7,11/19,-13.1,0.58
dev:volD1 × dev:dayrange,3,mean,358.9,42.8,8.4,12/19,-16.0,0.62
dev:volD1 × rank:hour,3,mean,368.5,46.5,7.9,12/19,-11.5,0.55
dev:volD1 × rank:posH4,3,mean,380.7,45.6,8.3,11/19,-12.1,0.68
dev:volD1 × dev:posH4,3,mean,340.0,43.5,7.8,11/19,-10.0,0.59
dev:volD1 × rank:distD1,3,mean,311.4,43.0,7.2,12/19,-18.0,0.63
dev:volD1 × dev:distD1,3,mean,328.6,45.4,7.2,10/19,-18.8,0.61
dev:volD1 × rank:volume,3,mean,354.3,45.3,7.8,12/19,-12.3,0.61
dev:volD1 × dev:volume,3,mean,365.8,41.8,8.8,10/19,-11.3,0.62
dev:volD1 × rank:squeezeH1,3,mean,341.3,60.3,5.7,11/19,-15.5,0.56
dev:volD1 × dev:squeezeH1,3,mean,309.0,46.8,6.6,11/19,-15.1,0.64
rank:adxH1 × dev:adxH1,3,mean,369.9,46.1,8.0,11/19,-14.4,0.61
rank:adxH1 × rank:adxH4,3,mean,375.6,43.3,8.7,12/19,-15.3,0.52
rank:adxH1 × dev:adxH4,3,mean,381.9,50.0,7.6,11/19,-15.4,0.53
rank:adxH1 × rank:adxD1,3,mean,299.8,60.8,4.9,12/19,-17.1,0.57
rank:adxH1 × dev:adxD1,3,mean,392.4,40.9,9.6,14/19,-17.1,0.56
rank:adxH1 × rank:effH1,3,mean,371.7,43.8,8.5,14/19,-14.3,0.54
rank:adxH1 × dev:effH1,3,mean,382.8,58.7,6.5,12/19,-16.8,0.52
rank:adxH1 × rank:effH4,3,mean,322.2,54.1,6.0,12/19,-18.2,0.54
rank:adxH1 × dev:effH4,3,mean,354.4,54.3,6.5,12/19,-18.7,0.53
rank:adxH1 × rank:stackH4,3,mean,359.8,53.0,6.8,11/19,-16.6,0.57
rank:adxH1 × rank:ribbonD1,3,mean,288.7,50.2,5.8,11/19,-16.5,0.5
rank:adxH1 × dev:ribbonD1,3,mean,354.6,47.3,7.5,12/19,-17.4,0.52
rank:adxH1 × rank:dayrange,3,mean,357.2,43.5,8.2,11/19,-13.2,0.62
rank:adxH1 × dev:dayrange,3,mean,338.4,48.7,6.9,12/19,-16.4,0.58
rank:adxH1 × rank:hour,3,mean,359.8,53.3,6.8,11/19,-15.7,0.58
rank:adxH1 × rank:posH4,3,mean,377.2,58.5,6.4,10/19,-12.9,0.55
rank:adxH1 × dev:posH4,3,mean,354.3,49.1,7.2,11/19,-13.6,0.57
rank:adxH1 × rank:distD1,3,mean,269.0,47.4,5.7,11/19,-14.4,0.56
rank:adxH1 × dev:distD1,3,mean,373.1,51.9,7.2,12/19,-18.7,0.57
rank:adxH1 × rank:volume,3,mean,362.9,51.0,7.1,13/19,-13.3,0.56
rank:adxH1 × dev:volume,3,mean,345.0,50.7,6.8,13/19,-16.1,0.57
rank:adxH1 × rank:squeezeH1,3,mean,302.3,59.2,5.1,12/19,-14.0,0.51
rank:adxH1 × dev:squeezeH1,3,mean,296.2,52.2,5.7,11/19,-16.0,0.52
dev:adxH1 × rank:adxH4,3,mean,382.9,60.0,6.4,12/19,-16.4,0.54
dev:adxH1 × dev:adxH4,3,mean,355.6,55.1,6.5,12/19,-15.1,0.54
dev:adxH1 × rank:adxD1,3,mean,334.3,58.0,5.8,12/19,-15.9,0.54
dev:adxH1 × dev:adxD1,3,mean,401.6,43.0,9.3,12/19,-17.1,0.56
dev:adxH1 × rank:effH1,3,mean,339.7,40.8,8.3,11/19,-12.9,0.52
dev:adxH1 × dev:effH1,3,mean,294.1,52.9,5.6,12/19,-18.2,0.55
dev:adxH1 × rank:effH4,3,mean,317.9,53.2,6.0,12/19,-15.5,0.58
dev:adxH1 × dev:effH4,3,mean,362.4,55.3,6.6,13/19,-17.0,0.58
dev:adxH1 × rank:stackH4,3,mean,347.2,49.8,7.0,11/19,-16.0,0.55
dev:adxH1 × rank:ribbonD1,3,mean,317.8,47.2,6.7,11/19,-15.5,0.56
dev:adxH1 × dev:ribbonD1,3,mean,283.3,49.7,5.7,12/19,-12.7,0.5
dev:adxH1 × rank:dayrange,3,mean,345.3,43.1,8.0,11/19,-16.5,0.59
dev:adxH1 × dev:dayrange,3,mean,313.6,48.4,6.5,10/19,-13.7,0.53
dev:adxH1 × rank:hour,3,mean,333.4,48.7,6.8,11/19,-11.7,0.53
dev:adxH1 × rank:posH4,3,mean,405.2,64.6,6.3,13/19,-17.5,0.54
dev:adxH1 × dev:posH4,3,mean,363.3,56.2,6.5,10/19,-14.1,0.55
dev:adxH1 × rank:distD1,3,mean,309.4,51.1,6.1,11/19,-12.8,0.54
dev:adxH1 × dev:distD1,3,mean,341.7,54.4,6.3,11/19,-13.6,0.53
dev:adxH1 × rank:volume,3,mean,352.6,57.9,6.1,14/19,-16.0,0.5
dev:adxH1 × dev:volume,3,mean,358.9,48.9,7.3,12/19,-15.5,0.51
dev:adxH1 × rank:squeezeH1,3,mean,289.3,53.8,5.4,10/19,-14.4,0.5
dev:adxH1 × dev:squeezeH1,3,mean,314.1,47.3,6.6,13/19,-12.8,0.53
rank:adxH4 × dev:adxH4,3,mean,335.5,57.9,5.8,12/19,-15.9,0.52
rank:adxH4 × rank:adxD1,3,mean,337.8,55.0,6.1,12/19,-16.1,0.54
rank:adxH4 × dev:adxD1,3,mean,392.3,55.9,7.0,11/19,-17.0,0.52
rank:adxH4 × rank:effH1,3,mean,345.0,47.7,7.2,12/19,-13.4,0.49
rank:adxH4 × dev:effH1,3,mean,359.1,56.0,6.4,12/19,-18.1,0.52
rank:adxH4 × rank:effH4,3,mean,309.7,52.4,5.9,13/19,-16.5,0.54
rank:adxH4 × dev:effH4,3,mean,383.8,47.4,8.1,11/19,-17.7,0.61
rank:adxH4 × rank:stackH4,3,mean,374.8,56.0,6.7,11/19,-15.9,0.53
rank:adxH4 × rank:ribbonD1,3,mean,313.3,57.1,5.5,10/19,-16.9,0.53
rank:adxH4 × dev:ribbonD1,3,mean,312.7,58.8,5.3,12/19,-17.0,0.49
rank:adxH4 × rank:dayrange,3,mean,402.3,41.3,9.7,11/19,-13.4,0.55
rank:adxH4 × dev:dayrange,3,mean,366.1,44.8,8.2,12/19,-14.8,0.6
rank:adxH4 × rank:hour,3,mean,331.3,52.7,6.3,12/19,-17.0,0.56
rank:adxH4 × rank:posH4,3,mean,392.7,51.8,7.6,13/19,-12.5,0.56
rank:adxH4 × dev:posH4,3,mean,364.8,52.9,6.9,13/19,-14.7,0.51
rank:adxH4 × rank:distD1,3,mean,304.1,55.6,5.5,13/19,-18.0,0.62
rank:adxH4 × dev:distD1,3,mean,352.7,50.2,7.0,12/19,-16.3,0.49
rank:adxH4 × rank:volume,3,mean,328.0,56.6,5.8,12/19,-17.5,0.53
rank:adxH4 × dev:volume,3,mean,340.8,52.7,6.5,12/19,-16.9,0.53
rank:adxH4 × rank:squeezeH1,3,mean,337.2,65.5,5.1,12/19,-17.5,0.5
rank:adxH4 × dev:squeezeH1,3,mean,319.7,58.0,5.5,12/19,-16.7,0.5
dev:adxH4 × rank:adxD1,3,mean,350.3,53.5,6.5,13/19,-17.1,0.56
dev:adxH4 × dev:adxD1,3,mean,356.6,50.9,7.0,12/19,-17.1,0.51
dev:adxH4 × rank:effH1,3,mean,346.2,45.2,7.7,13/19,-13.9,0.48
dev:adxH4 × dev:effH1,3,mean,363.6,52.6,6.9,12/19,-15.4,0.54
dev:adxH4 × rank:effH4,3,mean,321.7,53.4,6.0,12/19,-16.0,0.57
dev:adxH4 × dev:effH4,3,mean,337.8,54.6,6.2,13/19,-18.6,0.54
dev:adxH4 × rank:stackH4,3,mean,341.5,49.4,6.9,12/19,-13.3,0.54
dev:adxH4 × rank:ribbonD1,3,mean,324.7,53.9,6.0,11/19,-17.1,0.54
dev:adxH4 × dev:ribbonD1,3,mean,311.1,51.5,6.0,13/19,-16.5,0.5
dev:adxH4 × rank:dayrange,3,mean,383.4,38.4,10.0,11/19,-12.4,0.55
dev:adxH4 × dev:dayrange,3,mean,402.8,44.8,9.0,14/19,-17.4,0.6
dev:adxH4 × rank:hour,3,mean,329.2,44.6,7.4,13/19,-14.8,0.52
dev:adxH4 × rank:posH4,3,mean,357.5,50.7,7.1,14/19,-15.0,0.57
dev:adxH4 × dev:posH4,3,mean,356.6,50.5,7.1,13/19,-14.9,0.52
dev:adxH4 × rank:distD1,3,mean,294.8,53.2,5.5,14/19,-18.1,0.57
dev:adxH4 × dev:distD1,3,mean,366.2,43.9,8.3,12/19,-13.5,0.52
dev:adxH4 × rank:volume,3,mean,359.6,56.0,6.4,13/19,-19.1,0.5
dev:adxH4 × dev:volume,3,mean,352.6,55.0,6.4,12/19,-16.5,0.47
dev:adxH4 × rank:squeezeH1,3,mean,306.8,59.3,5.2,13/19,-19.6,0.47
dev:adxH4 × dev:squeezeH1,3,mean,312.9,57.8,5.4,12/19,-17.2,0.53
rank:adxD1 × dev:adxD1,3,mean,321.5,55.1,5.8,11/19,-14.9,0.58
rank:adxD1 × rank:effH1,3,mean,283.9,55.4,5.1,12/19,-13.8,0.52
rank:adxD1 × dev:effH1,3,mean,268.3,61.1,4.4,11/19,-15.0,0.55
rank:adxD1 × rank:effH4,3,mean,352.6,49.5,7.1,12/19,-15.9,0.65
rank:adxD1 × dev:effH4,3,mean,312.5,52.4,6.0,12/19,-18.5,0.6
rank:adxD1 × rank:stackH4,3,mean,301.1,59.8,5.0,13/19,-14.8,0.58
rank:adxD1 × rank:ribbonD1,3,mean,251.1,63.2,4.0,11/19,-18.6,0.49
rank:adxD1 × dev:ribbonD1,3,mean,325.3,51.7,6.3,12/19,-12.1,0.54
rank:adxD1 × rank:dayrange,3,mean,297.1,49.1,6.1,12/19,-11.0,0.62
rank:adxD1 × dev:dayrange,3,mean,272.7,54.9,5.0,14/19,-13.1,0.56
rank:adxD1 × rank:hour,3,mean,304.4,52.2,5.8,11/19,-12.1,0.56
rank:adxD1 × rank:posH4,3,mean,301.6,63.6,4.7,12/19,-16.4,0.57
rank:adxD1 × dev:posH4,3,mean,315.3,63.5,5.0,13/19,-16.4,0.54
rank:adxD1 × rank:distD1,3,mean,300.8,55.4,5.4,13/19,-18.2,0.6
rank:adxD1 × dev:distD1,3,mean,265.3,58.3,4.6,11/19,-18.2,0.53
rank:adxD1 × rank:volume,3,mean,296.7,57.7,5.1,13/19,-15.7,0.54
rank:adxD1 × dev:volume,3,mean,302.0,57.8,5.2,13/19,-14.8,0.54
rank:adxD1 × rank:squeezeH1,3,mean,296.2,61.4,4.8,13/19,-15.8,0.57
rank:adxD1 × dev:squeezeH1,3,mean,291.6,63.0,4.6,14/19,-14.7,0.59
dev:adxD1 × rank:effH1,3,mean,313.3,48.7,6.4,13/19,-16.2,0.59
dev:adxD1 × dev:effH1,3,mean,269.1,54.4,4.9,11/19,-17.1,0.49
dev:adxD1 × rank:effH4,3,mean,282.5,50.9,5.6,12/19,-17.5,0.57
dev:adxD1 × dev:effH4,3,mean,290.8,48.6,6.0,13/19,-18.5,0.58
dev:adxD1 × rank:stackH4,3,mean,331.0,49.3,6.7,12/19,-16.0,0.55
dev:adxD1 × rank:ribbonD1,3,mean,326.5,55.5,5.9,10/19,-17.1,0.51
dev:adxD1 × dev:ribbonD1,3,mean,318.0,47.1,6.8,12/19,-14.9,0.57
dev:adxD1 × rank:dayrange,3,mean,377.9,46.5,8.1,12/19,-14.6,0.58
dev:adxD1 × dev:dayrange,3,mean,357.0,49.3,7.2,11/19,-17.0,0.56
dev:adxD1 × rank:hour,3,mean,366.4,47.3,7.7,12/19,-17.0,0.54
dev:adxD1 × rank:posH4,3,mean,315.2,53.3,5.9,13/19,-17.1,0.6
dev:adxD1 × dev:posH4,3,mean,347.6,48.1,7.2,13/19,-16.0,0.55
dev:adxD1 × rank:distD1,3,mean,330.8,54.5,6.1,12/19,-18.6,0.57
dev:adxD1 × dev:distD1,3,mean,343.3,51.6,6.7,10/19,-18.5,0.55
dev:adxD1 × rank:volume,3,mean,343.1,57.9,5.9,13/19,-19.1,0.51
dev:adxD1 × dev:volume,3,mean,352.7,46.8,7.5,12/19,-16.0,0.52
dev:adxD1 × rank:squeezeH1,3,mean,329.2,60.5,5.4,13/19,-19.1,0.47
dev:adxD1 × dev:squeezeH1,3,mean,365.4,48.4,7.5,12/19,-13.6,0.51
rank:effH1 × dev:effH1,3,mean,303.2,52.5,5.8,11/19,-13.2,0.57
rank:effH1 × rank:effH4,3,mean,269.2,58.0,4.6,11/19,-17.0,0.53
rank:effH1 × dev:effH4,3,mean,289.3,50.8,5.7,13/19,-14.4,0.58
rank:effH1 × rank:stackH4,3,mean,310.5,50.8,6.1,12/19,-15.1,0.55
rank:effH1 × rank:ribbonD1,3,mean,306.4,58.7,5.2,11/19,-17.1,0.52
rank:effH1 × dev:ribbonD1,3,mean,294.4,54.4,5.4,12/19,-15.1,0.53
rank:effH1 × rank:dayrange,3,mean,354.2,34.7,10.2,11/19,-11.6,0.59
rank:effH1 × dev:dayrange,3,mean,310.0,49.2,6.3,11/19,-14.5,0.57
rank:effH1 × rank:hour,3,mean,300.9,53.6,5.6,11/19,-14.2,0.55
rank:effH1 × rank:posH4,3,mean,302.2,55.6,5.4,12/19,-15.3,0.52
rank:effH1 × dev:posH4,3,mean,310.1,59.0,5.3,13/19,-16.3,0.56
rank:effH1 × rank:distD1,3,mean,275.7,53.5,5.2,10/19,-18.0,0.53
rank:effH1 × dev:distD1,3,mean,295.5,53.8,5.5,11/19,-18.6,0.55
rank:effH1 × rank:volume,3,mean,322.8,54.4,5.9,13/19,-16.5,0.55
rank:effH1 × dev:volume,3,mean,314.5,56.7,5.5,13/19,-17.1,0.54
rank:effH1 × rank:squeezeH1,3,mean,328.6,58.0,5.7,12/19,-15.6,0.51
rank:effH1 × dev:squeezeH1,3,mean,269.0,52.1,5.2,11/19,-15.7,0.48
dev:effH1 × rank:effH4,3,mean,279.2,62.5,4.5,13/19,-18.7,0.57
dev:effH1 × dev:effH4,3,mean,339.6,53.6,6.3,13/19,-15.4,0.62
dev:effH1 × rank:stackH4,3,mean,317.0,52.7,6.0,12/19,-14.8,0.6
dev:effH1 × rank:ribbonD1,3,mean,283.7,65.9,4.3,10/19,-18.2,0.53
dev:effH1 × dev:ribbonD1,3,mean,303.1,52.8,5.7,11/19,-17.1,0.54
dev:effH1 × rank:dayrange,3,mean,327.1,51.0,6.4,12/19,-16.5,0.64
dev:effH1 × dev:dayrange,3,mean,281.9,54.8,5.1,12/19,-16.0,0.62
dev:effH1 × rank:hour,3,mean,316.5,56.5,5.6,11/19,-14.0,0.55
dev:effH1 × rank:posH4,3,mean,315.3,57.5,5.5,11/19,-15.4,0.56
dev:effH1 × dev:posH4,3,mean,365.6,57.8,6.3,13/19,-15.4,0.55
dev:effH1 × rank:distD1,3,mean,263.2,66.2,4.0,12/19,-19.9,0.51
dev:effH1 × dev:distD1,3,mean,319.9,58.0,5.5,12/19,-19.2,0.54
dev:effH1 × rank:volume,3,mean,331.4,61.6,5.4,12/19,-19.1,0.53
dev:effH1 × dev:volume,3,mean,315.3,52.0,6.1,13/19,-14.9,0.62
dev:effH1 × rank:squeezeH1,3,mean,275.0,59.7,4.6,11/19,-15.7,0.53
dev:effH1 × dev:squeezeH1,3,mean,322.9,51.7,6.2,12/19,-16.7,0.64
rank:effH4 × dev:effH4,3,mean,295.2,51.4,5.7,12/19,-19.9,0.61
rank:effH4 × rank:stackH4,3,mean,306.3,57.2,5.4,13/19,-18.1,0.6
rank:effH4 × rank:ribbonD1,3,mean,320.1,62.2,5.1,11/19,-17.0,0.49
rank:effH4 × dev:ribbonD1,3,mean,233.4,56.2,4.2,12/19,-16.5,0.56
rank:effH4 × rank:dayrange,3,mean,337.3,49.4,6.8,12/19,-16.9,0.58
rank:effH4 × dev:dayrange,3,mean,365.9,48.4,7.6,12/19,-18.0,0.6
rank:effH4 × rank:hour,3,mean,251.4,57.8,4.3,13/19,-14.3,0.58
rank:effH4 × rank:posH4,3,mean,300.1,60.8,4.9,11/19,-17.6,0.59
rank:effH4 × dev:posH4,3,mean,290.4,56.4,5.1,12/19,-16.2,0.56
rank:effH4 × rank:distD1,3,mean,264.3,56.1,4.7,12/19,-20.4,0.59
rank:effH4 × dev:distD1,3,mean,288.2,57.2,5.0,13/19,-20.2,0.57
rank:effH4 × rank:volume,3,mean,319.9,58.5,5.5,13/19,-18.6,0.62
rank:effH4 × dev:volume,3,mean,347.1,55.9,6.2,13/19,-19.1,0.57
rank:effH4 × rank:squeezeH1,3,mean,334.5,57.9,5.8,12/19,-15.7,0.57
rank:effH4 × dev:squeezeH1,3,mean,311.6,55.8,5.6,11/19,-18.8,0.53
dev:effH4 × rank:stackH4,3,mean,318.5,49.9,6.4,12/19,-19.4,0.59
dev:effH4 × rank:ribbonD1,3,mean,333.3,53.8,6.2,10/19,-18.7,0.51
dev:effH4 × dev:ribbonD1,3,mean,276.4,57.1,4.8,13/19,-17.4,0.5
dev:effH4 × rank:dayrange,3,mean,381.7,48.0,8.0,12/19,-17.7,0.58
dev:effH4 × dev:dayrange,3,mean,387.3,38.5,10.1,11/19,-13.7,0.62
dev:effH4 × rank:hour,3,mean,296.7,44.9,6.6,12/19,-13.1,0.6
dev:effH4 × rank:posH4,3,mean,336.2,52.8,6.4,11/19,-17.6,0.64
dev:effH4 × dev:posH4,3,mean,350.5,53.0,6.6,13/19,-17.6,0.6
dev:effH4 × rank:distD1,3,mean,300.0,55.7,5.4,11/19,-19.6,0.62
dev:effH4 × dev:distD1,3,mean,328.6,53.9,6.1,12/19,-19.4,0.57
dev:effH4 × rank:volume,3,mean,322.9,56.2,5.7,12/19,-18.7,0.61
dev:effH4 × dev:volume,3,mean,325.7,51.0,6.4,13/19,-18.3,0.57
dev:effH4 × rank:squeezeH1,3,mean,342.5,54.6,6.3,12/19,-14.1,0.54
dev:effH4 × dev:squeezeH1,3,mean,361.8,58.0,6.2,13/19,-18.7,0.58
rank:stackH4 × rank:ribbonD1,3,mean,271.9,62.5,4.4,9/19,-16.8,0.45
rank:stackH4 × dev:ribbonD1,3,mean,259.1,58.7,4.4,10/19,-15.8,0.51
rank:stackH4 × rank:dayrange,3,mean,381.3,41.4,9.2,12/19,-13.3,0.63
rank:stackH4 × dev:dayrange,3,mean,320.7,49.1,6.5,10/19,-16.4,0.54
rank:stackH4 × rank:hour,3,mean,331.2,51.1,6.5,12/19,-13.3,0.56
rank:stackH4 × rank:posH4,3,mean,347.9,64.4,5.4,11/19,-18.8,0.61
rank:stackH4 × dev:posH4,3,mean,358.0,56.3,6.4,12/19,-17.1,0.57
rank:stackH4 × rank:distD1,3,mean,273.8,57.8,4.7,13/19,-20.5,0.59
rank:stackH4 × dev:distD1,3,mean,352.9,47.9,7.4,12/19,-18.2,0.57
rank:stackH4 × rank:volume,3,mean,376.5,58.1,6.5,14/19,-20.3,0.54
rank:stackH4 × dev:volume,3,mean,351.4,52.0,6.8,13/19,-18.0,0.5
rank:stackH4 × rank:squeezeH1,3,mean,275.8,63.3,4.4,12/19,-17.3,0.49
rank:stackH4 × dev:squeezeH1,3,mean,309.1,57.9,5.3,12/19,-16.3,0.54
rank:ribbonD1 × dev:ribbonD1,3,mean,298.9,58.0,5.2,11/19,-16.0,0.52
rank:ribbonD1 × rank:dayrange,3,mean,323.0,56.6,5.7,11/19,-17.1,0.57
rank:ribbonD1 × dev:dayrange,3,mean,319.6,58.7,5.4,10/19,-18.0,0.51
rank:ribbonD1 × rank:hour,3,mean,302.0,60.1,5.0,12/19,-15.2,0.52
rank:ribbonD1 × rank:posH4,3,mean,297.9,60.5,4.9,11/19,-18.7,0.48
rank:ribbonD1 × dev:posH4,3,mean,326.3,53.8,6.1,12/19,-16.5,0.52
rank:ribbonD1 × rank:distD1,3,mean,322.2,52.1,6.2,13/19,-19.4,0.61
rank:ribbonD1 × dev:distD1,3,mean,324.1,49.5,6.5,11/19,-17.1,0.55
rank:ribbonD1 × rank:volume,3,mean,302.5,62.9,4.8,11/19,-18.0,0.48
rank:ribbonD1 × dev:volume,3,mean,283.8,61.1,4.6,11/19,-17.1,0.46
rank:ribbonD1 × rank:squeezeH1,3,mean,317.9,60.0,5.3,10/19,-17.1,0.53
rank:ribbonD1 × dev:squeezeH1,3,mean,311.9,57.7,5.4,10/19,-17.1,0.52
dev:ribbonD1 × rank:dayrange,3,mean,330.9,54.9,6.0,12/19,-15.7,0.52
dev:ribbonD1 × dev:dayrange,3,mean,328.6,58.4,5.6,10/19,-17.5,0.54
dev:ribbonD1 × rank:hour,3,mean,333.0,52.6,6.3,12/19,-16.7,0.5
dev:ribbonD1 × rank:posH4,3,mean,275.6,53.8,5.1,12/19,-13.7,0.55
dev:ribbonD1 × dev:posH4,3,mean,316.6,55.4,5.7,11/19,-16.0,0.5
dev:ribbonD1 × rank:distD1,3,mean,299.2,50.2,6.0,11/19,-17.1,0.55
dev:ribbonD1 × dev:distD1,3,mean,337.2,47.7,7.1,11/19,-16.2,0.57
dev:ribbonD1 × rank:volume,3,mean,330.4,60.7,5.4,11/19,-19.1,0.48
dev:ribbonD1 × dev:volume,3,mean,310.4,56.2,5.5,11/19,-15.5,0.46
dev:ribbonD1 × rank:squeezeH1,3,mean,293.4,52.1,5.6,13/19,-17.6,0.53
dev:ribbonD1 × dev:squeezeH1,3,mean,304.4,59.0,5.2,12/19,-18.3,0.51
rank:dayrange × dev:dayrange,3,mean,347.8,38.2,9.1,11/19,-12.3,0.6
rank:dayrange × rank:hour,3,mean,317.7,45.5,7.0,12/19,-15.3,0.54
rank:dayrange × rank:posH4,3,mean,361.7,50.7,7.1,12/19,-14.1,0.59
rank:dayrange × dev:posH4,3,mean,323.7,49.2,6.6,12/19,-13.3,0.57
rank:dayrange × rank:distD1,3,mean,366.5,43.4,8.4,12/19,-17.4,0.61
rank:dayrange × dev:distD1,3,mean,384.0,48.1,8.0,13/19,-18.5,0.55
rank:dayrange × rank:volume,3,mean,360.8,42.2,8.5,13/19,-13.7,0.56
rank:dayrange × dev:volume,3,mean,393.5,41.9,9.4,12/19,-13.3,0.55
rank:dayrange × rank:squeezeH1,3,mean,337.5,55.8,6.0,11/19,-14.4,0.57
rank:dayrange × dev:squeezeH1,3,mean,350.8,42.4,8.3,13/19,-10.3,0.63
dev:dayrange × rank:hour,3,mean,317.4,48.6,6.5,11/19,-12.6,0.56
dev:dayrange × rank:posH4,3,mean,340.2,59.3,5.7,12/19,-14.6,0.51
dev:dayrange × dev:posH4,3,mean,334.2,55.1,6.1,11/19,-17.0,0.56
dev:dayrange × rank:distD1,3,mean,263.0,39.1,6.7,13/19,-13.7,0.64
dev:dayrange × dev:distD1,3,mean,348.9,43.6,8.0,12/19,-12.5,0.57
dev:dayrange × rank:volume,3,mean,376.8,57.4,6.6,13/19,-18.6,0.51
dev:dayrange × dev:volume,3,mean,362.5,45.9,7.9,12/19,-16.4,0.5
dev:dayrange × rank:squeezeH1,3,mean,291.2,59.7,4.9,13/19,-15.9,0.53
dev:dayrange × dev:squeezeH1,3,mean,303.4,56.5,5.4,12/19,-13.9,0.53
rank:hour × rank:posH4,3,mean,301.7,55.6,5.4,11/19,-16.8,0.55
rank:hour × dev:posH4,3,mean,343.2,58.5,5.9,13/19,-15.8,0.6
rank:hour × rank:distD1,3,mean,298.1,45.8,6.5,11/19,-14.0,0.57
rank:hour × dev:distD1,3,mean,311.1,46.9,6.6,11/19,-13.3,0.53
rank:hour × rank:volume,3,mean,276.1,56.3,4.9,12/19,-13.4,0.58
rank:hour × dev:volume,3,mean,337.6,52.8,6.4,13/19,-14.2,0.5
rank:hour × rank:squeezeH1,3,mean,340.8,62.7,5.4,12/19,-17.6,0.56
rank:hour × dev:squeezeH1,3,mean,352.1,58.7,6.0,12/19,-17.6,0.55
rank:posH4 × dev:posH4,3,mean,314.9,58.8,5.4,11/19,-18.3,0.57
rank:posH4 × rank:distD1,3,mean,220.7,63.2,3.5,14/19,-19.7,0.56
rank:posH4 × dev:distD1,3,mean,282.6,62.8,4.5,13/19,-19.7,0.57
rank:posH4 × rank:volume,3,mean,314.9,56.7,5.6,12/19,-18.4,0.61
rank:posH4 × dev:volume,3,mean,343.4,59.7,5.8,12/19,-18.8,0.56
rank:posH4 × rank:squeezeH1,3,mean,388.0,55.3,7.0,12/19,-13.8,0.56
rank:posH4 × dev:squeezeH1,3,mean,310.4,58.2,5.3,11/19,-14.6,0.51
dev:posH4 × rank:distD1,3,mean,250.1,45.0,5.6,11/19,-14.3,0.58
dev:posH4 × dev:distD1,3,mean,327.7,51.2,6.4,12/19,-13.0,0.56
dev:posH4 × rank:volume,3,mean,350.9,68.6,5.1,14/19,-19.9,0.56
dev:posH4 × dev:volume,3,mean,345.9,56.3,6.1,14/19,-17.1,0.56
dev:posH4 × rank:squeezeH1,3,mean,302.8,63.4,4.8,12/19,-16.3,0.51
dev:posH4 × dev:squeezeH1,3,mean,356.5,57.2,6.2,11/19,-14.9,0.56
rank:distD1 × dev:distD1,3,mean,220.7,49.4,4.5,11/19,-18.2,0.55
rank:distD1 × rank:volume,3,mean,262.0,62.2,4.2,10/19,-19.2,0.48
rank:distD1 × dev:volume,3,mean,245.3,57.4,4.3,11/19,-20.5,0.48
rank:distD1 × rank:squeezeH1,3,mean,213.1,57.0,3.7,11/19,-15.6,0.47
rank:distD1 × dev:squeezeH1,3,mean,243.2,43.9,5.5,12/19,-18.6,0.59
dev:distD1 × rank:volume,3,mean,360.7,57.1,6.3,12/19,-19.1,0.51
dev:distD1 × dev:volume,3,mean,390.3,50.8,7.7,12/19,-18.2,0.54
dev:distD1 × rank:squeezeH1,3,mean,341.1,52.6,6.5,12/19,-14.8,0.53
dev:distD1 × dev:squeezeH1,3,mean,376.5,48.5,7.8,11/19,-18.3,0.53
rank:volume × dev:volume,3,mean,342.8,57.2,6.0,13/19,-18.6,0.5
rank:volume × rank:squeezeH1,3,mean,281.2,55.5,5.1,12/19,-15.6,0.5
rank:volume × dev:squeezeH1,3,mean,343.2,63.2,5.4,13/19,-19.0,0.53
dev:volume × rank:squeezeH1,3,mean,324.9,55.0,5.9,12/19,-15.1,0.52
dev:volume × dev:squeezeH1,3,mean,304.7,58.3,5.2,12/19,-16.3,0.54
rank:squeezeH1 × dev:squeezeH1,3,mean,288.8,62.9,4.6,13/19,-16.5,0.53
none,3,sharpe,260.1,42.5,6.1,12/19,-11.2,0.62
rank:volH1,3,sharpe,234.2,42.6,5.5,11/19,-10.5,0.61
dev:volH1,3,sharpe,267.7,40.3,6.6,12/19,-9.9,0.59
rank:volH4,3,sharpe,262.8,49.4,5.3,13/19,-10.7,0.61
dev:volH4,3,sharpe,335.5,49.5,6.8,13/19,-10.8,0.63
rank:volD1,3,sharpe,293.4,28.3,10.4,13/19,-10.0,0.75
dev:volD1,3,sharpe,343.8,33.8,10.2,12/19,-9.0,0.73
rank:adxH1,3,sharpe,296.9,29.4,10.1,13/19,-11.3,0.7
dev:adxH1,3,sharpe,264.0,40.4,6.5,13/19,-12.9,0.61
rank:adxH4,3,sharpe,232.2,47.6,4.9,12/19,-14.9,0.59
dev:adxH4,3,sharpe,272.1,46.0,5.9,13/19,-12.7,0.67
rank:adxD1,3,sharpe,272.4,49.7,5.5,13/19,-13.4,0.64
dev:adxD1,3,sharpe,276.7,49.3,5.6,13/19,-16.0,0.62
rank:effH1,3,sharpe,248.8,35.2,7.1,11/19,-8.8,0.57
dev:effH1,3,sharpe,279.9,34.8,8.0,13/19,-11.5,0.61
rank:effH4,3,sharpe,292.4,46.1,6.3,12/19,-13.3,0.61
dev:effH4,3,sharpe,301.8,42.5,7.1,11/19,-10.8,0.6
rank:stackH4,3,sharpe,288.1,37.3,7.7,11/19,-11.2,0.62
rank:ribbonD1,3,sharpe,268.3,43.6,6.2,13/19,-13.0,0.61
dev:ribbonD1,3,sharpe,241.6,38.8,6.2,13/19,-9.3,0.58
rank:dayrange,3,sharpe,294.1,38.3,7.7,12/19,-9.7,0.63
dev:dayrange,3,sharpe,255.2,42.1,6.1,13/19,-13.3,0.6
rank:hour,3,sharpe,276.4,41.4,6.7,12/19,-9.7,0.6
rank:posH4,3,sharpe,274.0,42.3,6.5,13/19,-10.2,0.63
dev:posH4,3,sharpe,267.7,49.5,5.4,12/19,-12.3,0.58
rank:distD1,3,sharpe,261.7,39.5,6.6,13/19,-13.4,0.66
dev:distD1,3,sharpe,273.4,45.3,6.0,12/19,-15.5,0.61
rank:volume,3,sharpe,278.3,42.0,6.6,14/19,-11.2,0.65
dev:volume,3,sharpe,262.5,47.8,5.5,12/19,-14.6,0.57
rank:squeezeH1,3,sharpe,216.2,42.1,5.1,12/19,-8.6,0.56
dev:squeezeH1,3,sharpe,260.1,42.1,6.2,12/19,-9.4,0.67
rank:volH1 × dev:volH1,3,sharpe,270.2,37.9,7.1,13/19,-8.3,0.66
rank:volH1 × rank:volH4,3,sharpe,276.9,41.4,6.7,12/19,-10.0,0.64
rank:volH1 × dev:volH4,3,sharpe,291.8,40.8,7.2,14/19,-9.7,0.66
rank:volH1 × rank:volD1,3,sharpe,305.6,30.3,10.1,14/19,-12.9,0.76
rank:volH1 × dev:volD1,3,sharpe,284.9,47.8,6.0,12/19,-11.0,0.61
rank:volH1 × rank:adxH1,3,sharpe,291.1,32.5,9.0,10/19,-7.9,0.6
rank:volH1 × dev:adxH1,3,sharpe,238.9,39.6,6.0,13/19,-7.6,0.62
rank:volH1 × rank:adxH4,3,sharpe,271.8,51.0,5.3,13/19,-16.1,0.59
rank:volH1 × dev:adxH4,3,sharpe,306.3,42.0,7.3,13/19,-10.8,0.67
rank:volH1 × rank:adxD1,3,sharpe,273.8,49.4,5.5,13/19,-15.3,0.66
rank:volH1 × dev:adxD1,3,sharpe,314.8,45.0,7.0,13/19,-11.1,0.65
rank:volH1 × rank:effH1,3,sharpe,277.2,43.1,6.4,12/19,-9.9,0.6
rank:volH1 × dev:effH1,3,sharpe,262.4,47.5,5.5,13/19,-11.4,0.57
rank:volH1 × rank:effH4,3,sharpe,270.6,38.5,7.0,11/19,-11.4,0.61
rank:volH1 × dev:effH4,3,sharpe,310.7,38.5,8.1,12/19,-11.6,0.61
rank:volH1 × rank:stackH4,3,sharpe,243.8,41.3,5.9,11/19,-10.5,0.63
rank:volH1 × rank:ribbonD1,3,sharpe,234.5,47.5,4.9,11/19,-11.9,0.56
rank:volH1 × dev:ribbonD1,3,sharpe,246.5,43.9,5.6,12/19,-9.3,0.6
rank:volH1 × rank:dayrange,3,sharpe,220.3,39.2,5.6,12/19,-9.8,0.58
rank:volH1 × dev:dayrange,3,sharpe,225.8,44.8,5.0,12/19,-11.7,0.58
rank:volH1 × rank:hour,3,sharpe,222.0,44.6,5.0,12/19,-11.5,0.58
rank:volH1 × rank:posH4,3,sharpe,325.4,42.4,7.7,11/19,-10.1,0.63
rank:volH1 × dev:posH4,3,sharpe,267.3,46.1,5.8,12/19,-11.5,0.62
rank:volH1 × rank:distD1,3,sharpe,225.2,38.7,5.8,12/19,-11.2,0.61
rank:volH1 × dev:distD1,3,sharpe,261.1,35.1,7.4,12/19,-9.5,0.65
rank:volH1 × rank:volume,3,sharpe,262.9,42.5,6.2,14/19,-10.8,0.68
rank:volH1 × dev:volume,3,sharpe,291.4,45.7,6.4,13/19,-9.9,0.62
rank:volH1 × rank:squeezeH1,3,sharpe,255.7,39.7,6.4,13/19,-10.1,0.64
rank:volH1 × dev:squeezeH1,3,sharpe,271.7,43.7,6.2,11/19,-10.5,0.61
dev:volH1 × rank:volH4,3,sharpe,249.0,46.2,5.4,14/19,-12.3,0.6
dev:volH1 × dev:volH4,3,sharpe,266.0,44.3,6.0,13/19,-13.1,0.63
dev:volH1 × rank:volD1,3,sharpe,263.4,25.6,10.3,13/19,-11.5,0.67
dev:volH1 × dev:volD1,3,sharpe,303.0,38.3,7.9,14/19,-10.5,0.69
dev:volH1 × rank:adxH1,3,sharpe,275.1,36.4,7.6,14/19,-9.1,0.68
dev:volH1 × dev:adxH1,3,sharpe,245.9,39.2,6.3,12/19,-9.7,0.59
dev:volH1 × rank:adxH4,3,sharpe,221.0,40.9,5.4,13/19,-14.8,0.59
dev:volH1 × dev:adxH4,3,sharpe,283.4,43.2,6.6,12/19,-12.8,0.64
dev:volH1 × rank:adxD1,3,sharpe,249.3,42.4,5.9,13/19,-11.0,0.62
dev:volH1 × dev:adxD1,3,sharpe,267.2,55.3,4.8,12/19,-16.9,0.58
dev:volH1 × rank:effH1,3,sharpe,298.5,31.2,9.6,12/19,-11.3,0.65
dev:volH1 × dev:effH1,3,sharpe,279.8,36.2,7.7,13/19,-8.9,0.67
dev:volH1 × rank:effH4,3,sharpe,325.3,46.7,7.0,12/19,-13.0,0.61
dev:volH1 × dev:effH4,3,sharpe,326.5,30.0,10.9,12/19,-9.9,0.71
dev:volH1 × rank:stackH4,3,sharpe,270.9,39.6,6.8,12/19,-9.5,0.6
dev:volH1 × rank:ribbonD1,3,sharpe,237.2,48.6,4.9,11/19,-13.0,0.58
dev:volH1 × dev:ribbonD1,3,sharpe,213.7,33.7,6.3,12/19,-9.6,0.61
dev:volH1 × rank:dayrange,3,sharpe,278.0,35.9,7.7,12/19,-8.3,0.65
dev:volH1 × dev:dayrange,3,sharpe,230.5,41.8,5.5,12/19,-12.2,0.57
dev:volH1 × rank:hour,3,sharpe,251.7,38.6,6.5,13/19,-11.6,0.64
dev:volH1 × rank:posH4,3,sharpe,321.1,37.2,8.6,12/19,-8.7,0.67
dev:volH1 × dev:posH4,3,sharpe,237.1,37.3,6.4,11/19,-10.5,0.6
dev:volH1 × rank:distD1,3,sharpe,252.3,45.0,5.6,12/19,-13.7,0.65
dev:volH1 × dev:distD1,3,sharpe,255.0,38.7,6.6,12/19,-12.8,0.6
dev:volH1 × rank:volume,3,sharpe,244.6,40.1,6.1,13/19,-11.7,0.61
dev:volH1 × dev:volume,3,sharpe,258.6,49.6,5.2,12/19,-13.1,0.58
dev:volH1 × rank:squeezeH1,3,sharpe,256.9,41.2,6.2,11/19,-9.7,0.58
dev:volH1 × dev:squeezeH1,3,sharpe,264.9,39.7,6.7,13/19,-10.4,0.6
rank:volH4 × dev:volH4,3,sharpe,319.3,44.6,7.2,13/19,-9.5,0.61
rank:volH4 × rank:volD1,3,sharpe,303.0,34.7,8.7,13/19,-7.8,0.78
rank:volH4 × dev:volD1,3,sharpe,338.9,44.8,7.6,14/19,-14.3,0.67
rank:volH4 × rank:adxH1,3,sharpe,318.5,40.7,7.8,13/19,-13.1,0.66
rank:volH4 × dev:adxH1,3,sharpe,300.7,47.6,6.3,14/19,-12.8,0.63
rank:volH4 × rank:adxH4,3,sharpe,272.4,53.0,5.1,12/19,-14.5,0.59
rank:volH4 × dev:adxH4,3,sharpe,258.7,53.1,4.9,13/19,-14.4,0.68
rank:volH4 × rank:adxD1,3,sharpe,256.4,50.1,5.1,11/19,-13.7,0.59
rank:volH4 × dev:adxD1,3,sharpe,277.1,53.1,5.2,12/19,-13.0,0.63
rank:volH4 × rank:effH1,3,sharpe,257.1,47.5,5.4,13/19,-11.6,0.57
rank:volH4 × dev:effH1,3,sharpe,239.0,43.4,5.5,11/19,-11.8,0.56
rank:volH4 × rank:effH4,3,sharpe,299.6,48.9,6.1,11/19,-13.3,0.57
rank:volH4 × dev:effH4,3,sharpe,290.4,40.6,7.2,12/19,-13.8,0.66
rank:volH4 × rank:stackH4,3,sharpe,277.1,49.4,5.6,12/19,-10.7,0.62
rank:volH4 × rank:ribbonD1,3,sharpe,264.2,38.6,6.8,11/19,-10.8,0.6
rank:volH4 × dev:ribbonD1,3,sharpe,241.0,48.9,4.9,12/19,-12.2,0.58
rank:volH4 × rank:dayrange,3,sharpe,274.4,50.1,5.5,12/19,-11.6,0.59
rank:volH4 × dev:dayrange,3,sharpe,257.0,47.7,5.4,13/19,-11.4,0.6
rank:volH4 × rank:hour,3,sharpe,250.4,40.9,6.1,13/19,-10.4,0.6
rank:volH4 × rank:posH4,3,sharpe,306.3,48.4,6.3,11/19,-13.9,0.62
rank:volH4 × dev:posH4,3,sharpe,269.7,49.2,5.5,13/19,-13.4,0.63
rank:volH4 × rank:distD1,3,sharpe,260.6,38.9,6.7,12/19,-11.0,0.62
rank:volH4 × dev:distD1,3,sharpe,251.1,46.7,5.4,12/19,-11.0,0.6
rank:volH4 × rank:volume,3,sharpe,244.0,46.2,5.3,13/19,-12.2,0.57
rank:volH4 × dev:volume,3,sharpe,225.7,48.1,4.7,13/19,-11.5,0.56
rank:volH4 × rank:squeezeH1,3,sharpe,287.5,47.8,6.0,13/19,-14.3,0.65
rank:volH4 × dev:squeezeH1,3,sharpe,231.0,49.2,4.7,12/19,-13.0,0.57
dev:volH4 × rank:volD1,3,sharpe,351.9,35.5,9.9,13/19,-7.6,0.68
dev:volH4 × dev:volD1,3,sharpe,325.7,39.5,8.2,13/19,-10.4,0.65
dev:volH4 × rank:adxH1,3,sharpe,285.2,39.8,7.2,14/19,-13.0,0.63
dev:volH4 × dev:adxH1,3,sharpe,250.3,34.9,7.2,11/19,-9.5,0.65
dev:volH4 × rank:adxH4,3,sharpe,295.1,52.4,5.6,13/19,-14.5,0.63
dev:volH4 × dev:adxH4,3,sharpe,276.7,48.2,5.7,14/19,-12.4,0.66
dev:volH4 × rank:adxD1,3,sharpe,279.2,47.3,5.9,13/19,-12.6,0.64
dev:volH4 × dev:adxD1,3,sharpe,277.8,55.4,5.0,13/19,-16.0,0.62
dev:volH4 × rank:effH1,3,sharpe,267.0,43.8,6.1,11/19,-11.0,0.57
dev:volH4 × dev:effH1,3,sharpe,278.8,41.8,6.7,13/19,-9.9,0.6
dev:volH4 × rank:effH4,3,sharpe,306.6,47.4,6.5,13/19,-12.9,0.64
dev:volH4 × dev:effH4,3,sharpe,304.3,44.6,6.8,13/19,-14.0,0.65
dev:volH4 × rank:stackH4,3,sharpe,330.7,47.3,7.0,13/19,-10.9,0.61
dev:volH4 × rank:ribbonD1,3,sharpe,282.1,42.3,6.7,13/19,-12.0,0.61
dev:volH4 × dev:ribbonD1,3,sharpe,243.7,42.9,5.7,12/19,-9.8,0.57
dev:volH4 × rank:dayrange,3,sharpe,278.4,41.3,6.7,11/19,-9.6,0.58
dev:volH4 × dev:dayrange,3,sharpe,304.9,38.2,8.0,13/19,-11.1,0.66
dev:volH4 × rank:hour,3,sharpe,239.1,43.0,5.6,11/19,-9.3,0.57
dev:volH4 × rank:posH4,3,sharpe,312.1,44.7,7.0,13/19,-11.2,0.63
dev:volH4 × dev:posH4,3,sharpe,281.5,48.5,5.8,14/19,-12.1,0.63
dev:volH4 × rank:distD1,3,sharpe,212.0,45.9,4.6,12/19,-13.9,0.55
dev:volH4 × dev:distD1,3,sharpe,259.2,52.8,4.9,12/19,-12.4,0.6
dev:volH4 × rank:volume,3,sharpe,263.5,39.7,6.6,12/19,-11.1,0.62
dev:volH4 × dev:volume,3,sharpe,274.1,50.4,5.4,12/19,-11.9,0.61
dev:volH4 × rank:squeezeH1,3,sharpe,307.5,47.6,6.5,13/19,-13.7,0.64
dev:volH4 × dev:squeezeH1,3,sharpe,267.5,47.0,5.7,14/19,-11.0,0.63
rank:volD1 × dev:volD1,3,sharpe,327.2,23.0,14.2,12/19,-9.0,0.74
rank:volD1 × rank:adxH1,3,sharpe,324.9,21.6,15.0,14/19,-12.3,0.67
rank:volD1 × dev:adxH1,3,sharpe,293.1,23.9,12.3,13/19,-9.9,0.72
rank:volD1 × rank:adxH4,3,sharpe,297.8,30.3,9.8,12/19,-6.5,0.73
rank:volD1 × dev:adxH4,3,sharpe,299.2,32.4,9.2,12/19,-7.9,0.75
rank:volD1 × rank:adxD1,3,sharpe,280.6,36.8,7.6,12/19,-11.0,0.7
rank:volD1 × dev:adxD1,3,sharpe,311.0,43.2,7.2,13/19,-13.1,0.7
rank:volD1 × rank:effH1,3,sharpe,243.8,26.5,9.2,10/19,-8.9,0.64
rank:volD1 × dev:effH1,3,sharpe,272.6,29.6,9.2,13/19,-12.0,0.7
rank:volD1 × rank:effH4,3,sharpe,282.3,32.4,8.7,12/19,-8.2,0.71
rank:volD1 × dev:effH4,3,sharpe,296.1,29.0,10.2,13/19,-12.4,0.72
rank:volD1 × rank:stackH4,3,sharpe,289.9,30.4,9.5,13/19,-10.0,0.75
rank:volD1 × rank:ribbonD1,3,sharpe,296.3,39.1,7.6,11/19,-10.8,0.68
rank:volD1 × dev:ribbonD1,3,sharpe,267.7,37.1,7.2,12/19,-9.8,0.68
rank:volD1 × rank:dayrange,3,sharpe,342.5,31.4,10.9,14/19,-10.8,0.76
rank:volD1 × dev:dayrange,3,sharpe,250.0,33.9,7.4,12/19,-12.8,0.69
rank:volD1 × rank:hour,3,sharpe,294.6,29.5,10.0,12/19,-11.4,0.62
rank:volD1 × rank:posH4,3,sharpe,297.3,37.3,8.0,12/19,-9.7,0.76
rank:volD1 × dev:posH4,3,sharpe,269.4,35.3,7.6,12/19,-9.4,0.72
rank:volD1 × rank:distD1,3,sharpe,258.5,33.0,7.8,13/19,-8.4,0.71
rank:volD1 × dev:distD1,3,sharpe,323.1,37.0,8.7,12/19,-11.9,0.59
rank:volD1 × rank:volume,3,sharpe,290.1,34.4,8.4,14/19,-9.7,0.74
rank:volD1 × dev:volume,3,sharpe,291.7,26.7,10.9,12/19,-9.1,0.69
rank:volD1 × rank:squeezeH1,3,sharpe,285.4,33.7,8.5,12/19,-10.4,0.67
rank:volD1 × dev:squeezeH1,3,sharpe,285.0,30.5,9.3,12/19,-9.2,0.68
dev:volD1 × rank:adxH1,3,sharpe,334.9,29.0,11.5,12/19,-9.0,0.73
dev:volD1 × dev:adxH1,3,sharpe,270.9,33.9,8.0,12/19,-9.1,0.7
dev:volD1 × rank:adxH4,3,sharpe,284.4,42.3,6.7,12/19,-14.0,0.66
dev:volD1 × dev:adxH4,3,sharpe,294.4,32.1,9.2,12/19,-10.5,0.7
dev:volD1 × rank:adxD1,3,sharpe,314.3,41.3,7.6,13/19,-11.3,0.72
dev:volD1 × dev:adxD1,3,sharpe,290.4,39.8,7.3,13/19,-13.3,0.67
dev:volD1 × rank:effH1,3,sharpe,264.5,27.1,9.8,12/19,-10.0,0.7
dev:volD1 × dev:effH1,3,sharpe,304.7,32.0,9.5,12/19,-9.0,0.67
dev:volD1 × rank:effH4,3,sharpe,338.4,35.5,9.5,10/19,-9.2,0.69
dev:volD1 × dev:effH4,3,sharpe,314.7,31.3,10.1,12/19,-9.4,0.71
dev:volD1 × rank:stackH4,3,sharpe,349.3,27.4,12.7,12/19,-9.0,0.75
dev:volD1 × rank:ribbonD1,3,sharpe,262.1,47.1,5.6,12/19,-12.4,0.63
dev:volD1 × dev:ribbonD1,3,sharpe,283.8,31.5,9.0,12/19,-7.8,0.73
dev:volD1 × rank:dayrange,3,sharpe,326.1,30.3,10.8,11/19,-9.3,0.64
dev:volD1 × dev:dayrange,3,sharpe,276.8,34.6,8.0,13/19,-10.5,0.69
dev:volD1 × rank:hour,3,sharpe,278.4,32.4,8.6,11/19,-10.3,0.64
dev:volD1 × rank:posH4,3,sharpe,254.1,38.4,6.6,11/19,-10.8,0.63
dev:volD1 × dev:posH4,3,sharpe,284.3,26.9,10.6,12/19,-9.5,0.73
dev:volD1 × rank:distD1,3,sharpe,285.8,35.6,8.0,12/19,-14.1,0.66
dev:volD1 × dev:distD1,3,sharpe,278.1,33.9,8.2,12/19,-10.4,0.69
dev:volD1 × rank:volume,3,sharpe,283.6,36.3,7.8,11/19,-11.7,0.66
dev:volD1 × dev:volume,3,sharpe,300.0,29.7,10.1,12/19,-7.8,0.67
dev:volD1 × rank:squeezeH1,3,sharpe,277.1,36.6,7.6,13/19,-11.1,0.69
dev:volD1 × dev:squeezeH1,3,sharpe,270.2,27.9,9.7,15/19,-9.2,0.69
rank:adxH1 × dev:adxH1,3,sharpe,325.7,35.1,9.3,13/19,-11.2,0.68
rank:adxH1 × rank:adxH4,3,sharpe,301.0,32.1,9.4,14/19,-8.6,0.71
rank:adxH1 × dev:adxH4,3,sharpe,275.3,33.8,8.1,14/19,-11.4,0.66
rank:adxH1 × rank:adxD1,3,sharpe,289.5,48.1,6.0,12/19,-13.7,0.64
rank:adxH1 × dev:adxD1,3,sharpe,325.8,37.1,8.8,13/19,-8.7,0.74
rank:adxH1 × rank:effH1,3,sharpe,316.6,26.7,11.9,14/19,-10.2,0.65
rank:adxH1 × dev:effH1,3,sharpe,287.7,30.5,9.4,14/19,-13.2,0.69
rank:adxH1 × rank:effH4,3,sharpe,329.1,44.4,7.4,13/19,-10.4,0.67
rank:adxH1 × dev:effH4,3,sharpe,298.9,35.6,8.4,13/19,-12.1,0.67
rank:adxH1 × rank:stackH4,3,sharpe,295.6,29.0,10.2,13/19,-11.3,0.7
rank:adxH1 × rank:ribbonD1,3,sharpe,269.5,42.8,6.3,13/19,-12.9,0.64
rank:adxH1 × dev:ribbonD1,3,sharpe,320.7,28.3,11.3,12/19,-10.2,0.71
rank:adxH1 × rank:dayrange,3,sharpe,292.5,27.7,10.6,13/19,-9.0,0.65
rank:adxH1 × dev:dayrange,3,sharpe,278.2,29.3,9.5,14/19,-12.2,0.69
rank:adxH1 × rank:hour,3,sharpe,274.0,32.4,8.5,11/19,-10.7,0.58
rank:adxH1 × rank:posH4,3,sharpe,295.6,39.1,7.6,12/19,-13.9,0.6
rank:adxH1 × dev:posH4,3,sharpe,303.0,29.7,10.2,12/19,-9.6,0.71
rank:adxH1 × rank:distD1,3,sharpe,270.8,36.1,7.5,13/19,-11.5,0.63
rank:adxH1 × dev:distD1,3,sharpe,269.2,36.5,7.4,12/19,-11.9,0.64
rank:adxH1 × rank:volume,3,sharpe,273.5,36.2,7.6,14/19,-14.5,0.61
rank:adxH1 × dev:volume,3,sharpe,279.1,34.3,8.1,14/19,-12.6,0.61
rank:adxH1 × rank:squeezeH1,3,sharpe,245.0,36.0,6.8,12/19,-10.7,0.6
rank:adxH1 × dev:squeezeH1,3,sharpe,281.5,37.7,7.5,12/19,-12.7,0.65
dev:adxH1 × rank:adxH4,3,sharpe,259.4,41.3,6.3,13/19,-11.7,0.63
dev:adxH1 × dev:adxH4,3,sharpe,285.6,38.2,7.5,13/19,-10.8,0.68
dev:adxH1 × rank:adxD1,3,sharpe,269.1,45.7,5.9,13/19,-12.9,0.63
dev:adxH1 × dev:adxD1,3,sharpe,257.4,43.3,5.9,13/19,-15.9,0.61
dev:adxH1 × rank:effH1,3,sharpe,263.0,36.1,7.3,13/19,-10.4,0.58
dev:adxH1 × dev:effH1,3,sharpe,283.5,44.8,6.3,13/19,-12.5,0.57
dev:adxH1 × rank:effH4,3,sharpe,241.7,42.5,5.7,11/19,-11.5,0.6
dev:adxH1 × dev:effH4,3,sharpe,255.7,36.6,7.0,11/19,-8.4,0.62
dev:adxH1 × rank:stackH4,3,sharpe,271.5,41.5,6.5,13/19,-12.9,0.62
dev:adxH1 × rank:ribbonD1,3,sharpe,296.7,39.4,7.5,13/19,-12.3,0.67
dev:adxH1 × dev:ribbonD1,3,sharpe,260.5,39.5,6.6,11/19,-11.2,0.58
dev:adxH1 × rank:dayrange,3,sharpe,288.0,38.0,7.6,14/19,-13.9,0.62
dev:adxH1 × dev:dayrange,3,sharpe,220.6,36.0,6.1,12/19,-11.2,0.59
dev:adxH1 × rank:hour,3,sharpe,259.4,35.6,7.3,12/19,-8.5,0.68
dev:adxH1 × rank:posH4,3,sharpe,246.8,47.6,5.2,11/19,-14.0,0.57
dev:adxH1 × dev:posH4,3,sharpe,242.5,45.3,5.4,11/19,-14.8,0.56
dev:adxH1 × rank:distD1,3,sharpe,262.3,39.6,6.6,13/19,-12.5,0.66
dev:adxH1 × dev:distD1,3,sharpe,298.0,43.4,6.9,13/19,-9.7,0.66
dev:adxH1 × rank:volume,3,sharpe,246.3,40.8,6.0,13/19,-13.1,0.63
dev:adxH1 × dev:volume,3,sharpe,254.9,45.7,5.6,12/19,-12.3,0.61
dev:adxH1 × rank:squeezeH1,3,sharpe,249.8,36.1,6.9,12/19,-8.8,0.6
dev:adxH1 × dev:squeezeH1,3,sharpe,259.3,34.9,7.4,12/19,-9.2,0.61
rank:adxH4 × dev:adxH4,3,sharpe,270.6,42.4,6.4,13/19,-9.8,0.68
rank:adxH4 × rank:adxD1,3,sharpe,279.8,46.1,6.1,13/19,-10.9,0.67
rank:adxH4 × dev:adxD1,3,sharpe,258.5,54.8,4.7,12/19,-13.6,0.49
rank:adxH4 × rank:effH1,3,sharpe,253.6,43.7,5.8,12/19,-13.0,0.58
rank:adxH4 × dev:effH1,3,sharpe,295.7,40.7,7.3,14/19,-14.1,0.64
rank:adxH4 × rank:effH4,3,sharpe,257.9,45.8,5.6,11/19,-14.4,0.57
rank:adxH4 × dev:effH4,3,sharpe,266.9,43.8,6.1,12/19,-16.9,0.6
rank:adxH4 × rank:stackH4,3,sharpe,242.5,47.6,5.1,12/19,-14.9,0.61
rank:adxH4 × rank:ribbonD1,3,sharpe,263.7,37.6,7.0,12/19,-11.4,0.62
rank:adxH4 × dev:ribbonD1,3,sharpe,237.5,49.0,4.8,13/19,-15.6,0.57
rank:adxH4 × rank:dayrange,3,sharpe,315.3,36.3,8.7,15/19,-12.2,0.74
rank:adxH4 × dev:dayrange,3,sharpe,288.9,40.4,7.2,13/19,-13.9,0.69
rank:adxH4 × rank:hour,3,sharpe,220.4,49.4,4.5,12/19,-15.9,0.56
rank:adxH4 × rank:posH4,3,sharpe,242.8,50.9,4.8,13/19,-12.9,0.57
rank:adxH4 × dev:posH4,3,sharpe,223.1,51.1,4.4,12/19,-15.4,0.57
rank:adxH4 × rank:distD1,3,sharpe,277.1,46.5,6.0,14/19,-17.1,0.65
rank:adxH4 × dev:distD1,3,sharpe,291.8,42.3,6.9,13/19,-12.9,0.68
rank:adxH4 × rank:volume,3,sharpe,264.0,46.7,5.7,13/19,-15.8,0.6
rank:adxH4 × dev:volume,3,sharpe,235.9,46.2,5.1,13/19,-15.7,0.6
rank:adxH4 × rank:squeezeH1,3,sharpe,243.1,44.6,5.5,12/19,-12.6,0.63
rank:adxH4 × dev:squeezeH1,3,sharpe,276.9,44.2,6.3,13/19,-13.6,0.69
dev:adxH4 × rank:adxD1,3,sharpe,318.7,44.8,7.1,13/19,-10.5,0.76
dev:adxH4 × dev:adxD1,3,sharpe,301.9,39.1,7.7,12/19,-13.1,0.62
dev:adxH4 × rank:effH1,3,sharpe,280.2,31.6,8.9,12/19,-11.2,0.66
dev:adxH4 × dev:effH1,3,sharpe,273.6,45.5,6.0,12/19,-11.6,0.72
dev:adxH4 × rank:effH4,3,sharpe,266.1,44.0,6.0,13/19,-11.9,0.62
dev:adxH4 × dev:effH4,3,sharpe,291.3,36.8,7.9,13/19,-11.2,0.66
dev:adxH4 × rank:stackH4,3,sharpe,283.5,45.5,6.2,13/19,-12.7,0.68
dev:adxH4 × rank:ribbonD1,3,sharpe,267.2,37.3,7.2,13/19,-10.1,0.64
dev:adxH4 × dev:ribbonD1,3,sharpe,253.4,39.5,6.4,13/19,-11.6,0.61
dev:adxH4 × rank:dayrange,3,sharpe,247.8,34.5,7.2,12/19,-10.1,0.65
dev:adxH4 × dev:dayrange,3,sharpe,296.8,41.5,7.2,12/19,-12.4,0.69
dev:adxH4 × rank:hour,3,sharpe,263.9,44.3,6.0,12/19,-12.0,0.63
dev:adxH4 × rank:posH4,3,sharpe,264.5,45.7,5.8,13/19,-11.3,0.65
dev:adxH4 × dev:posH4,3,sharpe,256.0,49.0,5.2,13/19,-13.2,0.67
dev:adxH4 × rank:distD1,3,sharpe,291.4,47.3,6.2,13/19,-16.9,0.68
dev:adxH4 × dev:distD1,3,sharpe,268.3,33.9,7.9,14/19,-13.4,0.7
dev:adxH4 × rank:volume,3,sharpe,292.8,42.2,6.9,14/19,-10.5,0.67
dev:adxH4 × dev:volume,3,sharpe,298.2,45.2,6.6,13/19,-13.0,0.59
dev:adxH4 × rank:squeezeH1,3,sharpe,248.0,46.5,5.3,13/19,-10.7,0.61
dev:adxH4 × dev:squeezeH1,3,sharpe,240.1,41.8,5.7,13/19,-11.2,0.65
rank:adxD1 × dev:adxD1,3,sharpe,291.5,55.3,5.3,13/19,-13.4,0.67
rank:adxD1 × rank:effH1,3,sharpe,273.2,47.5,5.8,13/19,-12.3,0.6
rank:adxD1 × dev:effH1,3,sharpe,294.3,38.1,7.7,12/19,-11.9,0.64
rank:adxD1 × rank:effH4,3,sharpe,357.0,38.3,9.3,12/19,-9.1,0.77
rank:adxD1 × dev:effH4,3,sharpe,265.9,41.3,6.4,12/19,-10.5,0.64
rank:adxD1 × rank:stackH4,3,sharpe,272.5,49.7,5.5,13/19,-13.4,0.64
rank:adxD1 × rank:ribbonD1,3,sharpe,267.1,52.1,5.1,13/19,-12.9,0.58
rank:adxD1 × dev:ribbonD1,3,sharpe,246.9,44.7,5.5,13/19,-13.3,0.62
rank:adxD1 × rank:dayrange,3,sharpe,284.3,45.3,6.3,12/19,-10.1,0.65
rank:adxD1 × dev:dayrange,3,sharpe,270.4,48.3,5.6,13/19,-11.3,0.62
rank:adxD1 × rank:hour,3,sharpe,255.6,44.2,5.8,13/19,-11.4,0.62
rank:adxD1 × rank:posH4,3,sharpe,246.3,48.8,5.0,12/19,-12.6,0.56
rank:adxD1 × dev:posH4,3,sharpe,284.8,45.1,6.3,14/19,-12.5,0.63
rank:adxD1 × rank:distD1,3,sharpe,271.2,46.5,5.8,13/19,-12.3,0.68
rank:adxD1 × dev:distD1,3,sharpe,287.9,43.5,6.6,12/19,-13.8,0.65
rank:adxD1 × rank:volume,3,sharpe,262.1,51.2,5.1,12/19,-15.4,0.58
rank:adxD1 × dev:volume,3,sharpe,267.3,49.0,5.5,13/19,-13.3,0.63
rank:adxD1 × rank:squeezeH1,3,sharpe,242.0,49.7,4.9,14/19,-12.5,0.62
rank:adxD1 × dev:squeezeH1,3,sharpe,264.4,49.6,5.3,13/19,-12.2,0.64
dev:adxD1 × rank:effH1,3,sharpe,292.7,38.5,7.6,12/19,-11.2,0.63
dev:adxD1 × dev:effH1,3,sharpe,299.9,48.0,6.2,13/19,-13.8,0.63
dev:adxD1 × rank:effH4,3,sharpe,274.7,47.3,5.8,13/19,-15.0,0.57
dev:adxD1 × dev:effH4,3,sharpe,271.3,45.8,5.9,11/19,-15.1,0.56
dev:adxD1 × rank:stackH4,3,sharpe,275.3,49.3,5.6,13/19,-16.0,0.61
dev:adxD1 × rank:ribbonD1,3,sharpe,251.2,40.1,6.3,11/19,-11.1,0.6
dev:adxD1 × dev:ribbonD1,3,sharpe,255.3,39.3,6.5,13/19,-12.0,0.61
dev:adxD1 × rank:dayrange,3,sharpe,300.3,46.9,6.4,12/19,-13.8,0.62
dev:adxD1 × dev:dayrange,3,sharpe,280.0,43.6,6.4,13/19,-14.7,0.63
dev:adxD1 × rank:hour,3,sharpe,286.4,45.7,6.3,11/19,-13.8,0.62
dev:adxD1 × rank:posH4,3,sharpe,298.8,45.5,6.6,12/19,-14.0,0.63
dev:adxD1 × dev:posH4,3,sharpe,281.5,47.0,6.0,12/19,-14.7,0.64
dev:adxD1 × rank:distD1,3,sharpe,286.1,41.2,6.9,12/19,-11.1,0.67
dev:adxD1 × dev:distD1,3,sharpe,253.2,53.6,4.7,12/19,-13.6,0.56
dev:adxD1 × rank:volume,3,sharpe,264.6,45.5,5.8,13/19,-14.7,0.58
dev:adxD1 × dev:volume,3,sharpe,260.2,48.6,5.4,13/19,-16.0,0.62
dev:adxD1 × rank:squeezeH1,3,sharpe,272.6,47.6,5.7,13/19,-16.0,0.63
dev:adxD1 × dev:squeezeH1,3,sharpe,231.2,44.8,5.2,12/19,-14.5,0.55
rank:effH1 × dev:effH1,3,sharpe,253.9,44.2,5.7,11/19,-11.3,0.55
rank:effH1 × rank:effH4,3,sharpe,290.3,40.3,7.2,12/19,-11.0,0.59
rank:effH1 × dev:effH4,3,sharpe,295.3,36.3,8.1,11/19,-12.6,0.61
rank:effH1 × rank:stackH4,3,sharpe,237.8,36.6,6.5,11/19,-8.8,0.56
rank:effH1 × rank:ribbonD1,3,sharpe,254.4,38.8,6.6,12/19,-13.0,0.6
rank:effH1 × dev:ribbonD1,3,sharpe,239.1,35.5,6.7,12/19,-8.3,0.62
rank:effH1 × rank:dayrange,3,sharpe,323.2,29.1,11.1,13/19,-12.2,0.68
rank:effH1 × dev:dayrange,3,sharpe,284.7,36.3,7.8,12/19,-10.5,0.62
rank:effH1 × rank:hour,3,sharpe,231.2,41.8,5.5,10/19,-11.0,0.55
rank:effH1 × rank:posH4,3,sharpe,238.7,46.2,5.2,12/19,-10.8,0.56
rank:effH1 × dev:posH4,3,sharpe,253.5,39.1,6.5,12/19,-12.1,0.6
rank:effH1 × rank:distD1,3,sharpe,278.1,41.1,6.8,13/19,-10.8,0.59
rank:effH1 × dev:distD1,3,sharpe,244.9,38.7,6.3,11/19,-9.1,0.57
rank:effH1 × rank:volume,3,sharpe,245.7,37.7,6.5,12/19,-10.5,0.52
rank:effH1 × dev:volume,3,sharpe,212.0,33.8,6.3,12/19,-13.9,0.55
rank:effH1 × rank:squeezeH1,3,sharpe,242.9,45.2,5.4,11/19,-12.5,0.52
rank:effH1 × dev:squeezeH1,3,sharpe,241.8,38.4,6.3,13/19,-11.7,0.58
dev:effH1 × rank:effH4,3,sharpe,274.6,47.1,5.8,12/19,-15.3,0.58
dev:effH1 × dev:effH4,3,sharpe,261.0,42.7,6.1,13/19,-10.7,0.6
dev:effH1 × rank:stackH4,3,sharpe,268.9,36.2,7.4,13/19,-11.5,0.62
dev:effH1 × rank:ribbonD1,3,sharpe,267.3,48.8,5.5,12/19,-13.7,0.57
dev:effH1 × dev:ribbonD1,3,sharpe,293.3,35.4,8.3,12/19,-10.8,0.62
dev:effH1 × rank:dayrange,3,sharpe,290.0,43.5,6.7,13/19,-10.4,0.64
dev:effH1 × dev:dayrange,3,sharpe,274.5,41.6,6.6,13/19,-12.5,0.63
dev:effH1 × rank:hour,3,sharpe,268.9,32.5,8.3,13/19,-10.2,0.66
dev:effH1 × rank:posH4,3,sharpe,281.0,40.9,6.9,13/19,-11.3,0.62
dev:effH1 × dev:posH4,3,sharpe,273.1,44.8,6.1,11/19,-11.5,0.59
dev:effH1 × rank:distD1,3,sharpe,254.0,38.4,6.6,13/19,-14.2,0.61
dev:effH1 × dev:distD1,3,sharpe,268.1,40.7,6.6,12/19,-11.8,0.56
dev:effH1 × rank:volume,3,sharpe,269.7,33.5,8.1,12/19,-9.7,0.6
dev:effH1 × dev:volume,3,sharpe,299.2,36.2,8.3,13/19,-11.4,0.64
dev:effH1 × rank:squeezeH1,3,sharpe,234.9,38.8,6.1,12/19,-12.8,0.56
dev:effH1 × dev:squeezeH1,3,sharpe,301.1,40.8,7.4,12/19,-12.0,0.65
rank:effH4 × dev:effH4,3,sharpe,270.2,46.1,5.9,12/19,-10.8,0.58
rank:effH4 × rank:stackH4,3,sharpe,275.2,46.1,6.0,12/19,-13.3,0.6
rank:effH4 × rank:ribbonD1,3,sharpe,255.8,45.6,5.6,12/19,-12.3,0.56
rank:effH4 × dev:ribbonD1,3,sharpe,308.6,38.7,8.0,12/19,-11.3,0.62
rank:effH4 × rank:dayrange,3,sharpe,294.8,37.9,7.8,13/19,-12.8,0.64
rank:effH4 × dev:dayrange,3,sharpe,278.1,39.9,7.0,13/19,-12.1,0.61
rank:effH4 × rank:hour,3,sharpe,262.3,43.6,6.0,12/19,-13.6,0.67
rank:effH4 × rank:posH4,3,sharpe,286.7,37.4,7.7,11/19,-11.5,0.59
rank:effH4 × dev:posH4,3,sharpe,230.6,48.3,4.8,12/19,-14.5,0.51
rank:effH4 × rank:distD1,3,sharpe,223.9,45.1,5.0,12/19,-15.9,0.57
rank:effH4 × dev:distD1,3,sharpe,296.8,42.6,7.0,12/19,-16.0,0.62
rank:effH4 × rank:volume,3,sharpe,298.1,43.0,6.9,13/19,-9.8,0.68
rank:effH4 × dev:volume,3,sharpe,290.2,46.1,6.3,14/19,-14.1,0.59
rank:effH4 × rank:squeezeH1,3,sharpe,250.1,35.8,7.0,13/19,-11.7,0.55
rank:effH4 × dev:squeezeH1,3,sharpe,258.5,38.6,6.7,11/19,-12.4,0.6
dev:effH4 × rank:stackH4,3,sharpe,299.5,42.5,7.0,11/19,-10.8,0.6
dev:effH4 × rank:ribbonD1,3,sharpe,237.5,43.5,5.5,11/19,-11.8,0.57
dev:effH4 × dev:ribbonD1,3,sharpe,303.9,33.8,9.0,13/19,-11.1,0.66
dev:effH4 × rank:dayrange,3,sharpe,306.4,36.3,8.4,12/19,-12.7,0.65
dev:effH4 × dev:dayrange,3,sharpe,285.0,34.4,8.3,12/19,-12.4,0.62
dev:effH4 × rank:hour,3,sharpe,219.7,44.2,5.0,12/19,-11.9,0.53
dev:effH4 × rank:posH4,3,sharpe,285.8,41.1,7.0,11/19,-13.7,0.6
dev:effH4 × dev:posH4,3,sharpe,273.4,39.8,6.9,11/19,-12.3,0.59
dev:effH4 × rank:distD1,3,sharpe,268.8,47.6,5.6,12/19,-17.0,0.59
dev:effH4 × dev:distD1,3,sharpe,301.6,46.2,6.5,12/19,-16.6,0.62
dev:effH4 × rank:volume,3,sharpe,287.8,48.0,6.0,13/19,-12.0,0.61
dev:effH4 × dev:volume,3,sharpe,296.0,43.9,6.7,13/19,-11.7,0.54
dev:effH4 × rank:squeezeH1,3,sharpe,281.0,36.5,7.7,12/19,-10.3,0.62
dev:effH4 × dev:squeezeH1,3,sharpe,315.9,34.6,9.1,11/19,-12.8,0.65
rank:stackH4 × rank:ribbonD1,3,sharpe,261.9,41.5,6.3,13/19,-13.0,0.61
rank:stackH4 × dev:ribbonD1,3,sharpe,278.9,38.8,7.2,13/19,-9.3,0.58
rank:stackH4 × rank:dayrange,3,sharpe,273.7,37.8,7.2,11/19,-9.7,0.58
rank:stackH4 × dev:dayrange,3,sharpe,287.4,44.7,6.4,13/19,-15.2,0.62
rank:stackH4 × rank:hour,3,sharpe,277.9,38.3,7.3,12/19,-9.7,0.61
rank:stackH4 × rank:posH4,3,sharpe,285.2,42.3,6.7,13/19,-12.1,0.65
rank:stackH4 × dev:posH4,3,sharpe,273.8,49.1,5.6,12/19,-12.3,0.58
rank:stackH4 × rank:distD1,3,sharpe,268.6,39.6,6.8,13/19,-13.4,0.65
rank:stackH4 × dev:distD1,3,sharpe,279.9,38.3,7.3,13/19,-15.5,0.63
rank:stackH4 × rank:volume,3,sharpe,279.4,42.6,6.6,14/19,-11.2,0.66
rank:stackH4 × dev:volume,3,sharpe,262.0,44.1,5.9,13/19,-14.6,0.6
rank:stackH4 × rank:squeezeH1,3,sharpe,210.3,42.4,5.0,12/19,-9.6,0.54
rank:stackH4 × dev:squeezeH1,3,sharpe,280.8,42.9,6.5,12/19,-9.6,0.64
rank:ribbonD1 × dev:ribbonD1,3,sharpe,283.9,48.2,5.9,13/19,-11.4,0.67
rank:ribbonD1 × rank:dayrange,3,sharpe,302.5,44.4,6.8,13/19,-12.5,0.64
rank:ribbonD1 × dev:dayrange,3,sharpe,233.9,50.7,4.6,13/19,-13.8,0.58
rank:ribbonD1 × rank:hour,3,sharpe,261.8,37.4,7.0,12/19,-10.6,0.66
rank:ribbonD1 × rank:posH4,3,sharpe,254.5,43.6,5.8,12/19,-11.9,0.57
rank:ribbonD1 × dev:posH4,3,sharpe,255.9,43.8,5.8,11/19,-11.4,0.63
rank:ribbonD1 × rank:distD1,3,sharpe,293.2,41.5,7.1,13/19,-13.3,0.66
rank:ribbonD1 × dev:distD1,3,sharpe,274.3,49.8,5.5,12/19,-14.4,0.64
rank:ribbonD1 × rank:volume,3,sharpe,275.4,49.9,5.5,12/19,-13.3,0.59
rank:ribbonD1 × dev:volume,3,sharpe,267.2,43.9,6.1,11/19,-14.9,0.58
rank:ribbonD1 × rank:squeezeH1,3,sharpe,255.9,46.8,5.5,12/19,-12.9,0.6
rank:ribbonD1 × dev:squeezeH1,3,sharpe,228.0,44.4,5.1,11/19,-12.9,0.55
dev:ribbonD1 × rank:dayrange,3,sharpe,254.7,31.9,8.0,13/19,-12.1,0.58
dev:ribbonD1 × dev:dayrange,3,sharpe,239.3,42.4,5.6,12/19,-10.5,0.55
dev:ribbonD1 × rank:hour,3,sharpe,226.3,38.8,5.8,12/19,-10.1,0.58
dev:ribbonD1 × rank:posH4,3,sharpe,278.0,42.3,6.6,11/19,-10.9,0.59
dev:ribbonD1 × dev:posH4,3,sharpe,260.7,42.6,6.1,12/19,-10.2,0.58
dev:ribbonD1 × rank:distD1,3,sharpe,273.3,39.6,6.9,14/19,-10.2,0.67
dev:ribbonD1 × dev:distD1,3,sharpe,269.7,37.7,7.2,14/19,-12.3,0.63
dev:ribbonD1 × rank:volume,3,sharpe,264.5,41.0,6.5,11/19,-9.4,0.6
dev:ribbonD1 × dev:volume,3,sharpe,229.2,41.1,5.6,13/19,-8.9,0.55
dev:ribbonD1 × rank:squeezeH1,3,sharpe,271.4,30.5,8.9,12/19,-9.6,0.64
dev:ribbonD1 × dev:squeezeH1,3,sharpe,240.3,39.7,6.1,11/19,-9.5,0.6
rank:dayrange × dev:dayrange,3,sharpe,274.4,35.1,7.8,14/19,-9.7,0.72
rank:dayrange × rank:hour,3,sharpe,282.7,38.2,7.4,13/19,-9.5,0.62
rank:dayrange × rank:posH4,3,sharpe,310.4,39.1,7.9,12/19,-9.4,0.64
rank:dayrange × dev:posH4,3,sharpe,284.6,34.0,8.4,12/19,-9.4,0.69
rank:dayrange × rank:distD1,3,sharpe,260.6,35.6,7.3,14/19,-13.7,0.63
rank:dayrange × dev:distD1,3,sharpe,255.8,35.6,7.2,12/19,-12.4,0.57
rank:dayrange × rank:volume,3,sharpe,317.6,35.0,9.1,14/19,-10.4,0.65
rank:dayrange × dev:volume,3,sharpe,286.2,32.8,8.7,13/19,-10.0,0.59
rank:dayrange × rank:squeezeH1,3,sharpe,295.8,48.0,6.2,13/19,-10.3,0.64
rank:dayrange × dev:squeezeH1,3,sharpe,283.6,40.8,7.0,12/19,-10.1,0.66
dev:dayrange × rank:hour,3,sharpe,295.2,35.0,8.4,11/19,-11.5,0.63
dev:dayrange × rank:posH4,3,sharpe,229.9,38.2,6.0,12/19,-9.7,0.61
dev:dayrange × dev:posH4,3,sharpe,254.3,40.1,6.3,14/19,-11.2,0.65
dev:dayrange × rank:distD1,3,sharpe,241.1,33.9,7.1,13/19,-11.2,0.6
dev:dayrange × dev:distD1,3,sharpe,295.3,37.2,7.9,13/19,-9.9,0.64
dev:dayrange × rank:volume,3,sharpe,258.1,45.2,5.7,13/19,-10.5,0.62
dev:dayrange × dev:volume,3,sharpe,312.1,33.5,9.3,12/19,-11.5,0.6
dev:dayrange × rank:squeezeH1,3,sharpe,245.3,44.4,5.5,11/19,-9.8,0.57
dev:dayrange × dev:squeezeH1,3,sharpe,224.3,39.4,5.7,11/19,-10.5,0.56
rank:hour × rank:posH4,3,sharpe,269.0,31.9,8.4,11/19,-8.3,0.62
rank:hour × dev:posH4,3,sharpe,248.8,35.1,7.1,11/19,-9.5,0.63
rank:hour × rank:distD1,3,sharpe,232.6,43.4,5.4,12/19,-10.5,0.57
rank:hour × dev:distD1,3,sharpe,257.8,40.7,6.3,12/19,-12.9,0.63
rank:hour × rank:volume,3,sharpe,268.7,40.3,6.7,12/19,-10.0,0.62
rank:hour × dev:volume,3,sharpe,262.9,39.4,6.7,14/19,-9.7,0.58
rank:hour × rank:squeezeH1,3,sharpe,263.5,42.2,6.2,13/19,-9.6,0.61
rank:hour × dev:squeezeH1,3,sharpe,255.8,41.7,6.1,13/19,-12.6,0.58
rank:posH4 × dev:posH4,3,sharpe,270.3,43.8,6.2,13/19,-10.8,0.62
rank:posH4 × rank:distD1,3,sharpe,275.5,38.6,7.1,12/19,-11.3,0.64
rank:posH4 × dev:distD1,3,sharpe,279.0,38.1,7.3,13/19,-9.7,0.64
rank:posH4 × rank:volume,3,sharpe,279.2,32.6,8.6,13/19,-13.3,0.67
rank:posH4 × dev:volume,3,sharpe,291.3,40.8,7.1,13/19,-12.1,0.66
rank:posH4 × rank:squeezeH1,3,sharpe,236.4,42.4,5.6,12/19,-9.6,0.58
rank:posH4 × dev:squeezeH1,3,sharpe,300.0,37.8,7.9,14/19,-11.3,0.7
dev:posH4 × rank:distD1,3,sharpe,283.5,33.2,8.5,14/19,-10.6,0.7
dev:posH4 × dev:distD1,3,sharpe,271.1,43.9,6.2,13/19,-10.6,0.63
dev:posH4 × rank:volume,3,sharpe,277.2,41.2,6.7,14/19,-10.5,0.61
dev:posH4 × dev:volume,3,sharpe,245.8,47.4,5.2,13/19,-12.8,0.56
dev:posH4 × rank:squeezeH1,3,sharpe,224.6,44.0,5.1,12/19,-9.7,0.63
dev:posH4 × dev:squeezeH1,3,sharpe,296.0,35.8,8.3,12/19,-8.0,0.66
rank:distD1 × dev:distD1,3,sharpe,247.2,43.5,5.7,13/19,-15.7,0.61
rank:distD1 × rank:volume,3,sharpe,264.9,38.0,7.0,12/19,-11.8,0.58
rank:distD1 × dev:volume,3,sharpe,227.9,39.0,5.8,12/19,-14.5,0.6
rank:distD1 × rank:squeezeH1,3,sharpe,225.2,39.5,5.7,12/19,-11.2,0.58
rank:distD1 × dev:squeezeH1,3,sharpe,276.0,38.4,7.2,13/19,-14.6,0.69
dev:distD1 × rank:volume,3,sharpe,249.9,43.7,5.7,12/19,-11.3,0.56
dev:distD1 × dev:volume,3,sharpe,277.4,43.7,6.3,11/19,-13.7,0.53
dev:distD1 × rank:squeezeH1,3,sharpe,222.4,46.4,4.8,12/19,-14.5,0.54
dev:distD1 × dev:squeezeH1,3,sharpe,252.8,35.4,7.1,13/19,-13.3,0.61
rank:volume × dev:volume,3,sharpe,285.5,39.4,7.2,14/19,-11.7,0.67
rank:volume × rank:squeezeH1,3,sharpe,283.5,39.5,7.2,14/19,-12.3,0.65
rank:volume × dev:squeezeH1,3,sharpe,282.2,40.0,7.1,11/19,-10.2,0.59
dev:volume × rank:squeezeH1,3,sharpe,241.5,36.7,6.6,12/19,-8.4,0.63
dev:volume × dev:squeezeH1,3,sharpe,248.6,43.6,5.7,13/19,-10.6,0.59
rank:squeezeH1 × dev:squeezeH1,3,sharpe,252.1,39.8,6.3,12/19,-9.4,0.64
