cfg,hl,score,sumR,DD,calmar,mpos,worst,sh
FIXED k70/3R/1.0/none/0.0/0,,,293.0,13.8,21.2,15/19,-9.8,0.83
FIXED k70/3R/1.0/1.5R/0.5/0.0/0,,,265.0,14.5,18.3,17/19,-11.1,0.9
FIXED k70/q85/1.0/1.5R/0.5/0.0/0,,,258.2,13.7,18.8,17/19,-13.2,0.92
FIXED k70/none/1.0/1.5R/0.5/1.5/0,,,242.7,14.2,17.1,17/19,-12.2,0.8
none,all,mean,308.6,34.8,8.9,14/19,-13.9,0.57
rank:volH1,all,mean,239.4,37.1,6.5,12/19,-10.7,0.63
dev:volH1,all,mean,285.4,22.2,12.9,13/19,-12.9,0.67
rank:volH4,all,mean,312.9,31.3,10.0,12/19,-16.9,0.55
dev:volH4,all,mean,279.8,39.8,7.0,12/19,-15.8,0.52
rank:volD1,all,mean,257.1,29.7,8.7,13/19,-15.9,0.54
dev:volD1,all,mean,282.9,28.9,9.8,12/19,-15.5,0.65
rank:adxH1,all,mean,281.5,33.1,8.5,12/19,-16.4,0.53
dev:adxH1,all,mean,280.4,31.0,9.0,13/19,-14.4,0.54
rank:adxH4,all,mean,317.3,37.1,8.6,11/19,-14.2,0.51
dev:adxH4,all,mean,287.4,33.4,8.6,12/19,-22.7,0.5
rank:adxD1,all,mean,298.3,25.4,11.7,12/19,-15.1,0.67
dev:adxD1,all,mean,291.9,48.0,6.1,14/19,-16.7,0.51
rank:effH1,all,mean,256.0,31.2,8.2,12/19,-15.4,0.62
dev:effH1,all,mean,242.6,39.1,6.2,13/19,-17.4,0.56
rank:effH4,all,mean,279.2,30.3,9.2,14/19,-15.4,0.61
dev:effH4,all,mean,266.2,33.3,8.0,13/19,-23.1,0.56
rank:stackH4,all,mean,296.2,33.2,8.9,14/19,-17.1,0.54
rank:ribbonD1,all,mean,282.1,33.2,8.5,13/19,-16.5,0.51
dev:ribbonD1,all,mean,241.1,31.5,7.7,13/19,-12.5,0.57
rank:dayrange,all,mean,248.8,33.5,7.4,13/19,-15.7,0.58
dev:dayrange,all,mean,255.5,33.1,7.7,13/19,-14.2,0.66
rank:hour,all,mean,270.2,43.2,6.3,13/19,-15.3,0.52
rank:posH4,all,mean,298.7,33.8,8.8,13/19,-18.0,0.53
dev:posH4,all,mean,282.8,36.7,7.7,13/19,-15.6,0.58
rank:distD1,all,mean,280.0,38.3,7.3,14/19,-16.8,0.52
dev:distD1,all,mean,272.3,37.7,7.2,12/19,-22.0,0.49
rank:volume,all,mean,293.3,29.0,10.1,14/19,-16.7,0.59
dev:volume,all,mean,250.1,37.0,6.8,13/19,-13.9,0.45
rank:squeezeH1,all,mean,229.7,40.9,5.6,13/19,-15.4,0.56
dev:squeezeH1,all,mean,307.4,31.1,9.9,13/19,-16.5,0.54
rank:volH1 × dev:volH1,all,mean,264.2,23.0,11.5,12/19,-10.7,0.68
rank:volH1 × rank:volH4,all,mean,281.8,34.9,8.1,12/19,-14.6,0.64
rank:volH1 × dev:volH4,all,mean,278.2,31.5,8.8,12/19,-15.1,0.66
rank:volH1 × rank:volD1,all,mean,285.8,26.7,10.7,12/19,-18.5,0.58
rank:volH1 × dev:volD1,all,mean,273.1,35.6,7.7,12/19,-15.5,0.47
rank:volH1 × rank:adxH1,all,mean,240.2,30.4,7.9,12/19,-16.1,0.54
rank:volH1 × dev:adxH1,all,mean,299.7,30.0,10.0,13/19,-13.5,0.66
rank:volH1 × rank:adxH4,all,mean,280.9,39.5,7.1,11/19,-13.2,0.57
rank:volH1 × dev:adxH4,all,mean,245.6,35.8,6.9,12/19,-13.5,0.51
rank:volH1 × rank:adxD1,all,mean,263.6,34.7,7.6,12/19,-15.7,0.6
rank:volH1 × dev:adxD1,all,mean,250.5,37.9,6.6,12/19,-18.4,0.53
rank:volH1 × rank:effH1,all,mean,242.3,24.6,9.8,13/19,-15.8,0.67
rank:volH1 × dev:effH1,all,mean,231.0,32.5,7.1,12/19,-14.4,0.58
rank:volH1 × rank:effH4,all,mean,291.5,33.1,8.8,13/19,-11.7,0.62
rank:volH1 × dev:effH4,all,mean,305.6,28.8,10.6,13/19,-19.7,0.62
rank:volH1 × rank:stackH4,all,mean,229.5,42.4,5.4,12/19,-15.2,0.59
rank:volH1 × rank:ribbonD1,all,mean,289.7,29.1,10.0,13/19,-16.3,0.52
rank:volH1 × dev:ribbonD1,all,mean,209.2,28.5,7.3,14/19,-15.3,0.57
rank:volH1 × rank:dayrange,all,mean,264.1,23.5,11.2,13/19,-13.0,0.51
rank:volH1 × dev:dayrange,all,mean,247.8,33.5,7.4,12/19,-16.2,0.58
rank:volH1 × rank:hour,all,mean,234.9,39.5,5.9,12/19,-13.5,0.59
rank:volH1 × rank:posH4,all,mean,249.3,38.5,6.5,12/19,-15.5,0.57
rank:volH1 × dev:posH4,all,mean,297.0,38.8,7.7,12/19,-13.8,0.63
rank:volH1 × rank:distD1,all,mean,220.2,40.6,5.4,11/19,-19.5,0.52
rank:volH1 × dev:distD1,all,mean,239.0,33.1,7.2,13/19,-21.2,0.54
rank:volH1 × rank:volume,all,mean,250.2,37.5,6.7,13/19,-15.2,0.54
rank:volH1 × dev:volume,all,mean,272.1,41.4,6.6,13/19,-15.2,0.54
rank:volH1 × rank:squeezeH1,all,mean,235.5,34.5,6.8,11/19,-12.1,0.57
rank:volH1 × dev:squeezeH1,all,mean,240.1,34.4,7.0,13/19,-20.8,0.56
dev:volH1 × rank:volH4,all,mean,306.7,24.2,12.7,13/19,-13.2,0.59
dev:volH1 × dev:volH4,all,mean,311.2,19.0,16.4,13/19,-13.5,0.62
dev:volH1 × rank:volD1,all,mean,289.4,31.2,9.3,12/19,-13.7,0.62
dev:volH1 × dev:volD1,all,mean,307.6,24.1,12.8,13/19,-13.3,0.62
dev:volH1 × rank:adxH1,all,mean,294.2,18.9,15.6,13/19,-14.7,0.61
dev:volH1 × dev:adxH1,all,mean,271.4,33.6,8.1,13/19,-12.3,0.65
dev:volH1 × rank:adxH4,all,mean,284.4,36.1,7.9,12/19,-20.8,0.48
dev:volH1 × dev:adxH4,all,mean,278.8,37.5,7.4,12/19,-17.4,0.48
dev:volH1 × rank:adxD1,all,mean,303.5,26.1,11.6,12/19,-12.1,0.69
dev:volH1 × dev:adxD1,all,mean,265.7,34.4,7.7,13/19,-12.8,0.66
dev:volH1 × rank:effH1,all,mean,248.6,27.0,9.2,12/19,-15.8,0.62
dev:volH1 × dev:effH1,all,mean,284.6,30.4,9.4,12/19,-16.3,0.63
dev:volH1 × rank:effH4,all,mean,301.5,35.6,8.5,13/19,-17.8,0.58
dev:volH1 × dev:effH4,all,mean,276.9,29.5,9.4,13/19,-19.8,0.59
dev:volH1 × rank:stackH4,all,mean,288.0,21.7,13.3,13/19,-12.9,0.68
dev:volH1 × rank:ribbonD1,all,mean,317.8,31.5,10.1,13/19,-15.1,0.56
dev:volH1 × dev:ribbonD1,all,mean,241.8,29.9,8.1,13/19,-15.5,0.6
dev:volH1 × rank:dayrange,all,mean,221.7,22.8,9.7,12/19,-13.7,0.64
dev:volH1 × dev:dayrange,all,mean,278.0,22.0,12.6,13/19,-16.2,0.68
dev:volH1 × rank:hour,all,mean,256.4,28.0,9.2,14/19,-18.7,0.67
dev:volH1 × rank:posH4,all,mean,302.0,30.3,10.0,11/19,-19.1,0.55
dev:volH1 × dev:posH4,all,mean,340.3,27.9,12.2,13/19,-17.5,0.6
dev:volH1 × rank:distD1,all,mean,243.3,42.9,5.7,12/19,-18.2,0.58
dev:volH1 × dev:distD1,all,mean,231.5,32.7,7.1,13/19,-20.4,0.54
dev:volH1 × rank:volume,all,mean,284.1,25.6,11.1,14/19,-18.0,0.71
dev:volH1 × dev:volume,all,mean,280.1,21.7,12.9,12/19,-11.3,0.64
dev:volH1 × rank:squeezeH1,all,mean,215.4,36.3,5.9,12/19,-12.8,0.55
dev:volH1 × dev:squeezeH1,all,mean,258.3,30.5,8.5,13/19,-13.7,0.61
rank:volH4 × dev:volH4,all,mean,274.0,32.6,8.4,12/19,-14.2,0.5
rank:volH4 × rank:volD1,all,mean,253.6,26.6,9.5,13/19,-16.6,0.64
rank:volH4 × dev:volD1,all,mean,286.1,22.8,12.5,12/19,-13.9,0.71
rank:volH4 × rank:adxH1,all,mean,265.7,31.9,8.3,12/19,-20.0,0.59
rank:volH4 × dev:adxH1,all,mean,257.1,31.5,8.2,12/19,-20.6,0.59
rank:volH4 × rank:adxH4,all,mean,322.7,31.6,10.2,12/19,-16.4,0.51
rank:volH4 × dev:adxH4,all,mean,268.8,37.1,7.2,12/19,-16.7,0.5
rank:volH4 × rank:adxD1,all,mean,295.6,30.4,9.7,11/19,-15.0,0.63
rank:volH4 × dev:adxD1,all,mean,362.8,40.3,9.0,14/19,-17.0,0.57
rank:volH4 × rank:effH1,all,mean,295.7,30.3,9.8,12/19,-22.0,0.56
rank:volH4 × dev:effH1,all,mean,264.0,35.4,7.5,11/19,-19.5,0.6
rank:volH4 × rank:effH4,all,mean,280.2,30.8,9.1,11/19,-22.6,0.56
rank:volH4 × dev:effH4,all,mean,242.8,31.7,7.7,11/19,-20.0,0.54
rank:volH4 × rank:stackH4,all,mean,311.6,31.3,10.0,12/19,-16.9,0.55
rank:volH4 × rank:ribbonD1,all,mean,286.2,33.0,8.7,12/19,-16.4,0.53
rank:volH4 × dev:ribbonD1,all,mean,281.2,24.2,11.6,12/19,-13.4,0.62
rank:volH4 × rank:dayrange,all,mean,245.7,24.4,10.1,12/19,-21.4,0.49
rank:volH4 × dev:dayrange,all,mean,242.3,33.3,7.3,13/19,-19.3,0.57
rank:volH4 × rank:hour,all,mean,275.7,21.9,12.6,13/19,-13.0,0.63
rank:volH4 × rank:posH4,all,mean,346.9,34.4,10.1,13/19,-18.3,0.58
rank:volH4 × dev:posH4,all,mean,274.5,37.6,7.3,11/19,-23.2,0.57
rank:volH4 × rank:distD1,all,mean,260.3,38.6,6.7,13/19,-19.8,0.6
rank:volH4 × dev:distD1,all,mean,246.8,31.7,7.8,12/19,-22.2,0.53
rank:volH4 × rank:volume,all,mean,328.5,30.0,11.0,13/19,-17.3,0.6
rank:volH4 × dev:volume,all,mean,304.7,35.7,8.5,12/19,-19.2,0.55
rank:volH4 × rank:squeezeH1,all,mean,246.4,32.4,7.6,11/19,-21.4,0.52
rank:volH4 × dev:squeezeH1,all,mean,262.3,35.2,7.5,13/19,-17.8,0.59
dev:volH4 × rank:volD1,all,mean,237.8,22.3,10.7,13/19,-19.6,0.56
dev:volH4 × dev:volD1,all,mean,249.9,29.1,8.6,12/19,-18.2,0.58
dev:volH4 × rank:adxH1,all,mean,236.8,35.6,6.7,12/19,-21.9,0.59
dev:volH4 × dev:adxH1,all,mean,254.3,29.2,8.7,12/19,-15.3,0.6
dev:volH4 × rank:adxH4,all,mean,292.2,34.9,8.4,12/19,-18.5,0.47
dev:volH4 × dev:adxH4,all,mean,246.1,34.4,7.2,12/19,-13.9,0.52
dev:volH4 × rank:adxD1,all,mean,248.4,29.4,8.4,11/19,-12.9,0.62
dev:volH4 × dev:adxD1,all,mean,258.9,41.6,6.2,13/19,-13.9,0.58
dev:volH4 × rank:effH1,all,mean,255.2,38.5,6.6,12/19,-19.1,0.62
dev:volH4 × dev:effH1,all,mean,261.5,29.4,8.9,11/19,-16.6,0.58
dev:volH4 × rank:effH4,all,mean,215.4,38.0,5.7,12/19,-20.5,0.47
dev:volH4 × dev:effH4,all,mean,240.5,34.2,7.0,12/19,-14.2,0.57
dev:volH4 × rank:stackH4,all,mean,291.1,37.3,7.8,12/19,-16.1,0.54
dev:volH4 × rank:ribbonD1,all,mean,274.9,28.3,9.7,13/19,-17.1,0.58
dev:volH4 × dev:ribbonD1,all,mean,266.4,22.4,11.9,13/19,-12.3,0.62
dev:volH4 × rank:dayrange,all,mean,291.9,29.9,9.8,12/19,-19.4,0.55
dev:volH4 × dev:dayrange,all,mean,265.5,33.9,7.8,12/19,-15.4,0.54
dev:volH4 × rank:hour,all,mean,285.4,27.8,10.3,13/19,-11.6,0.59
dev:volH4 × rank:posH4,all,mean,258.5,35.0,7.4,12/19,-17.0,0.57
dev:volH4 × dev:posH4,all,mean,238.6,38.8,6.1,11/19,-15.0,0.56
dev:volH4 × rank:distD1,all,mean,233.8,42.9,5.4,12/19,-16.7,0.56
dev:volH4 × dev:distD1,all,mean,212.6,37.4,5.7,12/19,-16.3,0.55
dev:volH4 × rank:volume,all,mean,276.7,35.3,7.8,13/19,-13.1,0.56
dev:volH4 × dev:volume,all,mean,216.2,40.5,5.3,12/19,-17.0,0.55
dev:volH4 × rank:squeezeH1,all,mean,261.7,42.0,6.2,12/19,-17.8,0.48
dev:volH4 × dev:squeezeH1,all,mean,309.9,39.0,7.9,12/19,-17.8,0.54
rank:volD1 × dev:volD1,all,mean,265.2,26.1,10.2,13/19,-14.0,0.61
rank:volD1 × rank:adxH1,all,mean,271.7,21.2,12.8,13/19,-14.8,0.64
rank:volD1 × dev:adxH1,all,mean,270.1,32.1,8.4,13/19,-16.4,0.58
rank:volD1 × rank:adxH4,all,mean,345.1,28.1,12.3,13/19,-15.8,0.56
rank:volD1 × dev:adxH4,all,mean,270.5,27.2,9.9,13/19,-15.1,0.56
rank:volD1 × rank:adxD1,all,mean,351.9,27.5,12.8,13/19,-12.8,0.67
rank:volD1 × dev:adxD1,all,mean,275.1,33.3,8.3,14/19,-18.3,0.56
rank:volD1 × rank:effH1,all,mean,294.1,30.7,9.6,12/19,-18.7,0.59
rank:volD1 × dev:effH1,all,mean,276.3,29.7,9.3,12/19,-18.5,0.53
rank:volD1 × rank:effH4,all,mean,245.5,27.8,8.8,12/19,-11.7,0.51
rank:volD1 × dev:effH4,all,mean,217.3,37.8,5.7,12/19,-20.1,0.49
rank:volD1 × rank:stackH4,all,mean,259.8,28.7,9.1,13/19,-16.8,0.55
rank:volD1 × rank:ribbonD1,all,mean,270.8,30.5,8.9,14/19,-9.2,0.66
rank:volD1 × dev:ribbonD1,all,mean,280.8,28.7,9.8,13/19,-17.6,0.63
rank:volD1 × rank:dayrange,all,mean,279.7,25.4,11.0,13/19,-13.9,0.64
rank:volD1 × dev:dayrange,all,mean,263.6,36.5,7.2,12/19,-14.1,0.59
rank:volD1 × rank:hour,all,mean,275.6,25.4,10.9,13/19,-13.4,0.62
rank:volD1 × rank:posH4,all,mean,257.5,20.5,12.6,13/19,-14.9,0.63
rank:volD1 × dev:posH4,all,mean,259.2,22.4,11.6,13/19,-17.9,0.61
rank:volD1 × rank:distD1,all,mean,293.4,33.5,8.8,13/19,-17.5,0.57
rank:volD1 × dev:distD1,all,mean,267.9,32.8,8.2,12/19,-19.1,0.55
rank:volD1 × rank:volume,all,mean,283.9,24.6,11.5,14/19,-20.1,0.65
rank:volD1 × dev:volume,all,mean,253.7,23.5,10.8,13/19,-12.5,0.63
rank:volD1 × rank:squeezeH1,all,mean,300.2,27.8,10.8,13/19,-13.3,0.62
rank:volD1 × dev:squeezeH1,all,mean,302.2,29.8,10.1,13/19,-10.8,0.64
dev:volD1 × rank:adxH1,all,mean,315.1,24.2,13.0,13/19,-18.6,0.66
dev:volD1 × dev:adxH1,all,mean,296.7,29.0,10.2,13/19,-19.1,0.6
dev:volD1 × rank:adxH4,all,mean,370.9,28.4,13.1,13/19,-14.4,0.61
dev:volD1 × dev:adxH4,all,mean,321.1,32.5,9.9,13/19,-18.2,0.53
dev:volD1 × rank:adxD1,all,mean,371.7,25.7,14.5,12/19,-15.4,0.7
dev:volD1 × dev:adxD1,all,mean,316.5,30.3,10.4,13/19,-17.1,0.53
dev:volD1 × rank:effH1,all,mean,298.3,28.8,10.4,14/19,-20.8,0.65
dev:volD1 × dev:effH1,all,mean,275.9,37.2,7.4,14/19,-17.9,0.58
dev:volD1 × rank:effH4,all,mean,278.7,28.0,10.0,13/19,-14.5,0.59
dev:volD1 × dev:effH4,all,mean,228.4,33.0,6.9,13/19,-18.6,0.53
dev:volD1 × rank:stackH4,all,mean,273.5,35.3,7.7,12/19,-19.1,0.64
dev:volD1 × rank:ribbonD1,all,mean,289.7,24.9,11.6,14/19,-15.6,0.55
dev:volD1 × dev:ribbonD1,all,mean,295.0,28.0,10.5,13/19,-19.9,0.55
dev:volD1 × rank:dayrange,all,mean,308.8,25.0,12.4,13/19,-16.2,0.65
dev:volD1 × dev:dayrange,all,mean,315.3,33.2,9.5,12/19,-13.1,0.63
dev:volD1 × rank:hour,all,mean,260.7,29.7,8.8,12/19,-18.5,0.56
dev:volD1 × rank:posH4,all,mean,339.7,23.7,14.3,13/19,-17.5,0.6
dev:volD1 × dev:posH4,all,mean,290.3,38.4,7.6,11/19,-19.4,0.51
dev:volD1 × rank:distD1,all,mean,337.1,25.8,13.1,13/19,-17.9,0.64
dev:volD1 × dev:distD1,all,mean,306.0,28.8,10.6,12/19,-21.7,0.53
dev:volD1 × rank:volume,all,mean,316.0,26.9,11.7,14/19,-22.1,0.58
dev:volD1 × dev:volume,all,mean,284.7,27.1,10.5,13/19,-18.1,0.69
dev:volD1 × rank:squeezeH1,all,mean,309.2,35.5,8.7,13/19,-12.7,0.57
dev:volD1 × dev:squeezeH1,all,mean,303.4,34.0,8.9,13/19,-15.2,0.56
rank:adxH1 × dev:adxH1,all,mean,266.0,32.4,8.2,13/19,-13.2,0.52
rank:adxH1 × rank:adxH4,all,mean,357.3,28.0,12.8,13/19,-16.9,0.54
rank:adxH1 × dev:adxH4,all,mean,340.0,31.8,10.7,12/19,-14.4,0.55
rank:adxH1 × rank:adxD1,all,mean,292.9,30.1,9.7,12/19,-15.5,0.62
rank:adxH1 × dev:adxD1,all,mean,313.4,43.7,7.2,14/19,-18.2,0.53
rank:adxH1 × rank:effH1,all,mean,290.9,21.7,13.4,13/19,-14.2,0.68
rank:adxH1 × dev:effH1,all,mean,279.1,32.7,8.5,14/19,-17.6,0.58
rank:adxH1 × rank:effH4,all,mean,216.6,35.3,6.1,13/19,-16.7,0.48
rank:adxH1 × dev:effH4,all,mean,284.9,36.1,7.9,13/19,-17.7,0.5
rank:adxH1 × rank:stackH4,all,mean,282.9,35.7,7.9,12/19,-15.9,0.54
rank:adxH1 × rank:ribbonD1,all,mean,271.7,29.5,9.2,13/19,-18.7,0.55
rank:adxH1 × dev:ribbonD1,all,mean,272.8,25.6,10.7,12/19,-12.0,0.65
rank:adxH1 × rank:dayrange,all,mean,274.8,33.0,8.3,12/19,-17.0,0.54
rank:adxH1 × dev:dayrange,all,mean,279.1,35.6,7.8,13/19,-16.5,0.59
rank:adxH1 × rank:hour,all,mean,272.7,33.8,8.1,13/19,-16.8,0.55
rank:adxH1 × rank:posH4,all,mean,257.6,34.8,7.4,12/19,-19.1,0.62
rank:adxH1 × dev:posH4,all,mean,282.5,36.5,7.7,12/19,-21.3,0.49
rank:adxH1 × rank:distD1,all,mean,318.2,34.2,9.3,12/19,-17.5,0.55
rank:adxH1 × dev:distD1,all,mean,314.7,28.1,11.2,13/19,-17.1,0.53
rank:adxH1 × rank:volume,all,mean,258.3,31.1,8.3,14/19,-11.9,0.63
rank:adxH1 × dev:volume,all,mean,284.8,33.8,8.4,12/19,-15.3,0.53
rank:adxH1 × rank:squeezeH1,all,mean,278.6,30.9,9.0,13/19,-17.5,0.61
rank:adxH1 × dev:squeezeH1,all,mean,344.9,25.1,13.7,12/19,-15.9,0.57
dev:adxH1 × rank:adxH4,all,mean,351.0,31.8,11.0,12/19,-13.4,0.56
dev:adxH1 × dev:adxH4,all,mean,315.1,35.2,9.0,13/19,-16.0,0.56
dev:adxH1 × rank:adxD1,all,mean,296.0,31.1,9.5,11/19,-12.1,0.6
dev:adxH1 × dev:adxD1,all,mean,296.9,36.9,8.0,14/19,-14.1,0.57
dev:adxH1 × rank:effH1,all,mean,234.6,37.5,6.3,11/19,-14.1,0.56
dev:adxH1 × dev:effH1,all,mean,271.5,32.6,8.3,15/19,-15.2,0.63
dev:adxH1 × rank:effH4,all,mean,262.4,34.6,7.6,13/19,-19.9,0.49
dev:adxH1 × dev:effH4,all,mean,288.3,37.1,7.8,13/19,-22.0,0.52
dev:adxH1 × rank:stackH4,all,mean,276.5,36.9,7.5,13/19,-13.5,0.53
dev:adxH1 × rank:ribbonD1,all,mean,302.7,27.4,11.0,13/19,-15.5,0.6
dev:adxH1 × dev:ribbonD1,all,mean,287.1,29.6,9.7,13/19,-11.9,0.63
dev:adxH1 × rank:dayrange,all,mean,247.4,29.5,8.4,12/19,-19.2,0.58
dev:adxH1 × dev:dayrange,all,mean,294.0,28.1,10.5,14/19,-15.0,0.71
dev:adxH1 × rank:hour,all,mean,287.4,33.9,8.5,12/19,-12.9,0.64
dev:adxH1 × rank:posH4,all,mean,270.1,37.3,7.2,11/19,-16.7,0.63
dev:adxH1 × dev:posH4,all,mean,319.9,38.0,8.4,13/19,-17.4,0.59
dev:adxH1 × rank:distD1,all,mean,299.7,28.2,10.6,12/19,-14.4,0.56
dev:adxH1 × dev:distD1,all,mean,318.8,33.2,9.6,12/19,-15.9,0.52
dev:adxH1 × rank:volume,all,mean,295.8,32.1,9.2,14/19,-13.5,0.56
dev:adxH1 × dev:volume,all,mean,286.8,34.0,8.4,12/19,-15.8,0.51
dev:adxH1 × rank:squeezeH1,all,mean,246.7,39.4,6.3,14/19,-16.9,0.57
dev:adxH1 × dev:squeezeH1,all,mean,268.6,30.2,8.9,13/19,-14.0,0.6
rank:adxH4 × dev:adxH4,all,mean,286.6,30.1,9.5,11/19,-19.3,0.49
rank:adxH4 × rank:adxD1,all,mean,342.4,32.8,10.4,12/19,-19.5,0.61
rank:adxH4 × dev:adxD1,all,mean,357.5,35.6,10.0,10/19,-20.3,0.51
rank:adxH4 × rank:effH1,all,mean,346.1,32.1,10.8,11/19,-15.2,0.55
rank:adxH4 × dev:effH1,all,mean,358.0,35.2,10.2,12/19,-13.6,0.51
rank:adxH4 × rank:effH4,all,mean,277.4,37.4,7.4,13/19,-17.0,0.5
rank:adxH4 × dev:effH4,all,mean,318.6,29.8,10.7,13/19,-17.5,0.49
rank:adxH4 × rank:stackH4,all,mean,316.5,38.5,8.2,11/19,-14.2,0.5
rank:adxH4 × rank:ribbonD1,all,mean,295.8,35.6,8.3,13/19,-15.6,0.5
rank:adxH4 × dev:ribbonD1,all,mean,359.9,30.4,11.8,13/19,-15.7,0.58
rank:adxH4 × rank:dayrange,all,mean,282.2,44.7,6.3,11/19,-12.9,0.46
rank:adxH4 × dev:dayrange,all,mean,337.0,31.5,10.7,13/19,-15.8,0.51
rank:adxH4 × rank:hour,all,mean,302.5,32.8,9.2,12/19,-15.2,0.53
rank:adxH4 × rank:posH4,all,mean,330.9,32.1,10.3,10/19,-13.7,0.56
rank:adxH4 × dev:posH4,all,mean,320.3,40.9,7.8,11/19,-13.1,0.51
rank:adxH4 × rank:distD1,all,mean,290.4,39.0,7.4,11/19,-15.1,0.5
rank:adxH4 × dev:distD1,all,mean,318.5,38.7,8.2,12/19,-18.7,0.52
rank:adxH4 × rank:volume,all,mean,315.7,32.9,9.6,11/19,-15.0,0.56
rank:adxH4 × dev:volume,all,mean,300.0,40.7,7.4,12/19,-13.6,0.52
rank:adxH4 × rank:squeezeH1,all,mean,298.2,40.5,7.4,12/19,-16.3,0.49
rank:adxH4 × dev:squeezeH1,all,mean,312.5,29.6,10.6,13/19,-16.9,0.55
dev:adxH4 × rank:adxD1,all,mean,286.3,29.6,9.7,13/19,-18.2,0.59
dev:adxH4 × dev:adxD1,all,mean,296.7,29.5,10.1,11/19,-18.8,0.49
dev:adxH4 × rank:effH1,all,mean,273.8,32.6,8.4,13/19,-14.8,0.63
dev:adxH4 × dev:effH1,all,mean,307.0,34.7,8.8,11/19,-19.5,0.52
dev:adxH4 × rank:effH4,all,mean,300.2,27.3,11.0,12/19,-17.6,0.54
dev:adxH4 × dev:effH4,all,mean,213.8,27.8,7.7,13/19,-20.6,0.48
dev:adxH4 × rank:stackH4,all,mean,293.1,33.4,8.8,12/19,-22.7,0.51
dev:adxH4 × rank:ribbonD1,all,mean,233.4,37.6,6.2,12/19,-18.9,0.45
dev:adxH4 × dev:ribbonD1,all,mean,257.3,36.5,7.0,11/19,-15.9,0.46
dev:adxH4 × rank:dayrange,all,mean,274.4,39.6,6.9,12/19,-20.2,0.43
dev:adxH4 × dev:dayrange,all,mean,252.4,32.5,7.8,13/19,-18.0,0.51
dev:adxH4 × rank:hour,all,mean,302.0,34.5,8.8,11/19,-12.7,0.51
dev:adxH4 × rank:posH4,all,mean,240.8,32.9,7.3,11/19,-17.8,0.47
dev:adxH4 × dev:posH4,all,mean,312.2,40.0,7.8,13/19,-15.1,0.55
dev:adxH4 × rank:distD1,all,mean,275.1,30.4,9.0,12/19,-21.0,0.52
dev:adxH4 × dev:distD1,all,mean,294.1,33.1,8.9,11/19,-18.1,0.49
dev:adxH4 × rank:volume,all,mean,267.8,37.6,7.1,13/19,-19.2,0.53
dev:adxH4 × dev:volume,all,mean,291.4,37.9,7.7,12/19,-18.1,0.54
dev:adxH4 × rank:squeezeH1,all,mean,300.7,33.9,8.9,13/19,-17.4,0.49
dev:adxH4 × dev:squeezeH1,all,mean,292.3,25.5,11.5,13/19,-17.0,0.51
rank:adxD1 × dev:adxD1,all,mean,319.7,38.7,8.3,12/19,-16.0,0.65
rank:adxD1 × rank:effH1,all,mean,283.5,26.1,10.9,13/19,-11.3,0.62
rank:adxD1 × dev:effH1,all,mean,293.7,28.8,10.2,12/19,-18.3,0.57
rank:adxD1 × rank:effH4,all,mean,304.1,40.4,7.5,11/19,-17.6,0.61
rank:adxD1 × dev:effH4,all,mean,316.9,28.1,11.3,14/19,-18.9,0.68
rank:adxD1 × rank:stackH4,all,mean,311.2,29.3,10.6,12/19,-15.1,0.68
rank:adxD1 × rank:ribbonD1,all,mean,283.5,36.8,7.7,12/19,-12.5,0.64
rank:adxD1 × dev:ribbonD1,all,mean,290.5,25.7,11.3,11/19,-16.0,0.62
rank:adxD1 × rank:dayrange,all,mean,279.2,26.5,10.5,13/19,-14.2,0.66
rank:adxD1 × dev:dayrange,all,mean,298.7,30.5,9.8,13/19,-12.1,0.67
rank:adxD1 × rank:hour,all,mean,271.9,30.8,8.8,14/19,-20.2,0.66
rank:adxD1 × rank:posH4,all,mean,289.8,35.0,8.3,12/19,-15.9,0.64
rank:adxD1 × dev:posH4,all,mean,318.3,37.7,8.4,12/19,-16.9,0.66
rank:adxD1 × rank:distD1,all,mean,327.4,40.9,8.0,13/19,-15.7,0.54
rank:adxD1 × dev:distD1,all,mean,262.3,38.2,6.9,11/19,-22.1,0.51
rank:adxD1 × rank:volume,all,mean,278.7,20.9,13.3,12/19,-16.6,0.67
rank:adxD1 × dev:volume,all,mean,299.7,26.5,11.3,12/19,-13.7,0.64
rank:adxD1 × rank:squeezeH1,all,mean,266.3,38.6,6.9,12/19,-11.7,0.59
rank:adxD1 × dev:squeezeH1,all,mean,273.4,35.4,7.7,13/19,-14.5,0.62
dev:adxD1 × rank:effH1,all,mean,259.8,37.9,6.9,14/19,-19.6,0.61
dev:adxD1 × dev:effH1,all,mean,236.9,38.7,6.1,12/19,-19.9,0.51
dev:adxD1 × rank:effH4,all,mean,245.0,37.4,6.6,14/19,-17.9,0.59
dev:adxD1 × dev:effH4,all,mean,220.7,42.0,5.3,12/19,-19.4,0.54
dev:adxD1 × rank:stackH4,all,mean,293.3,48.5,6.0,14/19,-16.7,0.51
dev:adxD1 × rank:ribbonD1,all,mean,280.2,40.7,6.9,11/19,-17.6,0.47
dev:adxD1 × dev:ribbonD1,all,mean,259.3,37.7,6.9,11/19,-15.6,0.48
dev:adxD1 × rank:dayrange,all,mean,303.4,30.8,9.9,13/19,-15.7,0.59
dev:adxD1 × dev:dayrange,all,mean,315.1,36.9,8.5,13/19,-14.2,0.55
dev:adxD1 × rank:hour,all,mean,274.7,34.5,8.0,11/19,-14.1,0.52
dev:adxD1 × rank:posH4,all,mean,281.3,38.4,7.3,12/19,-16.3,0.6
dev:adxD1 × dev:posH4,all,mean,276.5,39.2,7.1,12/19,-22.0,0.52
dev:adxD1 × rank:distD1,all,mean,247.9,47.8,5.2,12/19,-20.4,0.46
dev:adxD1 × dev:distD1,all,mean,328.1,45.8,7.2,12/19,-23.1,0.54
dev:adxD1 × rank:volume,all,mean,303.7,36.2,8.4,13/19,-16.8,0.57
dev:adxD1 × dev:volume,all,mean,268.9,40.0,6.7,13/19,-14.7,0.5
dev:adxD1 × rank:squeezeH1,all,mean,296.5,36.7,8.1,13/19,-15.9,0.54
dev:adxD1 × dev:squeezeH1,all,mean,326.7,37.8,8.6,12/19,-16.5,0.58
rank:effH1 × dev:effH1,all,mean,244.8,39.3,6.2,14/19,-16.9,0.56
rank:effH1 × rank:effH4,all,mean,230.4,33.3,6.9,13/19,-16.9,0.57
rank:effH1 × dev:effH4,all,mean,232.8,28.7,8.1,13/19,-18.1,0.55
rank:effH1 × rank:stackH4,all,mean,250.5,33.7,7.4,12/19,-12.9,0.61
rank:effH1 × rank:ribbonD1,all,mean,280.7,36.1,7.8,12/19,-12.9,0.56
rank:effH1 × dev:ribbonD1,all,mean,230.5,28.2,8.2,13/19,-12.7,0.6
rank:effH1 × rank:dayrange,all,mean,273.8,24.8,11.0,13/19,-19.2,0.64
rank:effH1 × dev:dayrange,all,mean,273.0,27.6,9.9,13/19,-16.8,0.71
rank:effH1 × rank:hour,all,mean,231.7,30.7,7.5,12/19,-15.3,0.58
rank:effH1 × rank:posH4,all,mean,238.0,31.5,7.6,13/19,-19.4,0.54
rank:effH1 × dev:posH4,all,mean,297.8,23.6,12.6,14/19,-19.2,0.62
rank:effH1 × rank:distD1,all,mean,243.7,40.7,6.0,11/19,-20.2,0.55
rank:effH1 × dev:distD1,all,mean,269.5,34.3,7.9,13/19,-17.2,0.61
rank:effH1 × rank:volume,all,mean,311.3,36.9,8.4,13/19,-12.7,0.6
rank:effH1 × dev:volume,all,mean,269.4,29.3,9.2,14/19,-19.1,0.61
rank:effH1 × rank:squeezeH1,all,mean,304.5,35.8,8.5,13/19,-19.1,0.63
rank:effH1 × dev:squeezeH1,all,mean,245.2,29.9,8.2,12/19,-18.1,0.58
dev:effH1 × rank:effH4,all,mean,247.9,35.1,7.1,11/19,-19.5,0.46
dev:effH1 × dev:effH4,all,mean,267.4,33.0,8.1,12/19,-16.4,0.59
dev:effH1 × rank:stackH4,all,mean,263.2,39.4,6.7,13/19,-17.4,0.61
dev:effH1 × rank:ribbonD1,all,mean,263.3,29.6,8.9,12/19,-15.0,0.59
dev:effH1 × dev:ribbonD1,all,mean,218.8,32.9,6.7,13/19,-16.0,0.57
dev:effH1 × rank:dayrange,all,mean,264.8,29.2,9.1,12/19,-19.2,0.57
dev:effH1 × dev:dayrange,all,mean,261.2,28.5,9.2,13/19,-10.8,0.67
dev:effH1 × rank:hour,all,mean,270.6,37.7,7.2,12/19,-13.1,0.61
dev:effH1 × rank:posH4,all,mean,264.4,32.4,8.2,11/19,-22.9,0.53
dev:effH1 × dev:posH4,all,mean,300.2,38.9,7.7,12/19,-16.8,0.56
dev:effH1 × rank:distD1,all,mean,259.4,39.2,6.6,11/19,-22.2,0.55
dev:effH1 × dev:distD1,all,mean,302.0,38.3,7.9,12/19,-16.6,0.54
dev:effH1 × rank:volume,all,mean,310.0,32.5,9.5,14/19,-13.1,0.6
dev:effH1 × dev:volume,all,mean,247.6,38.5,6.4,12/19,-16.8,0.53
dev:effH1 × rank:squeezeH1,all,mean,259.2,39.0,6.6,12/19,-24.5,0.52
dev:effH1 × dev:squeezeH1,all,mean,250.6,33.4,7.5,12/19,-18.6,0.52
rank:effH4 × dev:effH4,all,mean,257.4,33.1,7.8,13/19,-19.3,0.55
rank:effH4 × rank:stackH4,all,mean,276.9,30.0,9.2,14/19,-17.7,0.6
rank:effH4 × rank:ribbonD1,all,mean,305.1,38.6,7.9,13/19,-16.5,0.5
rank:effH4 × dev:ribbonD1,all,mean,248.1,34.8,7.1,13/19,-16.1,0.56
rank:effH4 × rank:dayrange,all,mean,322.3,32.4,9.9,11/19,-14.9,0.56
rank:effH4 × dev:dayrange,all,mean,282.2,25.3,11.2,14/19,-12.4,0.61
rank:effH4 × rank:hour,all,mean,290.5,31.7,9.2,12/19,-16.8,0.53
rank:effH4 × rank:posH4,all,mean,243.5,37.5,6.5,13/19,-15.3,0.56
rank:effH4 × dev:posH4,all,mean,283.5,36.4,7.8,12/19,-16.8,0.56
rank:effH4 × rank:distD1,all,mean,289.1,40.8,7.1,12/19,-15.0,0.56
rank:effH4 × dev:distD1,all,mean,224.9,42.9,5.2,11/19,-17.7,0.55
rank:effH4 × rank:volume,all,mean,269.8,37.3,7.2,12/19,-21.4,0.52
rank:effH4 × dev:volume,all,mean,278.0,31.7,8.8,12/19,-13.8,0.6
rank:effH4 × rank:squeezeH1,all,mean,248.1,36.4,6.8,14/19,-19.6,0.61
rank:effH4 × dev:squeezeH1,all,mean,285.5,30.8,9.3,15/19,-21.0,0.52
dev:effH4 × rank:stackH4,all,mean,266.7,32.5,8.2,13/19,-23.1,0.56
dev:effH4 × rank:ribbonD1,all,mean,272.7,36.8,7.4,12/19,-18.3,0.5
dev:effH4 × dev:ribbonD1,all,mean,214.9,39.3,5.5,11/19,-20.4,0.54
dev:effH4 × rank:dayrange,all,mean,287.7,31.1,9.3,14/19,-18.1,0.58
dev:effH4 × dev:dayrange,all,mean,235.4,28.5,8.3,14/19,-17.0,0.61
dev:effH4 × rank:hour,all,mean,217.3,34.6,6.3,13/19,-18.1,0.54
dev:effH4 × rank:posH4,all,mean,256.2,42.3,6.1,11/19,-21.2,0.55
dev:effH4 × dev:posH4,all,mean,276.0,45.1,6.1,12/19,-21.5,0.52
dev:effH4 × rank:distD1,all,mean,268.7,37.0,7.3,12/19,-17.0,0.54
dev:effH4 × dev:distD1,all,mean,254.0,49.2,5.2,11/19,-21.8,0.49
dev:effH4 × rank:volume,all,mean,240.2,41.5,5.8,11/19,-19.5,0.54
dev:effH4 × dev:volume,all,mean,235.7,35.0,6.7,14/19,-22.4,0.56
dev:effH4 × rank:squeezeH1,all,mean,244.6,41.3,5.9,12/19,-19.2,0.54
dev:effH4 × dev:squeezeH1,all,mean,282.6,27.9,10.1,13/19,-19.5,0.51
rank:stackH4 × rank:ribbonD1,all,mean,312.1,32.6,9.6,13/19,-16.4,0.53
rank:stackH4 × dev:ribbonD1,all,mean,250.0,28.4,8.8,13/19,-14.8,0.59
rank:stackH4 × rank:dayrange,all,mean,249.6,31.0,8.1,14/19,-18.7,0.58
rank:stackH4 × dev:dayrange,all,mean,271.1,30.3,8.9,14/19,-11.6,0.69
rank:stackH4 × rank:hour,all,mean,278.4,41.5,6.7,13/19,-15.3,0.55
rank:stackH4 × rank:posH4,all,mean,287.1,37.1,7.7,12/19,-18.2,0.53
rank:stackH4 × dev:posH4,all,mean,297.2,41.6,7.1,13/19,-16.3,0.61
rank:stackH4 × rank:distD1,all,mean,283.0,38.3,7.4,14/19,-16.8,0.52
rank:stackH4 × dev:distD1,all,mean,277.9,37.7,7.4,12/19,-22.0,0.49
rank:stackH4 × rank:volume,all,mean,300.8,32.1,9.4,13/19,-18.0,0.59
rank:stackH4 × dev:volume,all,mean,255.2,37.5,6.8,13/19,-15.3,0.46
rank:stackH4 × rank:squeezeH1,all,mean,237.0,41.1,5.8,12/19,-15.1,0.59
rank:stackH4 × dev:squeezeH1,all,mean,305.3,34.0,9.0,14/19,-18.8,0.54
rank:ribbonD1 × dev:ribbonD1,all,mean,276.7,26.8,10.3,12/19,-11.9,0.53
rank:ribbonD1 × rank:dayrange,all,mean,289.0,31.0,9.3,13/19,-12.9,0.53
rank:ribbonD1 × dev:dayrange,all,mean,305.8,31.1,9.8,13/19,-13.3,0.55
rank:ribbonD1 × rank:hour,all,mean,275.3,31.5,8.7,12/19,-13.1,0.5
rank:ribbonD1 × rank:posH4,all,mean,310.9,25.6,12.1,13/19,-11.3,0.55
rank:ribbonD1 × dev:posH4,all,mean,244.8,35.3,6.9,12/19,-14.4,0.49
rank:ribbonD1 × rank:distD1,all,mean,277.5,26.2,10.6,13/19,-21.2,0.54
rank:ribbonD1 × dev:distD1,all,mean,280.3,35.1,8.0,13/19,-18.9,0.49
rank:ribbonD1 × rank:volume,all,mean,328.1,33.5,9.8,14/19,-16.2,0.6
rank:ribbonD1 × dev:volume,all,mean,287.4,34.4,8.4,13/19,-13.9,0.51
rank:ribbonD1 × rank:squeezeH1,all,mean,288.3,28.9,10.0,13/19,-11.4,0.53
rank:ribbonD1 × dev:squeezeH1,all,mean,306.4,27.2,11.3,14/19,-15.5,0.57
dev:ribbonD1 × rank:dayrange,all,mean,296.8,28.3,10.5,12/19,-14.4,0.52
dev:ribbonD1 × dev:dayrange,all,mean,247.3,30.0,8.2,13/19,-13.3,0.6
dev:ribbonD1 × rank:hour,all,mean,268.7,34.0,7.9,12/19,-16.7,0.53
dev:ribbonD1 × rank:posH4,all,mean,292.2,30.0,9.7,11/19,-16.1,0.52
dev:ribbonD1 × dev:posH4,all,mean,246.1,34.4,7.2,11/19,-19.9,0.48
dev:ribbonD1 × rank:distD1,all,mean,280.9,33.6,8.4,11/19,-15.7,0.53
dev:ribbonD1 × dev:distD1,all,mean,225.9,35.7,6.3,12/19,-19.2,0.52
dev:ribbonD1 × rank:volume,all,mean,289.4,26.4,11.0,14/19,-14.6,0.62
dev:ribbonD1 × dev:volume,all,mean,271.9,29.1,9.3,12/19,-10.9,0.52
dev:ribbonD1 × rank:squeezeH1,all,mean,272.9,33.1,8.2,13/19,-16.4,0.53
dev:ribbonD1 × dev:squeezeH1,all,mean,290.2,26.0,11.2,13/19,-14.5,0.58
rank:dayrange × dev:dayrange,all,mean,254.6,32.2,7.9,14/19,-15.3,0.66
rank:dayrange × rank:hour,all,mean,262.0,22.1,11.9,15/19,-17.7,0.64
rank:dayrange × rank:posH4,all,mean,275.3,23.7,11.6,11/19,-12.9,0.66
rank:dayrange × dev:posH4,all,mean,287.8,25.5,11.3,12/19,-11.7,0.68
rank:dayrange × rank:distD1,all,mean,251.7,34.9,7.2,13/19,-20.2,0.51
rank:dayrange × dev:distD1,all,mean,252.7,32.8,7.7,12/19,-14.4,0.56
rank:dayrange × rank:volume,all,mean,230.8,26.7,8.6,13/19,-17.9,0.6
rank:dayrange × dev:volume,all,mean,247.4,28.7,8.6,13/19,-13.3,0.63
rank:dayrange × rank:squeezeH1,all,mean,220.6,35.1,6.3,13/19,-21.7,0.54
rank:dayrange × dev:squeezeH1,all,mean,299.2,28.8,10.4,12/19,-18.4,0.58
dev:dayrange × rank:hour,all,mean,272.4,32.1,8.5,14/19,-12.9,0.6
dev:dayrange × rank:posH4,all,mean,255.7,26.7,9.6,14/19,-13.0,0.59
dev:dayrange × dev:posH4,all,mean,274.5,37.3,7.4,13/19,-13.0,0.57
dev:dayrange × rank:distD1,all,mean,268.7,40.3,6.7,12/19,-19.1,0.56
dev:dayrange × dev:distD1,all,mean,256.7,31.8,8.1,11/19,-19.6,0.55
dev:dayrange × rank:volume,all,mean,268.2,29.6,9.1,14/19,-13.1,0.6
dev:dayrange × dev:volume,all,mean,253.8,35.5,7.1,13/19,-14.7,0.62
dev:dayrange × rank:squeezeH1,all,mean,253.6,33.5,7.6,12/19,-15.2,0.63
dev:dayrange × dev:squeezeH1,all,mean,282.1,28.9,9.8,13/19,-17.1,0.55
rank:hour × rank:posH4,all,mean,297.1,32.3,9.2,11/19,-19.0,0.55
rank:hour × dev:posH4,all,mean,266.9,42.4,6.3,11/19,-18.2,0.53
rank:hour × rank:distD1,all,mean,355.1,26.3,13.5,13/19,-16.2,0.62
rank:hour × dev:distD1,all,mean,265.9,33.9,7.8,12/19,-14.8,0.5
rank:hour × rank:volume,all,mean,297.2,39.4,7.5,13/19,-14.0,0.6
rank:hour × dev:volume,all,mean,297.1,32.4,9.2,13/19,-11.5,0.58
rank:hour × rank:squeezeH1,all,mean,243.9,41.2,5.9,13/19,-18.0,0.53
rank:hour × dev:squeezeH1,all,mean,303.7,30.7,9.9,13/19,-15.5,0.52
rank:posH4 × dev:posH4,all,mean,272.3,36.4,7.5,13/19,-17.0,0.56
rank:posH4 × rank:distD1,all,mean,288.4,34.5,8.4,13/19,-17.0,0.59
rank:posH4 × dev:distD1,all,mean,308.4,30.3,10.2,12/19,-19.0,0.52
rank:posH4 × rank:volume,all,mean,314.7,37.1,8.5,13/19,-22.4,0.58
rank:posH4 × dev:volume,all,mean,301.8,41.1,7.3,12/19,-14.6,0.53
rank:posH4 × rank:squeezeH1,all,mean,295.1,36.2,8.2,13/19,-19.8,0.56
rank:posH4 × dev:squeezeH1,all,mean,235.9,31.5,7.5,12/19,-19.7,0.57
dev:posH4 × rank:distD1,all,mean,293.6,48.3,6.1,11/19,-19.8,0.51
dev:posH4 × dev:distD1,all,mean,301.5,41.3,7.3,11/19,-15.2,0.53
dev:posH4 × rank:volume,all,mean,284.3,36.1,7.9,13/19,-15.1,0.56
dev:posH4 × dev:volume,all,mean,225.8,50.2,4.5,13/19,-19.8,0.51
dev:posH4 × rank:squeezeH1,all,mean,212.5,41.7,5.1,12/19,-18.6,0.51
dev:posH4 × dev:squeezeH1,all,mean,283.1,39.7,7.1,12/19,-19.1,0.56
rank:distD1 × dev:distD1,all,mean,278.3,38.0,7.3,13/19,-18.7,0.5
rank:distD1 × rank:volume,all,mean,286.6,31.6,9.1,13/19,-25.2,0.58
rank:distD1 × dev:volume,all,mean,282.8,35.4,8.0,13/19,-22.4,0.54
rank:distD1 × rank:squeezeH1,all,mean,278.7,46.4,6.0,12/19,-20.6,0.52
rank:distD1 × dev:squeezeH1,all,mean,278.6,40.5,6.9,12/19,-17.2,0.55
dev:distD1 × rank:volume,all,mean,292.2,38.3,7.6,13/19,-21.5,0.51
dev:distD1 × dev:volume,all,mean,311.0,37.0,8.4,12/19,-23.4,0.53
dev:distD1 × rank:squeezeH1,all,mean,296.8,37.5,7.9,13/19,-18.3,0.5
dev:distD1 × dev:squeezeH1,all,mean,297.1,33.3,8.9,13/19,-20.6,0.53
rank:volume × dev:volume,all,mean,278.1,31.4,8.9,14/19,-17.4,0.54
rank:volume × rank:squeezeH1,all,mean,290.6,36.6,7.9,13/19,-12.3,0.6
rank:volume × dev:squeezeH1,all,mean,302.0,23.3,13.0,14/19,-12.1,0.61
dev:volume × rank:squeezeH1,all,mean,244.1,37.5,6.5,13/19,-19.6,0.5
dev:volume × dev:squeezeH1,all,mean,241.1,31.5,7.7,12/19,-13.5,0.59
rank:squeezeH1 × dev:squeezeH1,all,mean,278.7,31.5,8.8,14/19,-17.5,0.54
none,all,sharpe,242.3,19.9,12.2,14/19,-9.4,0.7
rank:volH1,all,sharpe,242.8,20.2,12.0,14/19,-9.0,0.71
dev:volH1,all,sharpe,259.9,20.4,12.7,14/19,-9.6,0.76
rank:volH4,all,sharpe,235.4,22.5,10.5,12/19,-8.3,0.65
dev:volH4,all,sharpe,246.1,20.7,11.9,15/19,-10.2,0.78
rank:volD1,all,sharpe,254.8,18.4,13.8,14/19,-10.3,0.72
dev:volD1,all,sharpe,288.3,22.3,12.9,15/19,-14.2,0.77
rank:adxH1,all,sharpe,247.9,22.2,11.2,14/19,-9.8,0.68
dev:adxH1,all,sharpe,226.9,26.1,8.7,13/19,-12.6,0.63
rank:adxH4,all,sharpe,244.2,23.0,10.6,14/19,-12.6,0.67
dev:adxH4,all,sharpe,241.6,19.3,12.5,15/19,-10.0,0.71
rank:adxD1,all,sharpe,276.1,23.7,11.6,13/19,-8.9,0.77
dev:adxD1,all,sharpe,217.7,30.6,7.1,14/19,-15.2,0.59
rank:effH1,all,sharpe,252.0,19.1,13.2,13/19,-9.8,0.69
dev:effH1,all,sharpe,240.5,23.0,10.5,14/19,-12.1,0.65
rank:effH4,all,sharpe,230.2,20.6,11.2,14/19,-10.6,0.67
dev:effH4,all,sharpe,257.1,18.9,13.6,14/19,-8.3,0.74
rank:stackH4,all,sharpe,249.6,22.4,11.1,14/19,-9.4,0.73
rank:ribbonD1,all,sharpe,253.0,19.2,13.2,15/19,-10.9,0.75
dev:ribbonD1,all,sharpe,215.7,22.4,9.6,14/19,-10.0,0.64
rank:dayrange,all,sharpe,257.9,19.6,13.2,15/19,-10.4,0.7
dev:dayrange,all,sharpe,250.6,24.6,10.2,14/19,-9.8,0.7
rank:hour,all,sharpe,241.8,18.3,13.2,14/19,-11.6,0.68
rank:posH4,all,sharpe,244.6,20.5,11.9,13/19,-11.7,0.67
dev:posH4,all,sharpe,241.7,23.2,10.4,13/19,-12.9,0.65
rank:distD1,all,sharpe,232.1,21.1,11.0,14/19,-13.2,0.66
dev:distD1,all,sharpe,218.2,23.6,9.2,13/19,-15.7,0.59
rank:volume,all,sharpe,268.1,21.6,12.4,14/19,-12.0,0.72
dev:volume,all,sharpe,237.0,23.7,10.0,14/19,-11.5,0.67
rank:squeezeH1,all,sharpe,220.0,21.9,10.0,15/19,-11.5,0.61
dev:squeezeH1,all,sharpe,266.6,19.8,13.5,15/19,-11.7,0.71
rank:volH1 × dev:volH1,all,sharpe,264.7,19.7,13.4,15/19,-10.1,0.81
rank:volH1 × rank:volH4,all,sharpe,234.7,27.0,8.7,13/19,-12.9,0.71
rank:volH1 × dev:volH4,all,sharpe,264.9,23.0,11.5,13/19,-9.6,0.71
rank:volH1 × rank:volD1,all,sharpe,277.3,18.2,15.2,14/19,-13.4,0.76
rank:volH1 × dev:volD1,all,sharpe,263.2,19.2,13.7,14/19,-13.7,0.76
rank:volH1 × rank:adxH1,all,sharpe,247.4,18.2,13.6,16/19,-11.5,0.69
rank:volH1 × dev:adxH1,all,sharpe,270.6,16.8,16.1,16/19,-9.0,0.81
rank:volH1 × rank:adxH4,all,sharpe,243.9,21.3,11.5,15/19,-11.9,0.72
rank:volH1 × dev:adxH4,all,sharpe,277.8,18.9,14.7,15/19,-11.3,0.78
rank:volH1 × rank:adxD1,all,sharpe,270.7,22.0,12.3,14/19,-10.2,0.79
rank:volH1 × dev:adxD1,all,sharpe,238.4,24.2,9.9,14/19,-11.1,0.68
rank:volH1 × rank:effH1,all,sharpe,252.4,16.4,15.4,14/19,-9.7,0.74
rank:volH1 × dev:effH1,all,sharpe,247.2,21.1,11.7,14/19,-10.4,0.71
rank:volH1 × rank:effH4,all,sharpe,254.3,20.3,12.5,14/19,-10.1,0.72
rank:volH1 × dev:effH4,all,sharpe,239.4,16.8,14.2,14/19,-12.1,0.78
rank:volH1 × rank:stackH4,all,sharpe,244.2,19.0,12.9,14/19,-9.0,0.73
rank:volH1 × rank:ribbonD1,all,sharpe,261.6,24.0,10.9,13/19,-8.4,0.72
rank:volH1 × dev:ribbonD1,all,sharpe,262.1,19.2,13.7,15/19,-11.2,0.73
rank:volH1 × rank:dayrange,all,sharpe,225.4,25.4,8.9,13/19,-10.7,0.67
rank:volH1 × dev:dayrange,all,sharpe,278.2,19.9,14.0,14/19,-9.7,0.75
rank:volH1 × rank:hour,all,sharpe,243.9,24.8,9.8,13/19,-11.3,0.69
rank:volH1 × rank:posH4,all,sharpe,261.0,15.9,16.4,16/19,-11.5,0.78
rank:volH1 × dev:posH4,all,sharpe,236.2,23.6,10.0,14/19,-14.1,0.63
rank:volH1 × rank:distD1,all,sharpe,249.0,19.8,12.6,14/19,-14.2,0.68
rank:volH1 × dev:distD1,all,sharpe,252.9,19.9,12.7,13/19,-12.6,0.66
rank:volH1 × rank:volume,all,sharpe,276.2,19.7,14.0,14/19,-12.9,0.8
rank:volH1 × dev:volume,all,sharpe,249.2,20.1,12.4,14/19,-10.1,0.72
rank:volH1 × rank:squeezeH1,all,sharpe,224.1,21.4,10.5,15/19,-10.0,0.66
rank:volH1 × dev:squeezeH1,all,sharpe,277.0,19.7,14.1,13/19,-10.9,0.71
dev:volH1 × rank:volH4,all,sharpe,266.3,20.3,13.1,14/19,-8.4,0.78
dev:volH1 × dev:volH4,all,sharpe,278.3,22.1,12.6,14/19,-9.0,0.76
dev:volH1 × rank:volD1,all,sharpe,278.5,17.7,15.7,15/19,-11.4,0.78
dev:volH1 × dev:volD1,all,sharpe,302.5,19.8,15.3,15/19,-14.3,0.76
dev:volH1 × rank:adxH1,all,sharpe,266.8,21.0,12.7,14/19,-12.7,0.74
dev:volH1 × dev:adxH1,all,sharpe,244.9,20.3,12.1,12/19,-8.0,0.71
dev:volH1 × rank:adxH4,all,sharpe,279.6,19.3,14.5,15/19,-11.5,0.72
dev:volH1 × dev:adxH4,all,sharpe,241.8,22.7,10.7,13/19,-10.2,0.68
dev:volH1 × rank:adxD1,all,sharpe,281.5,27.0,10.4,14/19,-9.2,0.76
dev:volH1 × dev:adxD1,all,sharpe,269.2,16.8,16.0,14/19,-13.3,0.75
dev:volH1 × rank:effH1,all,sharpe,258.4,21.5,12.0,14/19,-10.2,0.76
dev:volH1 × dev:effH1,all,sharpe,277.7,19.1,14.5,15/19,-10.1,0.77
dev:volH1 × rank:effH4,all,sharpe,232.5,22.6,10.3,15/19,-11.4,0.69
dev:volH1 × dev:effH4,all,sharpe,244.2,22.5,10.9,14/19,-13.4,0.69
dev:volH1 × rank:stackH4,all,sharpe,274.6,20.0,13.7,15/19,-9.1,0.85
dev:volH1 × rank:ribbonD1,all,sharpe,275.8,23.4,11.8,13/19,-11.9,0.76
dev:volH1 × dev:ribbonD1,all,sharpe,280.7,21.3,13.2,16/19,-8.5,0.89
dev:volH1 × rank:dayrange,all,sharpe,284.2,20.4,13.9,15/19,-12.2,0.78
dev:volH1 × dev:dayrange,all,sharpe,295.7,27.7,10.7,14/19,-10.8,0.8
dev:volH1 × rank:hour,all,sharpe,260.3,20.4,12.8,13/19,-11.0,0.73
dev:volH1 × rank:posH4,all,sharpe,280.5,19.1,14.7,15/19,-16.9,0.72
dev:volH1 × dev:posH4,all,sharpe,263.9,19.9,13.3,15/19,-16.0,0.69
dev:volH1 × rank:distD1,all,sharpe,254.4,18.8,13.5,14/19,-11.4,0.73
dev:volH1 × dev:distD1,all,sharpe,254.0,21.0,12.1,14/19,-11.7,0.69
dev:volH1 × rank:volume,all,sharpe,273.4,20.8,13.1,13/19,-11.7,0.76
dev:volH1 × dev:volume,all,sharpe,265.6,22.6,11.8,14/19,-10.0,0.72
dev:volH1 × rank:squeezeH1,all,sharpe,255.5,24.5,10.4,13/19,-9.7,0.68
dev:volH1 × dev:squeezeH1,all,sharpe,251.3,23.9,10.5,15/19,-10.9,0.73
rank:volH4 × dev:volH4,all,sharpe,230.1,22.4,10.3,14/19,-8.7,0.74
rank:volH4 × rank:volD1,all,sharpe,259.6,16.6,15.6,13/19,-9.7,0.84
rank:volH4 × dev:volD1,all,sharpe,280.9,16.4,17.1,15/19,-10.0,0.77
rank:volH4 × rank:adxH1,all,sharpe,227.0,22.0,10.3,14/19,-15.7,0.69
rank:volH4 × dev:adxH1,all,sharpe,216.6,21.6,10.0,12/19,-11.2,0.62
rank:volH4 × rank:adxH4,all,sharpe,213.8,25.7,8.3,12/19,-11.6,0.6
rank:volH4 × dev:adxH4,all,sharpe,219.7,21.5,10.2,13/19,-10.0,0.61
rank:volH4 × rank:adxD1,all,sharpe,289.5,21.3,13.6,13/19,-10.2,0.79
rank:volH4 × dev:adxD1,all,sharpe,249.1,24.3,10.3,14/19,-12.5,0.67
rank:volH4 × rank:effH1,all,sharpe,238.7,28.4,8.4,14/19,-10.9,0.66
rank:volH4 × dev:effH1,all,sharpe,227.2,25.9,8.8,14/19,-12.3,0.65
rank:volH4 × rank:effH4,all,sharpe,252.3,24.3,10.4,13/19,-9.1,0.68
rank:volH4 × dev:effH4,all,sharpe,237.0,22.4,10.6,13/19,-11.7,0.66
rank:volH4 × rank:stackH4,all,sharpe,231.5,23.7,9.8,12/19,-8.6,0.68
rank:volH4 × rank:ribbonD1,all,sharpe,244.4,28.1,8.7,14/19,-12.8,0.68
rank:volH4 × dev:ribbonD1,all,sharpe,249.8,25.6,9.8,14/19,-12.9,0.73
rank:volH4 × rank:dayrange,all,sharpe,277.5,21.3,13.0,14/19,-18.7,0.73
rank:volH4 × dev:dayrange,all,sharpe,235.6,21.1,11.2,13/19,-13.0,0.64
rank:volH4 × rank:hour,all,sharpe,248.7,23.0,10.8,13/19,-9.4,0.71
rank:volH4 × rank:posH4,all,sharpe,236.3,25.1,9.4,13/19,-16.5,0.62
rank:volH4 × dev:posH4,all,sharpe,251.4,24.4,10.3,12/19,-11.1,0.65
rank:volH4 × rank:distD1,all,sharpe,254.1,22.1,11.5,15/19,-13.9,0.71
rank:volH4 × dev:distD1,all,sharpe,197.3,26.1,7.6,14/19,-14.3,0.58
rank:volH4 × rank:volume,all,sharpe,253.0,17.9,14.1,13/19,-10.4,0.7
rank:volH4 × dev:volume,all,sharpe,253.2,21.8,11.6,13/19,-11.4,0.67
rank:volH4 × rank:squeezeH1,all,sharpe,231.8,23.6,9.8,13/19,-16.9,0.65
rank:volH4 × dev:squeezeH1,all,sharpe,263.7,16.9,15.6,13/19,-12.4,0.72
dev:volH4 × rank:volD1,all,sharpe,256.7,19.6,13.1,15/19,-11.8,0.69
dev:volH4 × dev:volD1,all,sharpe,269.8,19.9,13.6,14/19,-10.2,0.74
dev:volH4 × rank:adxH1,all,sharpe,255.7,19.1,13.4,13/19,-9.3,0.68
dev:volH4 × dev:adxH1,all,sharpe,262.2,18.5,14.2,14/19,-9.7,0.78
dev:volH4 × rank:adxH4,all,sharpe,232.6,18.9,12.3,15/19,-10.6,0.71
dev:volH4 × dev:adxH4,all,sharpe,197.3,22.9,8.6,14/19,-12.9,0.64
dev:volH4 × rank:adxD1,all,sharpe,245.1,22.1,11.1,13/19,-9.4,0.7
dev:volH4 × dev:adxD1,all,sharpe,242.9,27.2,8.9,12/19,-10.6,0.67
dev:volH4 × rank:effH1,all,sharpe,255.5,19.1,13.4,14/19,-8.2,0.77
dev:volH4 × dev:effH1,all,sharpe,269.9,20.4,13.2,14/19,-10.4,0.74
dev:volH4 × rank:effH4,all,sharpe,252.7,19.5,13.0,13/19,-9.9,0.69
dev:volH4 × dev:effH4,all,sharpe,222.4,21.9,10.2,13/19,-11.0,0.71
dev:volH4 × rank:stackH4,all,sharpe,250.9,20.7,12.1,15/19,-10.2,0.77
dev:volH4 × rank:ribbonD1,all,sharpe,225.0,21.6,10.4,14/19,-12.1,0.68
dev:volH4 × dev:ribbonD1,all,sharpe,216.8,27.5,7.9,14/19,-10.3,0.7
dev:volH4 × rank:dayrange,all,sharpe,244.7,18.6,13.2,14/19,-11.8,0.75
dev:volH4 × dev:dayrange,all,sharpe,265.8,19.2,13.8,14/19,-8.2,0.7
dev:volH4 × rank:hour,all,sharpe,245.7,19.5,12.6,14/19,-10.3,0.68
dev:volH4 × rank:posH4,all,sharpe,234.5,25.5,9.2,12/19,-15.7,0.61
dev:volH4 × dev:posH4,all,sharpe,242.3,23.9,10.1,12/19,-9.3,0.65
dev:volH4 × rank:distD1,all,sharpe,229.3,24.1,9.5,15/19,-10.9,0.68
dev:volH4 × dev:distD1,all,sharpe,226.3,22.2,10.2,13/19,-12.2,0.64
dev:volH4 × rank:volume,all,sharpe,252.5,20.0,12.6,14/19,-11.3,0.72
dev:volH4 × dev:volume,all,sharpe,230.1,23.6,9.8,14/19,-9.0,0.68
dev:volH4 × rank:squeezeH1,all,sharpe,238.1,22.8,10.4,13/19,-13.1,0.67
dev:volH4 × dev:squeezeH1,all,sharpe,262.0,19.7,13.3,14/19,-13.1,0.73
rank:volD1 × dev:volD1,all,sharpe,263.4,19.4,13.6,16/19,-13.4,0.71
rank:volD1 × rank:adxH1,all,sharpe,248.6,16.5,15.1,15/19,-11.4,0.7
rank:volD1 × dev:adxH1,all,sharpe,251.3,18.9,13.3,15/19,-10.6,0.76
rank:volD1 × rank:adxH4,all,sharpe,285.2,19.0,15.0,15/19,-9.5,0.69
rank:volD1 × dev:adxH4,all,sharpe,244.5,20.7,11.8,14/19,-11.3,0.67
rank:volD1 × rank:adxD1,all,sharpe,305.3,19.4,15.7,13/19,-10.5,0.77
rank:volD1 × dev:adxD1,all,sharpe,241.8,19.5,12.4,15/19,-14.0,0.66
rank:volD1 × rank:effH1,all,sharpe,268.6,17.2,15.6,14/19,-17.2,0.69
rank:volD1 × dev:effH1,all,sharpe,286.3,19.5,14.7,15/19,-16.5,0.66
rank:volD1 × rank:effH4,all,sharpe,248.6,22.9,10.9,14/19,-10.8,0.68
rank:volD1 × dev:effH4,all,sharpe,241.3,18.5,13.0,14/19,-8.5,0.75
rank:volD1 × rank:stackH4,all,sharpe,263.0,18.7,14.1,15/19,-9.4,0.76
rank:volD1 × rank:ribbonD1,all,sharpe,278.2,22.3,12.5,16/19,-12.0,0.81
rank:volD1 × dev:ribbonD1,all,sharpe,267.8,19.8,13.5,14/19,-11.2,0.71
rank:volD1 × rank:dayrange,all,sharpe,261.2,19.4,13.5,15/19,-11.7,0.72
rank:volD1 × dev:dayrange,all,sharpe,251.1,19.6,12.8,15/19,-12.5,0.7
rank:volD1 × rank:hour,all,sharpe,254.7,20.0,12.7,14/19,-11.2,0.72
rank:volD1 × rank:posH4,all,sharpe,254.2,19.7,12.9,15/19,-12.5,0.69
rank:volD1 × dev:posH4,all,sharpe,287.0,19.7,14.6,14/19,-9.1,0.77
rank:volD1 × rank:distD1,all,sharpe,264.8,17.9,14.8,15/19,-14.7,0.71
rank:volD1 × dev:distD1,all,sharpe,250.3,23.2,10.8,14/19,-16.9,0.61
rank:volD1 × rank:volume,all,sharpe,270.3,18.7,14.5,15/19,-10.7,0.73
rank:volD1 × dev:volume,all,sharpe,244.6,18.9,12.9,13/19,-9.6,0.74
rank:volD1 × rank:squeezeH1,all,sharpe,294.2,16.7,17.6,15/19,-14.5,0.7
rank:volD1 × dev:squeezeH1,all,sharpe,268.8,19.6,13.7,15/19,-19.6,0.7
dev:volD1 × rank:adxH1,all,sharpe,259.0,19.1,13.6,14/19,-15.3,0.71
dev:volD1 × dev:adxH1,all,sharpe,276.2,17.6,15.7,14/19,-15.5,0.66
dev:volD1 × rank:adxH4,all,sharpe,282.1,19.7,14.3,14/19,-15.2,0.71
dev:volD1 × dev:adxH4,all,sharpe,246.9,20.1,12.3,13/19,-15.0,0.68
dev:volD1 × rank:adxD1,all,sharpe,278.3,23.3,11.9,13/19,-10.9,0.73
dev:volD1 × dev:adxD1,all,sharpe,252.1,24.9,10.1,14/19,-14.9,0.66
dev:volD1 × rank:effH1,all,sharpe,280.5,19.3,14.5,16/19,-16.3,0.74
dev:volD1 × dev:effH1,all,sharpe,305.1,20.1,15.2,16/19,-17.4,0.76
dev:volD1 × rank:effH4,all,sharpe,259.1,19.7,13.2,13/19,-17.0,0.69
dev:volD1 × dev:effH4,all,sharpe,248.0,19.9,12.5,14/19,-18.6,0.67
dev:volD1 × rank:stackH4,all,sharpe,279.9,19.8,14.1,15/19,-11.5,0.79
dev:volD1 × rank:ribbonD1,all,sharpe,271.8,18.3,14.9,16/19,-11.6,0.76
dev:volD1 × dev:ribbonD1,all,sharpe,269.6,19.5,13.8,16/19,-10.6,0.83
dev:volD1 × rank:dayrange,all,sharpe,279.8,19.5,14.3,15/19,-13.6,0.73
dev:volD1 × dev:dayrange,all,sharpe,245.8,24.6,10.0,14/19,-13.2,0.66
dev:volD1 × rank:hour,all,sharpe,261.7,23.0,11.4,13/19,-13.3,0.7
dev:volD1 × rank:posH4,all,sharpe,272.3,18.9,14.4,13/19,-15.1,0.7
dev:volD1 × dev:posH4,all,sharpe,275.6,20.1,13.7,15/19,-18.2,0.69
dev:volD1 × rank:distD1,all,sharpe,287.2,17.9,16.0,15/19,-14.5,0.76
dev:volD1 × dev:distD1,all,sharpe,243.2,19.9,12.2,15/19,-16.5,0.66
dev:volD1 × rank:volume,all,sharpe,273.8,19.0,14.4,16/19,-13.5,0.75
dev:volD1 × dev:volume,all,sharpe,289.0,18.9,15.3,14/19,-15.3,0.72
dev:volD1 × rank:squeezeH1,all,sharpe,276.3,15.4,17.9,15/19,-13.7,0.72
dev:volD1 × dev:squeezeH1,all,sharpe,263.8,21.2,12.4,13/19,-14.3,0.71
rank:adxH1 × dev:adxH1,all,sharpe,227.9,18.7,12.2,14/19,-9.9,0.62
rank:adxH1 × rank:adxH4,all,sharpe,276.3,18.1,15.3,14/19,-11.3,0.69
rank:adxH1 × dev:adxH4,all,sharpe,271.1,20.4,13.3,14/19,-10.7,0.57
rank:adxH1 × rank:adxD1,all,sharpe,269.6,24.4,11.0,13/19,-11.2,0.71
rank:adxH1 × dev:adxD1,all,sharpe,260.3,19.0,13.7,12/19,-10.1,0.74
rank:adxH1 × rank:effH1,all,sharpe,224.3,20.8,10.8,13/19,-10.3,0.67
rank:adxH1 × dev:effH1,all,sharpe,247.9,18.7,13.3,14/19,-14.1,0.71
rank:adxH1 × rank:effH4,all,sharpe,218.5,24.5,8.9,12/19,-13.3,0.54
rank:adxH1 × dev:effH4,all,sharpe,238.9,20.7,11.5,14/19,-9.7,0.64
rank:adxH1 × rank:stackH4,all,sharpe,250.4,18.2,13.8,14/19,-9.8,0.7
rank:adxH1 × rank:ribbonD1,all,sharpe,212.2,24.5,8.7,14/19,-10.4,0.63
rank:adxH1 × dev:ribbonD1,all,sharpe,230.5,20.1,11.5,13/19,-9.5,0.67
rank:adxH1 × rank:dayrange,all,sharpe,252.1,18.0,14.0,15/19,-14.3,0.7
rank:adxH1 × dev:dayrange,all,sharpe,242.1,21.2,11.4,13/19,-12.6,0.71
rank:adxH1 × rank:hour,all,sharpe,263.6,21.8,12.1,13/19,-11.8,0.66
rank:adxH1 × rank:posH4,all,sharpe,242.1,25.7,9.4,13/19,-12.6,0.64
rank:adxH1 × dev:posH4,all,sharpe,231.7,23.6,9.8,13/19,-18.9,0.63
rank:adxH1 × rank:distD1,all,sharpe,265.2,21.7,12.2,14/19,-13.2,0.7
rank:adxH1 × dev:distD1,all,sharpe,231.9,22.4,10.4,15/19,-12.5,0.62
rank:adxH1 × rank:volume,all,sharpe,226.5,19.3,11.7,14/19,-10.1,0.65
rank:adxH1 × dev:volume,all,sharpe,226.8,22.1,10.3,13/19,-10.1,0.66
rank:adxH1 × rank:squeezeH1,all,sharpe,248.6,21.5,11.6,14/19,-13.0,0.66
rank:adxH1 × dev:squeezeH1,all,sharpe,275.8,17.9,15.4,13/19,-11.7,0.66
dev:adxH1 × rank:adxH4,all,sharpe,299.3,20.5,14.6,15/19,-10.7,0.7
dev:adxH1 × dev:adxH4,all,sharpe,227.2,18.1,12.6,14/19,-14.5,0.64
dev:adxH1 × rank:adxD1,all,sharpe,268.2,31.3,8.6,14/19,-10.8,0.71
dev:adxH1 × dev:adxD1,all,sharpe,231.5,20.2,11.5,14/19,-13.2,0.62
dev:adxH1 × rank:effH1,all,sharpe,267.4,19.8,13.5,14/19,-9.6,0.71
dev:adxH1 × dev:effH1,all,sharpe,225.6,26.3,8.6,13/19,-13.4,0.63
dev:adxH1 × rank:effH4,all,sharpe,245.6,33.3,7.4,13/19,-13.7,0.62
dev:adxH1 × dev:effH4,all,sharpe,252.0,23.7,10.6,13/19,-11.0,0.69
dev:adxH1 × rank:stackH4,all,sharpe,247.6,20.5,12.1,13/19,-12.6,0.67
dev:adxH1 × rank:ribbonD1,all,sharpe,248.7,23.3,10.7,14/19,-10.8,0.7
dev:adxH1 × dev:ribbonD1,all,sharpe,237.1,22.2,10.7,14/19,-10.1,0.71
dev:adxH1 × rank:dayrange,all,sharpe,224.8,18.1,12.4,14/19,-15.5,0.65
dev:adxH1 × dev:dayrange,all,sharpe,243.7,26.1,9.3,13/19,-12.6,0.67
dev:adxH1 × rank:hour,all,sharpe,232.0,21.1,11.0,14/19,-12.1,0.6
dev:adxH1 × rank:posH4,all,sharpe,229.6,25.3,9.1,13/19,-16.9,0.59
dev:adxH1 × dev:posH4,all,sharpe,230.6,24.1,9.6,14/19,-11.3,0.65
dev:adxH1 × rank:distD1,all,sharpe,290.4,18.9,15.4,15/19,-10.3,0.71
dev:adxH1 × dev:distD1,all,sharpe,240.5,19.3,12.5,14/19,-12.1,0.61
dev:adxH1 × rank:volume,all,sharpe,270.3,18.0,15.0,15/19,-10.3,0.68
dev:adxH1 × dev:volume,all,sharpe,242.7,24.8,9.8,13/19,-12.5,0.62
dev:adxH1 × rank:squeezeH1,all,sharpe,235.6,21.6,10.9,15/19,-11.0,0.67
dev:adxH1 × dev:squeezeH1,all,sharpe,272.1,15.6,17.4,15/19,-10.7,0.79
rank:adxH4 × dev:adxH4,all,sharpe,242.6,21.3,11.4,15/19,-11.4,0.68
rank:adxH4 × rank:adxD1,all,sharpe,238.2,23.5,10.1,14/19,-14.3,0.65
rank:adxH4 × dev:adxD1,all,sharpe,249.6,29.0,8.6,14/19,-11.0,0.64
rank:adxH4 × rank:effH1,all,sharpe,255.6,20.6,12.4,14/19,-12.0,0.68
rank:adxH4 × dev:effH1,all,sharpe,264.8,27.3,9.7,13/19,-14.3,0.62
rank:adxH4 × rank:effH4,all,sharpe,265.3,28.8,9.2,13/19,-8.3,0.7
rank:adxH4 × dev:effH4,all,sharpe,251.0,23.8,10.5,15/19,-9.2,0.68
rank:adxH4 × rank:stackH4,all,sharpe,230.3,24.3,9.5,14/19,-12.6,0.65
rank:adxH4 × rank:ribbonD1,all,sharpe,246.5,26.0,9.5,14/19,-12.4,0.64
rank:adxH4 × dev:ribbonD1,all,sharpe,254.0,22.2,11.4,15/19,-11.9,0.7
rank:adxH4 × rank:dayrange,all,sharpe,247.0,19.6,12.6,15/19,-11.5,0.72
rank:adxH4 × dev:dayrange,all,sharpe,271.6,25.6,10.6,14/19,-13.1,0.72
rank:adxH4 × rank:hour,all,sharpe,250.1,21.8,11.5,14/19,-12.5,0.73
rank:adxH4 × rank:posH4,all,sharpe,240.4,21.3,11.3,13/19,-12.3,0.63
rank:adxH4 × dev:posH4,all,sharpe,269.4,21.9,12.3,14/19,-10.9,0.72
rank:adxH4 × rank:distD1,all,sharpe,252.2,19.3,13.1,15/19,-10.7,0.75
rank:adxH4 × dev:distD1,all,sharpe,239.8,17.6,13.6,15/19,-11.4,0.7
rank:adxH4 × rank:volume,all,sharpe,259.0,21.4,12.1,14/19,-11.6,0.68
rank:adxH4 × dev:volume,all,sharpe,269.1,22.1,12.2,14/19,-12.6,0.73
rank:adxH4 × rank:squeezeH1,all,sharpe,229.1,21.2,10.8,14/19,-10.6,0.66
rank:adxH4 × dev:squeezeH1,all,sharpe,249.2,19.3,12.9,14/19,-9.6,0.72
dev:adxH4 × rank:adxD1,all,sharpe,263.9,19.1,13.8,15/19,-10.2,0.7
dev:adxH4 × dev:adxD1,all,sharpe,230.6,19.4,11.9,13/19,-11.5,0.65
dev:adxH4 × rank:effH1,all,sharpe,222.9,20.0,11.1,13/19,-9.6,0.67
dev:adxH4 × dev:effH1,all,sharpe,247.2,23.6,10.5,13/19,-12.5,0.65
dev:adxH4 × rank:effH4,all,sharpe,254.0,21.0,12.1,13/19,-8.7,0.72
dev:adxH4 × dev:effH4,all,sharpe,236.3,19.8,11.9,14/19,-10.3,0.7
dev:adxH4 × rank:stackH4,all,sharpe,239.2,19.1,12.5,15/19,-9.4,0.7
dev:adxH4 × rank:ribbonD1,all,sharpe,228.2,22.2,10.3,14/19,-9.4,0.69
dev:adxH4 × dev:ribbonD1,all,sharpe,212.0,25.2,8.4,14/19,-11.9,0.66
dev:adxH4 × rank:dayrange,all,sharpe,229.2,22.4,10.2,13/19,-11.1,0.65
dev:adxH4 × dev:dayrange,all,sharpe,220.5,21.0,10.5,12/19,-10.6,0.64
dev:adxH4 × rank:hour,all,sharpe,234.9,22.7,10.3,13/19,-9.7,0.64
dev:adxH4 × rank:posH4,all,sharpe,220.0,21.4,10.3,13/19,-14.0,0.66
dev:adxH4 × dev:posH4,all,sharpe,248.7,20.2,12.3,13/19,-11.5,0.74
dev:adxH4 × rank:distD1,all,sharpe,246.2,21.4,11.5,15/19,-12.5,0.7
dev:adxH4 × dev:distD1,all,sharpe,199.5,24.9,8.0,12/19,-14.1,0.58
dev:adxH4 × rank:volume,all,sharpe,256.3,28.0,9.2,14/19,-12.6,0.7
dev:adxH4 × dev:volume,all,sharpe,249.7,22.6,11.0,15/19,-10.3,0.66
dev:adxH4 × rank:squeezeH1,all,sharpe,243.7,21.8,11.2,14/19,-10.5,0.71
dev:adxH4 × dev:squeezeH1,all,sharpe,253.9,18.4,13.8,15/19,-9.6,0.72
rank:adxD1 × dev:adxD1,all,sharpe,281.2,25.0,11.2,14/19,-11.5,0.77
rank:adxD1 × rank:effH1,all,sharpe,246.6,22.5,11.0,13/19,-11.5,0.68
rank:adxD1 × dev:effH1,all,sharpe,258.7,21.6,12.0,13/19,-9.4,0.66
rank:adxD1 × rank:effH4,all,sharpe,240.6,27.3,8.8,11/19,-12.6,0.61
rank:adxD1 × dev:effH4,all,sharpe,238.9,18.5,12.9,14/19,-12.0,0.71
rank:adxD1 × rank:stackH4,all,sharpe,268.7,23.7,11.3,13/19,-8.8,0.8
rank:adxD1 × rank:ribbonD1,all,sharpe,261.3,20.3,12.9,14/19,-9.4,0.73
rank:adxD1 × dev:ribbonD1,all,sharpe,256.3,21.0,12.2,14/19,-10.7,0.73
rank:adxD1 × rank:dayrange,all,sharpe,263.3,24.9,10.6,12/19,-9.5,0.7
rank:adxD1 × dev:dayrange,all,sharpe,272.5,21.9,12.4,14/19,-9.7,0.72
rank:adxD1 × rank:hour,all,sharpe,253.2,20.0,12.7,14/19,-11.5,0.74
rank:adxD1 × rank:posH4,all,sharpe,225.8,27.3,8.3,12/19,-9.5,0.64
rank:adxD1 × dev:posH4,all,sharpe,252.2,25.0,10.1,13/19,-10.3,0.69
rank:adxD1 × rank:distD1,all,sharpe,217.1,28.5,7.6,14/19,-12.7,0.62
rank:adxD1 × dev:distD1,all,sharpe,200.3,25.7,7.8,13/19,-15.1,0.58
rank:adxD1 × rank:volume,all,sharpe,255.3,25.7,9.9,14/19,-12.1,0.68
rank:adxD1 × dev:volume,all,sharpe,267.3,22.1,12.1,14/19,-10.7,0.72
rank:adxD1 × rank:squeezeH1,all,sharpe,260.6,29.0,9.0,13/19,-11.0,0.69
rank:adxD1 × dev:squeezeH1,all,sharpe,221.0,20.3,10.9,13/19,-9.3,0.66
dev:adxD1 × rank:effH1,all,sharpe,231.6,22.2,10.4,12/19,-11.9,0.62
dev:adxD1 × dev:effH1,all,sharpe,214.7,19.4,11.1,13/19,-15.1,0.62
dev:adxD1 × rank:effH4,all,sharpe,195.2,31.1,6.3,12/19,-12.5,0.55
dev:adxD1 × dev:effH4,all,sharpe,210.1,27.3,7.7,13/19,-14.1,0.58
dev:adxD1 × rank:stackH4,all,sharpe,210.8,31.1,6.8,14/19,-15.2,0.59
dev:adxD1 × rank:ribbonD1,all,sharpe,216.4,21.0,10.3,14/19,-15.6,0.66
dev:adxD1 × dev:ribbonD1,all,sharpe,221.8,23.8,9.3,15/19,-13.3,0.65
dev:adxD1 × rank:dayrange,all,sharpe,253.1,18.8,13.5,14/19,-12.1,0.69
dev:adxD1 × dev:dayrange,all,sharpe,253.9,23.0,11.0,13/19,-11.3,0.7
dev:adxD1 × rank:hour,all,sharpe,213.4,27.7,7.7,13/19,-11.7,0.61
dev:adxD1 × rank:posH4,all,sharpe,242.1,18.8,12.9,13/19,-12.8,0.65
dev:adxD1 × dev:posH4,all,sharpe,188.9,23.4,8.1,11/19,-15.4,0.55
dev:adxD1 × rank:distD1,all,sharpe,232.3,21.1,11.0,14/19,-11.1,0.7
dev:adxD1 × dev:distD1,all,sharpe,212.0,30.1,7.0,13/19,-17.2,0.56
dev:adxD1 × rank:volume,all,sharpe,219.1,21.0,10.4,14/19,-15.1,0.68
dev:adxD1 × dev:volume,all,sharpe,219.3,29.4,7.5,14/19,-12.9,0.59
dev:adxD1 × rank:squeezeH1,all,sharpe,250.6,22.2,11.3,14/19,-13.3,0.67
dev:adxD1 × dev:squeezeH1,all,sharpe,253.8,23.5,10.8,13/19,-13.1,0.65
rank:effH1 × dev:effH1,all,sharpe,259.7,23.9,10.9,14/19,-10.5,0.66
rank:effH1 × rank:effH4,all,sharpe,227.2,24.7,9.2,13/19,-13.0,0.61
rank:effH1 × dev:effH4,all,sharpe,228.4,18.6,12.3,14/19,-8.7,0.69
rank:effH1 × rank:stackH4,all,sharpe,255.8,19.6,13.1,13/19,-9.8,0.7
rank:effH1 × rank:ribbonD1,all,sharpe,261.3,23.7,11.0,14/19,-10.2,0.69
rank:effH1 × dev:ribbonD1,all,sharpe,239.9,17.3,13.9,15/19,-9.5,0.77
rank:effH1 × rank:dayrange,all,sharpe,285.4,25.0,11.4,14/19,-14.1,0.7
rank:effH1 × dev:dayrange,all,sharpe,246.4,18.8,13.1,13/19,-10.8,0.69
rank:effH1 × rank:hour,all,sharpe,258.0,20.7,12.5,14/19,-12.3,0.69
rank:effH1 × rank:posH4,all,sharpe,254.0,20.2,12.6,14/19,-15.8,0.7
rank:effH1 × dev:posH4,all,sharpe,289.8,22.0,13.2,15/19,-13.2,0.72
rank:effH1 × rank:distD1,all,sharpe,229.0,25.9,8.8,13/19,-12.4,0.65
rank:effH1 × dev:distD1,all,sharpe,235.7,26.2,9.0,13/19,-14.5,0.6
rank:effH1 × rank:volume,all,sharpe,221.9,20.3,10.9,15/19,-9.8,0.69
rank:effH1 × dev:volume,all,sharpe,238.3,19.2,12.4,14/19,-10.5,0.68
rank:effH1 × rank:squeezeH1,all,sharpe,249.0,21.0,11.9,14/19,-13.0,0.64
rank:effH1 × dev:squeezeH1,all,sharpe,257.4,21.2,12.1,13/19,-10.1,0.65
dev:effH1 × rank:effH4,all,sharpe,223.8,24.0,9.3,13/19,-12.5,0.64
dev:effH1 × dev:effH4,all,sharpe,275.8,18.7,14.7,14/19,-9.8,0.7
dev:effH1 × rank:stackH4,all,sharpe,256.4,21.6,11.9,14/19,-10.9,0.68
dev:effH1 × rank:ribbonD1,all,sharpe,280.5,22.7,12.4,13/19,-10.7,0.71
dev:effH1 × dev:ribbonD1,all,sharpe,208.8,23.6,8.8,13/19,-11.6,0.66
dev:effH1 × rank:dayrange,all,sharpe,260.9,20.6,12.7,14/19,-13.5,0.7
dev:effH1 × dev:dayrange,all,sharpe,250.5,21.9,11.4,14/19,-10.1,0.68
dev:effH1 × rank:hour,all,sharpe,226.2,25.7,8.8,13/19,-9.6,0.63
dev:effH1 × rank:posH4,all,sharpe,239.4,22.6,10.6,12/19,-18.5,0.59
dev:effH1 × dev:posH4,all,sharpe,259.4,25.2,10.3,13/19,-15.5,0.64
dev:effH1 × rank:distD1,all,sharpe,253.2,19.0,13.3,15/19,-12.7,0.7
dev:effH1 × dev:distD1,all,sharpe,247.9,21.3,11.6,15/19,-11.3,0.61
dev:effH1 × rank:volume,all,sharpe,220.4,21.0,10.5,14/19,-10.9,0.6
dev:effH1 × dev:volume,all,sharpe,241.4,25.3,9.5,13/19,-11.6,0.63
dev:effH1 × rank:squeezeH1,all,sharpe,249.1,20.6,12.1,14/19,-12.3,0.62
dev:effH1 × dev:squeezeH1,all,sharpe,245.0,20.1,12.2,14/19,-9.8,0.66
rank:effH4 × dev:effH4,all,sharpe,247.8,20.2,12.3,15/19,-10.0,0.72
rank:effH4 × rank:stackH4,all,sharpe,238.8,19.5,12.2,14/19,-10.6,0.68
rank:effH4 × rank:ribbonD1,all,sharpe,264.8,23.0,11.5,15/19,-10.8,0.8
rank:effH4 × dev:ribbonD1,all,sharpe,227.2,26.1,8.7,13/19,-13.2,0.63
rank:effH4 × rank:dayrange,all,sharpe,262.6,20.1,13.1,15/19,-13.9,0.7
rank:effH4 × dev:dayrange,all,sharpe,251.5,22.1,11.4,14/19,-8.4,0.68
rank:effH4 × rank:hour,all,sharpe,215.1,25.9,8.3,13/19,-10.7,0.64
rank:effH4 × rank:posH4,all,sharpe,233.0,26.2,8.9,15/19,-12.8,0.66
rank:effH4 × dev:posH4,all,sharpe,274.0,24.1,11.4,12/19,-12.5,0.67
rank:effH4 × rank:distD1,all,sharpe,226.8,30.5,7.4,13/19,-13.0,0.63
rank:effH4 × dev:distD1,all,sharpe,218.4,22.9,9.5,13/19,-18.6,0.59
rank:effH4 × rank:volume,all,sharpe,238.6,24.1,9.9,13/19,-12.3,0.65
rank:effH4 × dev:volume,all,sharpe,203.2,25.0,8.1,12/19,-10.5,0.6
rank:effH4 × rank:squeezeH1,all,sharpe,262.5,20.4,12.9,14/19,-18.6,0.67
rank:effH4 × dev:squeezeH1,all,sharpe,281.0,21.3,13.2,15/19,-13.4,0.72
dev:effH4 × rank:stackH4,all,sharpe,269.1,18.2,14.8,15/19,-9.5,0.76
dev:effH4 × rank:ribbonD1,all,sharpe,225.5,23.3,9.7,14/19,-8.6,0.7
dev:effH4 × dev:ribbonD1,all,sharpe,223.0,21.1,10.6,14/19,-10.7,0.69
dev:effH4 × rank:dayrange,all,sharpe,262.8,17.6,14.9,15/19,-11.8,0.72
dev:effH4 × dev:dayrange,all,sharpe,234.9,21.2,11.1,14/19,-11.3,0.67
dev:effH4 × rank:hour,all,sharpe,220.0,20.3,10.8,13/19,-13.5,0.6
dev:effH4 × rank:posH4,all,sharpe,235.6,24.1,9.8,11/19,-14.0,0.62
dev:effH4 × dev:posH4,all,sharpe,231.4,21.7,10.7,13/19,-12.7,0.64
dev:effH4 × rank:distD1,all,sharpe,238.7,26.5,9.0,14/19,-13.8,0.68
dev:effH4 × dev:distD1,all,sharpe,219.5,28.7,7.6,12/19,-13.7,0.59
dev:effH4 × rank:volume,all,sharpe,247.9,18.7,13.3,14/19,-15.0,0.72
dev:effH4 × dev:volume,all,sharpe,260.8,19.2,13.6,14/19,-9.5,0.73
dev:effH4 × rank:squeezeH1,all,sharpe,269.5,21.8,12.4,14/19,-11.9,0.68
dev:effH4 × dev:squeezeH1,all,sharpe,229.8,21.9,10.5,13/19,-11.7,0.6
rank:stackH4 × rank:ribbonD1,all,sharpe,255.7,20.5,12.5,16/19,-11.2,0.78
rank:stackH4 × dev:ribbonD1,all,sharpe,229.8,22.6,10.2,14/19,-10.0,0.69
rank:stackH4 × rank:dayrange,all,sharpe,254.8,21.7,11.7,15/19,-10.5,0.68
rank:stackH4 × dev:dayrange,all,sharpe,269.9,24.8,10.9,14/19,-9.8,0.74
rank:stackH4 × rank:hour,all,sharpe,230.0,18.7,12.3,13/19,-11.6,0.64
rank:stackH4 × rank:posH4,all,sharpe,225.4,23.0,9.8,11/19,-11.2,0.63
rank:stackH4 × dev:posH4,all,sharpe,227.0,29.0,7.8,12/19,-10.9,0.62
rank:stackH4 × rank:distD1,all,sharpe,236.0,21.6,10.9,14/19,-13.2,0.67
rank:stackH4 × dev:distD1,all,sharpe,218.4,22.8,9.6,14/19,-15.7,0.6
rank:stackH4 × rank:volume,all,sharpe,263.4,19.0,13.9,14/19,-11.9,0.72
rank:stackH4 × dev:volume,all,sharpe,235.6,21.7,10.9,14/19,-11.7,0.66
rank:stackH4 × rank:squeezeH1,all,sharpe,226.0,21.9,10.3,15/19,-11.5,0.61
rank:stackH4 × dev:squeezeH1,all,sharpe,266.0,19.8,13.4,15/19,-11.7,0.69
rank:ribbonD1 × dev:ribbonD1,all,sharpe,271.0,27.4,9.9,13/19,-8.5,0.69
rank:ribbonD1 × rank:dayrange,all,sharpe,260.6,18.7,13.9,15/19,-11.1,0.75
rank:ribbonD1 × dev:dayrange,all,sharpe,292.0,20.9,14.0,15/19,-11.7,0.78
rank:ribbonD1 × rank:hour,all,sharpe,234.3,26.0,9.0,13/19,-12.6,0.61
rank:ribbonD1 × rank:posH4,all,sharpe,256.2,27.7,9.2,13/19,-8.2,0.69
rank:ribbonD1 × dev:posH4,all,sharpe,247.4,22.9,10.8,13/19,-9.3,0.65
rank:ribbonD1 × rank:distD1,all,sharpe,246.2,21.8,11.3,15/19,-16.8,0.72
rank:ribbonD1 × dev:distD1,all,sharpe,236.4,24.5,9.6,14/19,-14.5,0.65
rank:ribbonD1 × rank:volume,all,sharpe,267.5,17.1,15.6,15/19,-12.2,0.78
rank:ribbonD1 × dev:volume,all,sharpe,245.9,22.4,11.0,13/19,-8.6,0.66
rank:ribbonD1 × rank:squeezeH1,all,sharpe,261.5,22.2,11.8,15/19,-12.9,0.71
rank:ribbonD1 × dev:squeezeH1,all,sharpe,272.2,20.6,13.2,15/19,-13.9,0.73
dev:ribbonD1 × rank:dayrange,all,sharpe,247.8,24.6,10.1,13/19,-10.4,0.66
dev:ribbonD1 × dev:dayrange,all,sharpe,249.7,22.6,11.0,14/19,-10.8,0.71
dev:ribbonD1 × rank:hour,all,sharpe,203.8,23.8,8.6,13/19,-10.6,0.61
dev:ribbonD1 × rank:posH4,all,sharpe,237.4,28.5,8.3,12/19,-16.8,0.58
dev:ribbonD1 × dev:posH4,all,sharpe,219.6,28.4,7.7,12/19,-12.2,0.59
dev:ribbonD1 × rank:distD1,all,sharpe,241.0,24.0,10.0,14/19,-13.2,0.7
dev:ribbonD1 × dev:distD1,all,sharpe,229.4,24.6,9.3,14/19,-13.1,0.69
dev:ribbonD1 × rank:volume,all,sharpe,252.2,24.1,10.5,12/19,-8.6,0.73
dev:ribbonD1 × dev:volume,all,sharpe,236.2,23.6,10.0,13/19,-9.6,0.65
dev:ribbonD1 × rank:squeezeH1,all,sharpe,219.5,21.7,10.1,14/19,-11.3,0.61
dev:ribbonD1 × dev:squeezeH1,all,sharpe,241.0,22.6,10.7,14/19,-11.3,0.69
rank:dayrange × dev:dayrange,all,sharpe,254.8,17.5,14.6,15/19,-12.5,0.71
rank:dayrange × rank:hour,all,sharpe,253.9,26.6,9.5,12/19,-14.7,0.63
rank:dayrange × rank:posH4,all,sharpe,261.1,20.3,12.9,14/19,-16.3,0.73
rank:dayrange × dev:posH4,all,sharpe,247.3,24.8,10.0,14/19,-14.9,0.64
rank:dayrange × rank:distD1,all,sharpe,227.6,20.8,10.9,13/19,-11.6,0.62
rank:dayrange × dev:distD1,all,sharpe,277.2,18.6,14.9,15/19,-13.2,0.74
rank:dayrange × rank:volume,all,sharpe,260.3,17.8,14.6,15/19,-16.5,0.72
rank:dayrange × dev:volume,all,sharpe,236.6,19.3,12.3,15/19,-11.9,0.67
rank:dayrange × rank:squeezeH1,all,sharpe,240.3,19.8,12.1,14/19,-15.3,0.61
rank:dayrange × dev:squeezeH1,all,sharpe,264.5,17.4,15.2,15/19,-12.6,0.7
dev:dayrange × rank:hour,all,sharpe,270.9,28.7,9.4,14/19,-11.8,0.76
dev:dayrange × rank:posH4,all,sharpe,241.0,23.6,10.2,13/19,-10.2,0.66
dev:dayrange × dev:posH4,all,sharpe,230.3,33.8,6.8,12/19,-11.7,0.65
dev:dayrange × rank:distD1,all,sharpe,249.0,23.1,10.8,14/19,-14.5,0.65
dev:dayrange × dev:distD1,all,sharpe,230.7,28.8,8.0,13/19,-15.3,0.61
dev:dayrange × rank:volume,all,sharpe,261.9,22.6,11.6,15/19,-12.7,0.71
dev:dayrange × dev:volume,all,sharpe,244.6,18.8,13.0,15/19,-11.8,0.71
dev:dayrange × rank:squeezeH1,all,sharpe,261.1,25.1,10.4,13/19,-11.3,0.63
dev:dayrange × dev:squeezeH1,all,sharpe,261.9,19.1,13.7,15/19,-11.1,0.68
rank:hour × rank:posH4,all,sharpe,243.4,22.2,11.0,12/19,-11.7,0.63
rank:hour × dev:posH4,all,sharpe,225.9,24.7,9.1,12/19,-18.7,0.58
rank:hour × rank:distD1,all,sharpe,275.5,20.2,13.6,14/19,-11.5,0.74
rank:hour × dev:distD1,all,sharpe,239.3,24.2,9.9,14/19,-12.1,0.64
rank:hour × rank:volume,all,sharpe,238.0,21.6,11.0,13/19,-11.0,0.7
rank:hour × dev:volume,all,sharpe,237.2,22.1,10.7,13/19,-11.8,0.65
rank:hour × rank:squeezeH1,all,sharpe,267.3,24.9,10.7,13/19,-11.8,0.69
rank:hour × dev:squeezeH1,all,sharpe,256.6,25.7,10.0,13/19,-11.9,0.68
rank:posH4 × dev:posH4,all,sharpe,251.9,27.0,9.3,13/19,-11.0,0.68
rank:posH4 × rank:distD1,all,sharpe,250.7,27.8,9.0,13/19,-15.6,0.65
rank:posH4 × dev:distD1,all,sharpe,231.1,24.8,9.3,13/19,-15.6,0.62
rank:posH4 × rank:volume,all,sharpe,217.9,19.2,11.3,13/19,-14.1,0.62
rank:posH4 × dev:volume,all,sharpe,206.6,24.1,8.6,12/19,-16.5,0.59
rank:posH4 × rank:squeezeH1,all,sharpe,246.4,26.7,9.2,14/19,-18.7,0.66
rank:posH4 × dev:squeezeH1,all,sharpe,240.0,21.2,11.3,13/19,-14.3,0.65
dev:posH4 × rank:distD1,all,sharpe,232.4,29.4,7.9,12/19,-11.3,0.62
dev:posH4 × dev:distD1,all,sharpe,247.7,27.0,9.2,13/19,-10.8,0.61
dev:posH4 × rank:volume,all,sharpe,265.1,21.2,12.5,15/19,-11.7,0.73
dev:posH4 × dev:volume,all,sharpe,230.1,27.6,8.3,12/19,-14.6,0.57
dev:posH4 × rank:squeezeH1,all,sharpe,236.4,25.8,9.2,13/19,-18.6,0.61
dev:posH4 × dev:squeezeH1,all,sharpe,241.4,22.2,10.9,14/19,-14.2,0.64
rank:distD1 × dev:distD1,all,sharpe,245.9,24.7,10.0,14/19,-13.1,0.69
rank:distD1 × rank:volume,all,sharpe,229.3,27.8,8.2,12/19,-13.4,0.63
rank:distD1 × dev:volume,all,sharpe,240.4,23.5,10.2,15/19,-15.2,0.69
rank:distD1 × rank:squeezeH1,all,sharpe,246.4,23.1,10.7,15/19,-12.4,0.71
rank:distD1 × dev:squeezeH1,all,sharpe,231.6,23.2,10.0,14/19,-11.8,0.68
dev:distD1 × rank:volume,all,sharpe,258.7,22.5,11.5,14/19,-18.2,0.66
dev:distD1 × dev:volume,all,sharpe,226.7,27.6,8.2,14/19,-19.5,0.58
dev:distD1 × rank:squeezeH1,all,sharpe,245.0,19.9,12.3,13/19,-12.7,0.63
dev:distD1 × dev:squeezeH1,all,sharpe,259.8,21.2,12.3,13/19,-12.4,0.66
rank:volume × dev:volume,all,sharpe,256.1,26.0,9.9,13/19,-12.0,0.7
rank:volume × rank:squeezeH1,all,sharpe,248.1,18.6,13.3,14/19,-9.7,0.71
rank:volume × dev:squeezeH1,all,sharpe,244.2,20.3,12.0,15/19,-12.9,0.67
dev:volume × rank:squeezeH1,all,sharpe,217.6,23.9,9.1,14/19,-13.3,0.6
dev:volume × dev:squeezeH1,all,sharpe,241.4,25.9,9.3,13/19,-10.7,0.64
rank:squeezeH1 × dev:squeezeH1,all,sharpe,217.6,21.2,10.3,13/19,-13.2,0.58
none,6,mean,303.9,35.4,8.6,13/19,-14.0,0.58
rank:volH1,6,mean,254.2,34.4,7.4,12/19,-10.7,0.56
dev:volH1,6,mean,274.8,22.2,12.4,14/19,-12.1,0.75
rank:volH4,6,mean,279.6,32.0,8.7,13/19,-13.7,0.66
dev:volH4,6,mean,218.9,41.4,5.3,13/19,-16.0,0.59
rank:volD1,6,mean,259.5,34.8,7.5,13/19,-17.5,0.55
dev:volD1,6,mean,265.5,35.1,7.6,12/19,-20.2,0.62
rank:adxH1,6,mean,236.5,42.4,5.6,12/19,-16.3,0.54
dev:adxH1,6,mean,270.8,30.1,9.0,12/19,-15.9,0.54
rank:adxH4,6,mean,347.8,34.0,10.2,13/19,-19.8,0.49
dev:adxH4,6,mean,300.9,31.8,9.5,12/19,-19.3,0.48
rank:adxD1,6,mean,305.4,26.1,11.7,12/19,-13.2,0.71
dev:adxD1,6,mean,299.3,46.3,6.5,12/19,-16.7,0.53
rank:effH1,6,mean,249.8,33.5,7.5,13/19,-13.9,0.59
dev:effH1,6,mean,310.7,35.2,8.8,12/19,-12.3,0.54
rank:effH4,6,mean,241.6,34.9,6.9,13/19,-20.3,0.57
dev:effH4,6,mean,277.7,32.8,8.5,13/19,-21.5,0.55
rank:stackH4,6,mean,284.0,35.2,8.1,13/19,-14.0,0.54
rank:ribbonD1,6,mean,303.8,32.8,9.3,13/19,-13.8,0.57
dev:ribbonD1,6,mean,250.9,36.9,6.8,12/19,-15.0,0.48
rank:dayrange,6,mean,267.1,25.7,10.4,14/19,-17.4,0.55
dev:dayrange,6,mean,257.5,37.9,6.8,13/19,-14.2,0.64
rank:hour,6,mean,290.8,47.1,6.2,13/19,-15.6,0.56
rank:posH4,6,mean,242.1,31.5,7.7,11/19,-19.2,0.54
dev:posH4,6,mean,281.4,38.7,7.3,14/19,-15.3,0.52
rank:distD1,6,mean,267.8,39.1,6.8,13/19,-15.0,0.53
dev:distD1,6,mean,277.8,37.5,7.4,13/19,-20.9,0.52
rank:volume,6,mean,283.0,32.9,8.6,13/19,-16.2,0.6
dev:volume,6,mean,242.3,39.5,6.1,13/19,-16.2,0.51
rank:squeezeH1,6,mean,226.1,40.4,5.6,12/19,-18.4,0.5
dev:squeezeH1,6,mean,281.2,35.5,7.9,13/19,-13.0,0.56
rank:volH1 × dev:volH1,6,mean,291.3,23.0,12.7,13/19,-12.3,0.64
rank:volH1 × rank:volH4,6,mean,245.1,39.1,6.3,12/19,-15.8,0.64
rank:volH1 × dev:volH4,6,mean,300.5,30.7,9.8,11/19,-11.6,0.56
rank:volH1 × rank:volD1,6,mean,263.8,27.5,9.6,13/19,-15.0,0.59
rank:volH1 × dev:volD1,6,mean,258.8,32.6,7.9,12/19,-18.0,0.47
rank:volH1 × rank:adxH1,6,mean,268.6,28.1,9.6,12/19,-11.0,0.55
rank:volH1 × dev:adxH1,6,mean,299.8,28.5,10.5,14/19,-11.6,0.62
rank:volH1 × rank:adxH4,6,mean,256.2,33.8,7.6,11/19,-16.2,0.52
rank:volH1 × dev:adxH4,6,mean,264.0,34.5,7.7,13/19,-15.5,0.55
rank:volH1 × rank:adxD1,6,mean,246.1,34.4,7.2,13/19,-12.4,0.65
rank:volH1 × dev:adxD1,6,mean,296.8,39.5,7.5,12/19,-14.0,0.55
rank:volH1 × rank:effH1,6,mean,220.3,26.9,8.2,13/19,-14.7,0.61
rank:volH1 × dev:effH1,6,mean,268.1,34.7,7.7,13/19,-14.7,0.55
rank:volH1 × rank:effH4,6,mean,277.2,35.2,7.9,13/19,-11.7,0.59
rank:volH1 × dev:effH4,6,mean,267.0,35.2,7.6,12/19,-14.7,0.58
rank:volH1 × rank:stackH4,6,mean,248.4,42.3,5.9,11/19,-15.2,0.53
rank:volH1 × rank:ribbonD1,6,mean,293.1,25.1,11.7,13/19,-14.3,0.57
rank:volH1 × dev:ribbonD1,6,mean,248.5,23.8,10.4,13/19,-13.7,0.55
rank:volH1 × rank:dayrange,6,mean,271.7,28.4,9.6,12/19,-14.2,0.53
rank:volH1 × dev:dayrange,6,mean,281.6,32.9,8.6,14/19,-16.2,0.52
rank:volH1 × rank:hour,6,mean,265.1,41.6,6.4,13/19,-12.8,0.56
rank:volH1 × rank:posH4,6,mean,211.3,36.5,5.8,12/19,-14.1,0.58
rank:volH1 × dev:posH4,6,mean,272.8,38.3,7.1,12/19,-14.9,0.65
rank:volH1 × rank:distD1,6,mean,253.5,35.4,7.2,12/19,-14.6,0.49
rank:volH1 × dev:distD1,6,mean,240.4,36.4,6.6,12/19,-16.2,0.45
rank:volH1 × rank:volume,6,mean,241.9,36.0,6.7,13/19,-15.0,0.57
rank:volH1 × dev:volume,6,mean,267.3,39.3,6.8,13/19,-10.7,0.55
rank:volH1 × rank:squeezeH1,6,mean,213.3,37.3,5.7,13/19,-13.1,0.55
rank:volH1 × dev:squeezeH1,6,mean,231.6,37.2,6.2,13/19,-18.0,0.58
dev:volH1 × rank:volH4,6,mean,291.3,22.9,12.7,14/19,-11.1,0.71
dev:volH1 × dev:volH4,6,mean,319.3,19.2,16.6,14/19,-12.6,0.65
dev:volH1 × rank:volD1,6,mean,262.4,28.6,9.2,12/19,-12.3,0.62
dev:volH1 × dev:volD1,6,mean,311.6,27.8,11.2,12/19,-14.4,0.65
dev:volH1 × rank:adxH1,6,mean,286.1,30.8,9.3,12/19,-15.7,0.55
dev:volH1 × dev:adxH1,6,mean,309.0,32.3,9.6,13/19,-13.4,0.61
dev:volH1 × rank:adxH4,6,mean,284.7,37.8,7.5,12/19,-18.6,0.51
dev:volH1 × dev:adxH4,6,mean,291.9,33.9,8.6,12/19,-10.2,0.55
dev:volH1 × rank:adxD1,6,mean,299.7,26.9,11.1,12/19,-12.3,0.68
dev:volH1 × dev:adxD1,6,mean,277.4,38.8,7.1,11/19,-13.9,0.59
dev:volH1 × rank:effH1,6,mean,300.1,20.7,14.5,13/19,-13.8,0.6
dev:volH1 × dev:effH1,6,mean,298.8,28.9,10.3,12/19,-14.3,0.58
dev:volH1 × rank:effH4,6,mean,291.4,43.6,6.7,13/19,-13.9,0.61
dev:volH1 × dev:effH4,6,mean,289.4,29.6,9.8,13/19,-15.9,0.55
dev:volH1 × rank:stackH4,6,mean,271.2,21.7,12.5,14/19,-12.1,0.73
dev:volH1 × rank:ribbonD1,6,mean,301.8,34.7,8.7,13/19,-13.9,0.54
dev:volH1 × dev:ribbonD1,6,mean,277.7,21.8,12.7,13/19,-9.9,0.65
dev:volH1 × rank:dayrange,6,mean,292.3,19.0,15.4,14/19,-12.4,0.63
dev:volH1 × dev:dayrange,6,mean,267.7,22.0,12.2,14/19,-11.8,0.72
dev:volH1 × rank:hour,6,mean,300.6,32.1,9.4,13/19,-13.1,0.62
dev:volH1 × rank:posH4,6,mean,299.7,28.1,10.7,11/19,-13.4,0.57
dev:volH1 × dev:posH4,6,mean,327.9,35.2,9.3,12/19,-13.1,0.65
dev:volH1 × rank:distD1,6,mean,279.9,38.4,7.3,13/19,-13.1,0.59
dev:volH1 × dev:distD1,6,mean,232.4,31.2,7.4,13/19,-17.1,0.58
dev:volH1 × rank:volume,6,mean,299.8,22.9,13.1,14/19,-12.8,0.63
dev:volH1 × dev:volume,6,mean,291.7,23.6,12.4,12/19,-12.7,0.57
dev:volH1 × rank:squeezeH1,6,mean,243.2,34.2,7.1,12/19,-16.6,0.58
dev:volH1 × dev:squeezeH1,6,mean,243.0,28.5,8.5,13/19,-14.1,0.63
rank:volH4 × dev:volH4,6,mean,225.2,35.4,6.4,12/19,-13.0,0.62
rank:volH4 × rank:volD1,6,mean,233.4,24.5,9.5,13/19,-14.3,0.68
rank:volH4 × dev:volD1,6,mean,260.1,22.4,11.6,13/19,-14.7,0.73
rank:volH4 × rank:adxH1,6,mean,236.6,35.5,6.7,12/19,-20.2,0.59
rank:volH4 × dev:adxH1,6,mean,242.5,31.0,7.8,12/19,-19.1,0.59
rank:volH4 × rank:adxH4,6,mean,327.3,32.9,9.9,12/19,-16.5,0.49
rank:volH4 × dev:adxH4,6,mean,239.4,32.8,7.3,10/19,-17.3,0.56
rank:volH4 × rank:adxD1,6,mean,305.7,29.3,10.4,12/19,-17.2,0.69
rank:volH4 × dev:adxD1,6,mean,332.7,38.8,8.6,14/19,-19.7,0.58
rank:volH4 × rank:effH1,6,mean,274.2,34.5,7.9,12/19,-21.2,0.58
rank:volH4 × dev:effH1,6,mean,261.8,33.7,7.8,12/19,-19.3,0.61
rank:volH4 × rank:effH4,6,mean,250.7,31.6,7.9,12/19,-21.1,0.55
rank:volH4 × dev:effH4,6,mean,249.3,30.6,8.1,13/19,-20.9,0.54
rank:volH4 × rank:stackH4,6,mean,302.4,26.9,11.2,13/19,-13.0,0.72
rank:volH4 × rank:ribbonD1,6,mean,284.8,22.8,12.5,13/19,-18.1,0.56
rank:volH4 × dev:ribbonD1,6,mean,288.5,28.9,10.0,12/19,-16.9,0.57
rank:volH4 × rank:dayrange,6,mean,238.8,23.4,10.2,13/19,-20.4,0.5
rank:volH4 × dev:dayrange,6,mean,256.8,31.1,8.3,14/19,-16.2,0.63
rank:volH4 × rank:hour,6,mean,268.8,25.8,10.4,13/19,-11.1,0.67
rank:volH4 × rank:posH4,6,mean,327.7,34.6,9.5,13/19,-14.8,0.59
rank:volH4 × dev:posH4,6,mean,255.9,36.6,7.0,12/19,-15.9,0.61
rank:volH4 × rank:distD1,6,mean,310.9,33.1,9.4,13/19,-16.6,0.65
rank:volH4 × dev:distD1,6,mean,254.5,34.8,7.3,12/19,-16.6,0.63
rank:volH4 × rank:volume,6,mean,309.3,28.1,11.0,13/19,-18.9,0.63
rank:volH4 × dev:volume,6,mean,266.0,36.5,7.3,12/19,-12.4,0.62
rank:volH4 × rank:squeezeH1,6,mean,215.4,36.7,5.9,10/19,-21.1,0.47
rank:volH4 × dev:squeezeH1,6,mean,305.4,32.0,9.5,13/19,-19.0,0.58
dev:volH4 × rank:volD1,6,mean,233.2,24.7,9.4,14/19,-14.6,0.55
dev:volH4 × dev:volD1,6,mean,249.3,31.3,8.0,12/19,-13.2,0.6
dev:volH4 × rank:adxH1,6,mean,242.6,38.2,6.4,12/19,-17.4,0.61
dev:volH4 × dev:adxH1,6,mean,224.5,33.2,6.8,12/19,-21.1,0.55
dev:volH4 × rank:adxH4,6,mean,283.5,34.5,8.2,12/19,-14.9,0.43
dev:volH4 × dev:adxH4,6,mean,266.8,29.7,9.0,12/19,-13.9,0.5
dev:volH4 × rank:adxD1,6,mean,228.0,31.3,7.3,12/19,-14.6,0.59
dev:volH4 × dev:adxD1,6,mean,254.5,40.5,6.3,12/19,-14.0,0.56
dev:volH4 × rank:effH1,6,mean,229.9,37.6,6.1,13/19,-17.2,0.58
dev:volH4 × dev:effH1,6,mean,251.2,39.9,6.3,12/19,-14.6,0.57
dev:volH4 × rank:effH4,6,mean,241.1,34.9,6.9,12/19,-21.7,0.49
dev:volH4 × dev:effH4,6,mean,223.3,35.7,6.3,12/19,-14.5,0.56
dev:volH4 × rank:stackH4,6,mean,219.5,42.0,5.2,13/19,-16.2,0.59
dev:volH4 × rank:ribbonD1,6,mean,243.6,26.1,9.3,12/19,-21.1,0.55
dev:volH4 × dev:ribbonD1,6,mean,241.5,34.9,6.9,12/19,-15.6,0.62
dev:volH4 × rank:dayrange,6,mean,270.9,28.0,9.7,12/19,-14.6,0.57
dev:volH4 × dev:dayrange,6,mean,259.8,36.3,7.2,12/19,-14.7,0.58
dev:volH4 × rank:hour,6,mean,293.2,32.3,9.1,14/19,-14.0,0.62
dev:volH4 × rank:posH4,6,mean,249.1,35.6,7.0,13/19,-17.0,0.59
dev:volH4 × dev:posH4,6,mean,223.1,41.7,5.4,12/19,-14.6,0.56
dev:volH4 × rank:distD1,6,mean,191.9,40.2,4.8,12/19,-17.4,0.54
dev:volH4 × dev:distD1,6,mean,220.1,36.7,6.0,12/19,-16.9,0.62
dev:volH4 × rank:volume,6,mean,254.5,32.5,7.8,12/19,-12.1,0.57
dev:volH4 × dev:volume,6,mean,203.7,43.2,4.7,12/19,-16.1,0.56
dev:volH4 × rank:squeezeH1,6,mean,234.9,49.9,4.7,12/19,-16.3,0.47
dev:volH4 × dev:squeezeH1,6,mean,280.7,36.7,7.6,12/19,-15.7,0.52
rank:volD1 × dev:volD1,6,mean,262.4,30.4,8.6,13/19,-21.3,0.57
rank:volD1 × rank:adxH1,6,mean,248.9,20.1,12.4,14/19,-15.8,0.62
rank:volD1 × dev:adxH1,6,mean,285.1,30.5,9.3,12/19,-16.8,0.57
rank:volD1 × rank:adxH4,6,mean,360.4,24.1,15.0,13/19,-10.7,0.55
rank:volD1 × dev:adxH4,6,mean,305.6,26.9,11.4,13/19,-14.3,0.58
rank:volD1 × rank:adxD1,6,mean,349.6,25.3,13.8,14/19,-13.1,0.69
rank:volD1 × dev:adxD1,6,mean,256.7,37.7,6.8,14/19,-19.0,0.57
rank:volD1 × rank:effH1,6,mean,283.6,26.9,10.5,14/19,-16.4,0.57
rank:volD1 × dev:effH1,6,mean,270.1,34.4,7.9,14/19,-18.0,0.55
rank:volD1 × rank:effH4,6,mean,230.8,26.6,8.7,13/19,-19.2,0.5
rank:volD1 × dev:effH4,6,mean,238.7,33.8,7.1,14/19,-19.4,0.55
rank:volD1 × rank:stackH4,6,mean,264.7,34.8,7.6,13/19,-17.5,0.57
rank:volD1 × rank:ribbonD1,6,mean,225.0,39.4,5.7,13/19,-16.6,0.6
rank:volD1 × dev:ribbonD1,6,mean,262.3,30.6,8.6,13/19,-14.7,0.63
rank:volD1 × rank:dayrange,6,mean,310.8,31.4,9.9,12/19,-13.9,0.61
rank:volD1 × dev:dayrange,6,mean,265.9,36.2,7.3,12/19,-12.7,0.64
rank:volD1 × rank:hour,6,mean,268.4,33.8,7.9,13/19,-15.4,0.61
rank:volD1 × rank:posH4,6,mean,246.9,22.6,10.9,13/19,-12.5,0.65
rank:volD1 × dev:posH4,6,mean,259.7,21.1,12.3,15/19,-17.3,0.64
rank:volD1 × rank:distD1,6,mean,285.9,32.9,8.7,13/19,-15.2,0.61
rank:volD1 × dev:distD1,6,mean,257.3,29.7,8.7,14/19,-16.0,0.64
rank:volD1 × rank:volume,6,mean,268.6,26.8,10.0,13/19,-14.4,0.68
rank:volD1 × dev:volume,6,mean,257.5,28.2,9.1,13/19,-14.1,0.62
rank:volD1 × rank:squeezeH1,6,mean,249.7,32.6,7.7,12/19,-15.8,0.62
rank:volD1 × dev:squeezeH1,6,mean,283.1,30.7,9.2,13/19,-15.7,0.61
dev:volD1 × rank:adxH1,6,mean,297.0,24.6,12.1,13/19,-18.6,0.65
dev:volD1 × dev:adxH1,6,mean,299.6,32.8,9.1,14/19,-17.2,0.61
dev:volD1 × rank:adxH4,6,mean,400.4,28.5,14.0,13/19,-14.9,0.57
dev:volD1 × dev:adxH4,6,mean,347.3,30.3,11.5,12/19,-18.5,0.52
dev:volD1 × rank:adxD1,6,mean,327.5,24.9,13.2,11/19,-21.8,0.66
dev:volD1 × dev:adxD1,6,mean,322.7,30.3,10.7,13/19,-18.4,0.57
dev:volD1 × rank:effH1,6,mean,287.0,28.8,10.0,14/19,-19.4,0.62
dev:volD1 × dev:effH1,6,mean,251.8,37.9,6.6,13/19,-20.9,0.58
dev:volD1 × rank:effH4,6,mean,246.7,24.0,10.3,13/19,-19.7,0.59
dev:volD1 × dev:effH4,6,mean,221.4,31.7,7.0,13/19,-20.5,0.53
dev:volD1 × rank:stackH4,6,mean,271.3,33.6,8.1,12/19,-20.2,0.64
dev:volD1 × rank:ribbonD1,6,mean,286.6,27.6,10.4,14/19,-21.9,0.58
dev:volD1 × dev:ribbonD1,6,mean,270.2,31.1,8.7,13/19,-19.8,0.52
dev:volD1 × rank:dayrange,6,mean,302.6,23.8,12.7,14/19,-12.5,0.69
dev:volD1 × dev:dayrange,6,mean,313.0,31.7,9.9,12/19,-18.0,0.61
dev:volD1 × rank:hour,6,mean,246.3,29.9,8.2,12/19,-15.7,0.6
dev:volD1 × rank:posH4,6,mean,284.9,28.7,9.9,13/19,-19.4,0.63
dev:volD1 × dev:posH4,6,mean,268.3,41.3,6.5,12/19,-22.7,0.51
dev:volD1 × rank:distD1,6,mean,292.4,22.5,13.0,13/19,-13.9,0.66
dev:volD1 × dev:distD1,6,mean,300.1,22.6,13.3,11/19,-17.0,0.56
dev:volD1 × rank:volume,6,mean,294.5,28.0,10.5,12/19,-22.6,0.57
dev:volD1 × dev:volume,6,mean,247.0,29.9,8.3,13/19,-17.8,0.63
dev:volD1 × rank:squeezeH1,6,mean,297.7,32.2,9.2,13/19,-17.2,0.62
dev:volD1 × dev:squeezeH1,6,mean,269.8,32.1,8.4,13/19,-21.0,0.58
rank:adxH1 × dev:adxH1,6,mean,220.1,40.7,5.4,11/19,-17.9,0.51
rank:adxH1 × rank:adxH4,6,mean,384.4,27.2,14.1,13/19,-14.9,0.52
rank:adxH1 × dev:adxH4,6,mean,321.3,31.5,10.2,12/19,-16.0,0.49
rank:adxH1 × rank:adxD1,6,mean,301.4,29.6,10.2,11/19,-14.4,0.65
rank:adxH1 × dev:adxD1,6,mean,284.7,44.4,6.4,14/19,-16.5,0.49
rank:adxH1 × rank:effH1,6,mean,251.9,25.7,9.8,13/19,-17.1,0.61
rank:adxH1 × dev:effH1,6,mean,329.4,36.3,9.1,13/19,-16.0,0.53
rank:adxH1 × rank:effH4,6,mean,275.1,37.8,7.3,13/19,-18.5,0.49
rank:adxH1 × dev:effH4,6,mean,245.2,39.9,6.1,13/19,-16.6,0.56
rank:adxH1 × rank:stackH4,6,mean,233.0,47.1,4.9,12/19,-16.5,0.54
rank:adxH1 × rank:ribbonD1,6,mean,323.1,24.8,13.0,13/19,-16.1,0.52
rank:adxH1 × dev:ribbonD1,6,mean,288.1,24.6,11.7,12/19,-12.4,0.58
rank:adxH1 × rank:dayrange,6,mean,274.8,33.5,8.2,11/19,-18.0,0.51
rank:adxH1 × dev:dayrange,6,mean,255.7,35.1,7.3,12/19,-17.3,0.59
rank:adxH1 × rank:hour,6,mean,285.5,35.4,8.1,12/19,-14.1,0.53
rank:adxH1 × rank:posH4,6,mean,256.9,33.8,7.6,12/19,-16.1,0.57
rank:adxH1 × dev:posH4,6,mean,297.9,35.5,8.4,12/19,-16.0,0.54
rank:adxH1 × rank:distD1,6,mean,299.6,33.7,8.9,11/19,-20.8,0.56
rank:adxH1 × dev:distD1,6,mean,306.8,33.7,9.1,14/19,-17.1,0.52
rank:adxH1 × rank:volume,6,mean,273.6,35.2,7.8,13/19,-18.4,0.56
rank:adxH1 × dev:volume,6,mean,296.5,32.7,9.1,12/19,-14.9,0.55
rank:adxH1 × rank:squeezeH1,6,mean,281.5,31.4,9.0,13/19,-20.0,0.54
rank:adxH1 × dev:squeezeH1,6,mean,322.8,25.1,12.9,12/19,-12.4,0.57
dev:adxH1 × rank:adxH4,6,mean,393.9,30.7,12.8,12/19,-11.6,0.55
dev:adxH1 × dev:adxH4,6,mean,346.9,29.3,11.8,13/19,-14.6,0.57
dev:adxH1 × rank:adxD1,6,mean,280.5,37.5,7.5,12/19,-12.8,0.62
dev:adxH1 × dev:adxD1,6,mean,297.0,38.6,7.7,14/19,-17.5,0.56
dev:adxH1 × rank:effH1,6,mean,264.4,33.4,7.9,13/19,-15.3,0.54
dev:adxH1 × dev:effH1,6,mean,338.1,27.8,12.2,15/19,-12.4,0.65
dev:adxH1 × rank:effH4,6,mean,291.3,37.5,7.8,13/19,-14.0,0.56
dev:adxH1 × dev:effH4,6,mean,277.6,33.9,8.2,13/19,-15.5,0.58
dev:adxH1 × rank:stackH4,6,mean,271.7,31.2,8.7,12/19,-15.9,0.54
dev:adxH1 × rank:ribbonD1,6,mean,318.8,23.8,13.4,13/19,-8.8,0.6
dev:adxH1 × dev:ribbonD1,6,mean,297.7,36.3,8.2,12/19,-13.2,0.54
dev:adxH1 × rank:dayrange,6,mean,254.2,33.7,7.5,10/19,-16.3,0.56
dev:adxH1 × dev:dayrange,6,mean,329.7,30.5,10.8,15/19,-11.1,0.64
dev:adxH1 × rank:hour,6,mean,272.6,35.7,7.6,12/19,-12.6,0.57
dev:adxH1 × rank:posH4,6,mean,254.7,37.2,6.8,11/19,-15.1,0.62
dev:adxH1 × dev:posH4,6,mean,328.7,39.5,8.3,14/19,-13.3,0.61
dev:adxH1 × rank:distD1,6,mean,295.3,25.5,11.6,12/19,-12.3,0.58
dev:adxH1 × dev:distD1,6,mean,311.4,32.7,9.5,14/19,-18.3,0.5
dev:adxH1 × rank:volume,6,mean,282.5,32.8,8.6,13/19,-15.6,0.58
dev:adxH1 × dev:volume,6,mean,255.2,33.6,7.6,11/19,-13.5,0.5
dev:adxH1 × rank:squeezeH1,6,mean,269.4,34.8,7.7,14/19,-20.5,0.54
dev:adxH1 × dev:squeezeH1,6,mean,303.6,28.3,10.7,14/19,-12.5,0.57
rank:adxH4 × dev:adxH4,6,mean,286.0,32.4,8.8,12/19,-17.4,0.46
rank:adxH4 × rank:adxD1,6,mean,393.8,28.2,14.0,13/19,-17.0,0.56
rank:adxH4 × dev:adxD1,6,mean,338.7,33.2,10.2,12/19,-18.6,0.54
rank:adxH4 × rank:effH1,6,mean,380.0,36.0,10.6,12/19,-13.4,0.54
rank:adxH4 × dev:effH1,6,mean,382.1,33.5,11.4,12/19,-14.6,0.55
rank:adxH4 × rank:effH4,6,mean,293.5,37.1,7.9,13/19,-18.0,0.57
rank:adxH4 × dev:effH4,6,mean,318.3,31.9,10.0,13/19,-19.6,0.52
rank:adxH4 × rank:stackH4,6,mean,346.9,34.1,10.2,13/19,-19.8,0.5
rank:adxH4 × rank:ribbonD1,6,mean,333.2,23.6,14.1,13/19,-20.1,0.52
rank:adxH4 × dev:ribbonD1,6,mean,380.9,31.4,12.1,12/19,-14.0,0.57
rank:adxH4 × rank:dayrange,6,mean,281.6,39.3,7.2,11/19,-12.3,0.49
rank:adxH4 × dev:dayrange,6,mean,318.3,29.3,10.9,12/19,-17.2,0.49
rank:adxH4 × rank:hour,6,mean,303.2,33.8,9.0,13/19,-17.4,0.55
rank:adxH4 × rank:posH4,6,mean,368.6,26.4,14.0,13/19,-15.1,0.62
rank:adxH4 × dev:posH4,6,mean,332.2,42.8,7.8,12/19,-13.5,0.56
rank:adxH4 × rank:distD1,6,mean,309.6,36.0,8.6,11/19,-16.6,0.52
rank:adxH4 × dev:distD1,6,mean,340.8,32.4,10.5,13/19,-18.8,0.52
rank:adxH4 × rank:volume,6,mean,304.2,34.6,8.8,11/19,-17.4,0.51
rank:adxH4 × dev:volume,6,mean,339.8,39.3,8.6,12/19,-14.7,0.57
rank:adxH4 × rank:squeezeH1,6,mean,291.6,36.8,7.9,13/19,-13.9,0.49
rank:adxH4 × dev:squeezeH1,6,mean,306.5,30.2,10.1,14/19,-15.7,0.52
dev:adxH4 × rank:adxD1,6,mean,298.0,28.7,10.4,13/19,-20.0,0.57
dev:adxH4 × dev:adxD1,6,mean,305.3,30.2,10.1,13/19,-18.9,0.55
dev:adxH4 × rank:effH1,6,mean,290.0,33.6,8.6,13/19,-12.9,0.62
dev:adxH4 × dev:effH1,6,mean,311.2,30.8,10.1,12/19,-15.6,0.53
dev:adxH4 × rank:effH4,6,mean,287.3,25.9,11.1,11/19,-16.2,0.53
dev:adxH4 × dev:effH4,6,mean,273.3,35.2,7.8,12/19,-19.4,0.49
dev:adxH4 × rank:stackH4,6,mean,309.2,31.4,9.8,12/19,-19.3,0.5
dev:adxH4 × rank:ribbonD1,6,mean,256.8,32.8,7.8,12/19,-20.2,0.47
dev:adxH4 × dev:ribbonD1,6,mean,249.5,32.4,7.7,12/19,-17.7,0.55
dev:adxH4 × rank:dayrange,6,mean,297.1,36.4,8.2,12/19,-10.6,0.48
dev:adxH4 × dev:dayrange,6,mean,317.9,29.6,10.7,13/19,-15.7,0.51
dev:adxH4 × rank:hour,6,mean,284.2,31.5,9.0,12/19,-16.5,0.53
dev:adxH4 × rank:posH4,6,mean,274.4,33.0,8.3,12/19,-15.8,0.55
dev:adxH4 × dev:posH4,6,mean,280.9,36.4,7.7,13/19,-13.0,0.56
dev:adxH4 × rank:distD1,6,mean,275.5,30.0,9.2,12/19,-17.1,0.53
dev:adxH4 × dev:distD1,6,mean,312.3,25.2,12.4,12/19,-22.2,0.5
dev:adxH4 × rank:volume,6,mean,262.9,35.6,7.4,14/19,-17.7,0.59
dev:adxH4 × dev:volume,6,mean,308.1,35.4,8.7,12/19,-17.7,0.55
dev:adxH4 × rank:squeezeH1,6,mean,258.2,39.0,6.6,11/19,-17.6,0.5
dev:adxH4 × dev:squeezeH1,6,mean,298.5,25.1,11.9,12/19,-17.1,0.56
rank:adxD1 × dev:adxD1,6,mean,303.1,37.6,8.1,13/19,-13.8,0.69
rank:adxD1 × rank:effH1,6,mean,304.1,27.8,10.9,14/19,-14.1,0.67
rank:adxD1 × dev:effH1,6,mean,292.9,35.5,8.3,14/19,-15.1,0.62
rank:adxD1 × rank:effH4,6,mean,328.2,39.8,8.2,13/19,-14.9,0.68
rank:adxD1 × dev:effH4,6,mean,300.9,34.2,8.8,14/19,-18.0,0.68
rank:adxD1 × rank:stackH4,6,mean,322.3,29.7,10.9,12/19,-13.2,0.71
rank:adxD1 × rank:ribbonD1,6,mean,293.5,31.1,9.4,13/19,-11.9,0.69
rank:adxD1 × dev:ribbonD1,6,mean,297.6,26.9,11.1,12/19,-11.9,0.64
rank:adxD1 × rank:dayrange,6,mean,291.2,29.1,10.0,12/19,-11.9,0.63
rank:adxD1 × dev:dayrange,6,mean,313.6,30.2,10.4,13/19,-12.2,0.67
rank:adxD1 × rank:hour,6,mean,299.8,32.8,9.1,14/19,-15.4,0.74
rank:adxD1 × rank:posH4,6,mean,268.8,34.3,7.8,12/19,-15.2,0.62
rank:adxD1 × dev:posH4,6,mean,301.2,33.7,8.9,12/19,-19.3,0.66
rank:adxD1 × rank:distD1,6,mean,312.0,38.9,8.0,13/19,-15.0,0.59
rank:adxD1 × dev:distD1,6,mean,245.5,37.0,6.6,13/19,-17.1,0.62
rank:adxD1 × rank:volume,6,mean,299.1,22.8,13.1,14/19,-17.7,0.7
rank:adxD1 × dev:volume,6,mean,301.7,24.1,12.5,13/19,-14.8,0.68
rank:adxD1 × rank:squeezeH1,6,mean,228.3,33.9,6.7,12/19,-15.3,0.57
rank:adxD1 × dev:squeezeH1,6,mean,296.3,29.3,10.1,13/19,-11.7,0.68
dev:adxD1 × rank:effH1,6,mean,268.0,38.3,7.0,13/19,-19.1,0.61
dev:adxD1 × dev:effH1,6,mean,258.1,35.1,7.4,13/19,-16.6,0.52
dev:adxD1 × rank:effH4,6,mean,225.2,32.6,6.9,14/19,-14.1,0.61
dev:adxD1 × dev:effH4,6,mean,255.1,42.7,6.0,11/19,-17.2,0.52
dev:adxD1 × rank:stackH4,6,mean,302.7,46.3,6.5,12/19,-16.7,0.54
dev:adxD1 × rank:ribbonD1,6,mean,290.4,41.0,7.1,11/19,-17.6,0.52
dev:adxD1 × dev:ribbonD1,6,mean,272.8,38.0,7.2,12/19,-15.5,0.5
dev:adxD1 × rank:dayrange,6,mean,332.3,33.3,10.0,13/19,-12.9,0.58
dev:adxD1 × dev:dayrange,6,mean,310.6,38.0,8.2,14/19,-14.2,0.6
dev:adxD1 × rank:hour,6,mean,312.3,36.4,8.6,13/19,-12.1,0.55
dev:adxD1 × rank:posH4,6,mean,244.5,42.3,5.8,13/19,-19.5,0.57
dev:adxD1 × dev:posH4,6,mean,285.6,39.0,7.3,11/19,-19.0,0.52
dev:adxD1 × rank:distD1,6,mean,275.9,44.7,6.2,12/19,-16.8,0.49
dev:adxD1 × dev:distD1,6,mean,302.9,45.8,6.6,13/19,-17.0,0.54
dev:adxD1 × rank:volume,6,mean,312.1,34.2,9.1,14/19,-14.4,0.6
dev:adxD1 × dev:volume,6,mean,286.2,40.8,7.0,12/19,-14.7,0.52
dev:adxD1 × rank:squeezeH1,6,mean,276.6,37.9,7.3,12/19,-15.9,0.52
dev:adxD1 × dev:squeezeH1,6,mean,326.1,34.0,9.6,12/19,-13.7,0.58
rank:effH1 × dev:effH1,6,mean,270.7,34.1,7.9,14/19,-13.4,0.58
rank:effH1 × rank:effH4,6,mean,224.8,30.6,7.3,13/19,-11.0,0.63
rank:effH1 × dev:effH4,6,mean,247.0,28.5,8.7,14/19,-11.3,0.61
rank:effH1 × rank:stackH4,6,mean,245.0,33.8,7.2,13/19,-13.9,0.57
rank:effH1 × rank:ribbonD1,6,mean,284.4,38.2,7.4,12/19,-13.4,0.54
rank:effH1 × dev:ribbonD1,6,mean,229.5,32.7,7.0,12/19,-14.6,0.64
rank:effH1 × rank:dayrange,6,mean,319.1,25.5,12.5,13/19,-13.9,0.66
rank:effH1 × dev:dayrange,6,mean,302.9,29.9,10.1,13/19,-11.3,0.61
rank:effH1 × rank:hour,6,mean,256.0,30.7,8.3,12/19,-12.5,0.65
rank:effH1 × rank:posH4,6,mean,232.0,30.7,7.6,13/19,-18.3,0.57
rank:effH1 × dev:posH4,6,mean,355.9,24.1,14.8,13/19,-15.4,0.64
rank:effH1 × rank:distD1,6,mean,266.4,36.4,7.3,14/19,-18.1,0.54
rank:effH1 × dev:distD1,6,mean,270.2,32.4,8.3,13/19,-17.2,0.64
rank:effH1 × rank:volume,6,mean,252.4,40.1,6.3,12/19,-14.8,0.54
rank:effH1 × dev:volume,6,mean,234.6,28.5,8.2,12/19,-15.4,0.59
rank:effH1 × rank:squeezeH1,6,mean,248.4,47.0,5.3,12/19,-13.4,0.6
rank:effH1 × dev:squeezeH1,6,mean,251.5,26.3,9.6,12/19,-14.2,0.6
dev:effH1 × rank:effH4,6,mean,209.8,36.2,5.8,11/19,-18.5,0.52
dev:effH1 × dev:effH4,6,mean,263.8,32.6,8.1,13/19,-12.6,0.61
dev:effH1 × rank:stackH4,6,mean,326.2,33.9,9.6,12/19,-12.3,0.56
dev:effH1 × rank:ribbonD1,6,mean,273.7,30.1,9.1,12/19,-18.6,0.55
dev:effH1 × dev:ribbonD1,6,mean,219.0,36.5,6.0,12/19,-15.5,0.59
dev:effH1 × rank:dayrange,6,mean,324.1,26.0,12.5,14/19,-13.5,0.64
dev:effH1 × dev:dayrange,6,mean,272.3,30.6,8.9,12/19,-11.1,0.61
dev:effH1 × rank:hour,6,mean,315.1,41.9,7.5,12/19,-13.3,0.6
dev:effH1 × rank:posH4,6,mean,254.4,30.6,8.3,11/19,-18.9,0.55
dev:effH1 × dev:posH4,6,mean,309.8,35.2,8.8,13/19,-14.4,0.57
dev:effH1 × rank:distD1,6,mean,278.1,38.9,7.1,13/19,-17.8,0.57
dev:effH1 × dev:distD1,6,mean,285.1,37.5,7.6,12/19,-14.4,0.55
dev:effH1 × rank:volume,6,mean,273.4,37.9,7.2,13/19,-16.2,0.48
dev:effH1 × dev:volume,6,mean,277.3,40.1,6.9,13/19,-15.2,0.51
dev:effH1 × rank:squeezeH1,6,mean,253.8,38.6,6.6,11/19,-14.2,0.6
dev:effH1 × dev:squeezeH1,6,mean,245.4,35.2,7.0,12/19,-15.0,0.58
rank:effH4 × dev:effH4,6,mean,254.9,33.9,7.5,13/19,-19.8,0.57
rank:effH4 × rank:stackH4,6,mean,237.7,34.7,6.9,13/19,-20.3,0.56
rank:effH4 × rank:ribbonD1,6,mean,294.0,40.7,7.2,13/19,-16.6,0.53
rank:effH4 × dev:ribbonD1,6,mean,243.1,33.7,7.2,14/19,-13.0,0.58
rank:effH4 × rank:dayrange,6,mean,288.6,34.1,8.5,11/19,-13.2,0.6
rank:effH4 × dev:dayrange,6,mean,326.2,28.0,11.6,14/19,-12.4,0.58
rank:effH4 × rank:hour,6,mean,296.5,36.8,8.1,12/19,-14.3,0.63
rank:effH4 × rank:posH4,6,mean,244.3,40.3,6.1,12/19,-17.0,0.54
rank:effH4 × dev:posH4,6,mean,287.6,42.2,6.8,13/19,-15.1,0.55
rank:effH4 × rank:distD1,6,mean,273.9,40.6,6.7,12/19,-20.7,0.56
rank:effH4 × dev:distD1,6,mean,245.0,40.0,6.1,13/19,-16.5,0.56
rank:effH4 × rank:volume,6,mean,288.3,35.9,8.0,13/19,-18.4,0.63
rank:effH4 × dev:volume,6,mean,268.8,37.0,7.3,13/19,-13.5,0.63
rank:effH4 × rank:squeezeH1,6,mean,277.5,36.1,7.7,15/19,-14.3,0.56
rank:effH4 × dev:squeezeH1,6,mean,263.6,28.0,9.4,13/19,-18.0,0.53
dev:effH4 × rank:stackH4,6,mean,265.8,32.0,8.3,13/19,-21.5,0.53
dev:effH4 × rank:ribbonD1,6,mean,271.8,41.0,6.6,12/19,-20.2,0.51
dev:effH4 × dev:ribbonD1,6,mean,234.8,40.5,5.8,13/19,-17.5,0.63
dev:effH4 × rank:dayrange,6,mean,274.2,32.2,8.5,13/19,-15.5,0.58
dev:effH4 × dev:dayrange,6,mean,226.4,31.1,7.3,14/19,-13.9,0.65
dev:effH4 × rank:hour,6,mean,233.1,35.1,6.6,13/19,-16.1,0.61
dev:effH4 × rank:posH4,6,mean,242.2,40.7,6.0,11/19,-16.8,0.58
dev:effH4 × dev:posH4,6,mean,289.9,40.1,7.2,14/19,-17.7,0.57
dev:effH4 × rank:distD1,6,mean,319.0,36.4,8.8,12/19,-16.0,0.6
dev:effH4 × dev:distD1,6,mean,270.6,43.1,6.3,12/19,-21.7,0.53
dev:effH4 × rank:volume,6,mean,254.5,40.4,6.3,13/19,-19.1,0.51
dev:effH4 × dev:volume,6,mean,241.0,37.0,6.5,14/19,-19.2,0.61
dev:effH4 × rank:squeezeH1,6,mean,273.3,42.9,6.4,12/19,-20.4,0.49
dev:effH4 × dev:squeezeH1,6,mean,282.7,27.8,10.2,13/19,-13.3,0.56
rank:stackH4 × rank:ribbonD1,6,mean,305.7,34.2,8.9,13/19,-12.6,0.57
rank:stackH4 × dev:ribbonD1,6,mean,268.4,33.0,8.1,12/19,-13.2,0.52
rank:stackH4 × rank:dayrange,6,mean,263.1,26.6,9.9,14/19,-17.4,0.54
rank:stackH4 × dev:dayrange,6,mean,274.0,35.7,7.7,14/19,-11.6,0.67
rank:stackH4 × rank:hour,6,mean,288.8,43.8,6.6,13/19,-15.6,0.56
rank:stackH4 × rank:posH4,6,mean,238.9,34.6,6.9,11/19,-19.2,0.54
rank:stackH4 × dev:posH4,6,mean,287.0,43.7,6.6,14/19,-15.6,0.54
rank:stackH4 × rank:distD1,6,mean,272.2,38.0,7.2,13/19,-15.0,0.54
rank:stackH4 × dev:distD1,6,mean,279.3,38.4,7.3,13/19,-20.9,0.52
rank:stackH4 × rank:volume,6,mean,277.4,34.7,8.0,13/19,-16.2,0.59
rank:stackH4 × dev:volume,6,mean,242.2,42.2,5.7,13/19,-16.2,0.51
rank:stackH4 × rank:squeezeH1,6,mean,236.7,39.5,6.0,12/19,-17.8,0.52
rank:stackH4 × dev:squeezeH1,6,mean,261.7,37.9,6.9,13/19,-13.0,0.52
rank:ribbonD1 × dev:ribbonD1,6,mean,293.3,30.4,9.6,13/19,-13.1,0.6
rank:ribbonD1 × rank:dayrange,6,mean,288.0,27.3,10.5,13/19,-14.5,0.55
rank:ribbonD1 × dev:dayrange,6,mean,314.9,32.9,9.6,13/19,-13.2,0.53
rank:ribbonD1 × rank:hour,6,mean,315.2,36.0,8.8,12/19,-17.3,0.55
rank:ribbonD1 × rank:posH4,6,mean,333.0,25.8,12.9,13/19,-12.9,0.57
rank:ribbonD1 × dev:posH4,6,mean,300.8,34.8,8.6,11/19,-14.4,0.53
rank:ribbonD1 × rank:distD1,6,mean,298.3,26.3,11.3,13/19,-20.6,0.55
rank:ribbonD1 × dev:distD1,6,mean,267.7,33.9,7.9,13/19,-22.0,0.5
rank:ribbonD1 × rank:volume,6,mean,326.5,32.7,10.0,13/19,-14.9,0.62
rank:ribbonD1 × dev:volume,6,mean,323.3,36.6,8.8,13/19,-14.6,0.52
rank:ribbonD1 × rank:squeezeH1,6,mean,260.2,35.0,7.4,13/19,-15.5,0.53
rank:ribbonD1 × dev:squeezeH1,6,mean,290.0,30.0,9.7,12/19,-11.7,0.59
dev:ribbonD1 × rank:dayrange,6,mean,273.9,36.2,7.6,13/19,-13.7,0.54
dev:ribbonD1 × dev:dayrange,6,mean,286.9,34.8,8.2,13/19,-12.2,0.56
dev:ribbonD1 × rank:hour,6,mean,242.0,36.7,6.6,13/19,-12.9,0.53
dev:ribbonD1 × rank:posH4,6,mean,275.2,25.6,10.7,12/19,-16.0,0.6
dev:ribbonD1 × dev:posH4,6,mean,274.2,34.2,8.0,12/19,-21.3,0.49
dev:ribbonD1 × rank:distD1,6,mean,292.5,29.9,9.8,12/19,-15.1,0.54
dev:ribbonD1 × dev:distD1,6,mean,255.0,34.1,7.5,12/19,-14.7,0.53
dev:ribbonD1 × rank:volume,6,mean,287.2,26.8,10.7,14/19,-13.3,0.58
dev:ribbonD1 × dev:volume,6,mean,222.8,33.7,6.6,13/19,-11.7,0.62
dev:ribbonD1 × rank:squeezeH1,6,mean,256.3,33.3,7.7,12/19,-15.9,0.55
dev:ribbonD1 × dev:squeezeH1,6,mean,319.1,29.5,10.8,12/19,-12.5,0.58
rank:dayrange × dev:dayrange,6,mean,305.1,24.4,12.5,15/19,-15.7,0.59
rank:dayrange × rank:hour,6,mean,287.0,23.4,12.3,13/19,-14.1,0.64
rank:dayrange × rank:posH4,6,mean,289.6,24.7,11.7,13/19,-17.1,0.55
rank:dayrange × dev:posH4,6,mean,310.4,26.0,11.9,14/19,-21.2,0.56
rank:dayrange × rank:distD1,6,mean,248.6,32.0,7.8,12/19,-19.6,0.5
rank:dayrange × dev:distD1,6,mean,305.0,28.6,10.7,14/19,-11.7,0.54
rank:dayrange × rank:volume,6,mean,258.1,29.7,8.7,12/19,-12.4,0.57
rank:dayrange × dev:volume,6,mean,240.8,25.7,9.4,12/19,-11.7,0.5
rank:dayrange × rank:squeezeH1,6,mean,263.1,33.7,7.8,13/19,-15.6,0.56
rank:dayrange × dev:squeezeH1,6,mean,291.6,29.4,9.9,11/19,-12.8,0.59
dev:dayrange × rank:hour,6,mean,303.6,32.3,9.4,13/19,-14.0,0.6
dev:dayrange × rank:posH4,6,mean,271.1,26.5,10.2,13/19,-14.6,0.61
dev:dayrange × dev:posH4,6,mean,283.6,37.8,7.5,12/19,-16.8,0.54
dev:dayrange × rank:distD1,6,mean,308.1,30.9,10.0,13/19,-14.6,0.59
dev:dayrange × dev:distD1,6,mean,258.5,35.3,7.3,11/19,-14.5,0.6
dev:dayrange × rank:volume,6,mean,281.8,33.4,8.4,13/19,-13.3,0.6
dev:dayrange × dev:volume,6,mean,282.1,38.5,7.3,12/19,-14.2,0.58
dev:dayrange × rank:squeezeH1,6,mean,247.8,37.5,6.6,13/19,-12.8,0.62
dev:dayrange × dev:squeezeH1,6,mean,262.0,30.2,8.7,12/19,-15.3,0.55
rank:hour × rank:posH4,6,mean,315.7,35.7,8.8,12/19,-20.2,0.57
rank:hour × dev:posH4,6,mean,299.0,42.1,7.1,12/19,-18.4,0.57
rank:hour × rank:distD1,6,mean,321.9,25.0,12.9,14/19,-14.1,0.63
rank:hour × dev:distD1,6,mean,281.5,36.7,7.7,14/19,-14.1,0.56
rank:hour × rank:volume,6,mean,280.9,36.2,7.8,14/19,-12.4,0.62
rank:hour × dev:volume,6,mean,277.4,39.8,7.0,13/19,-11.2,0.58
rank:hour × rank:squeezeH1,6,mean,251.9,41.7,6.0,13/19,-14.3,0.54
rank:hour × dev:squeezeH1,6,mean,271.6,32.7,8.3,13/19,-14.0,0.55
rank:posH4 × dev:posH4,6,mean,260.5,35.6,7.3,12/19,-17.5,0.52
rank:posH4 × rank:distD1,6,mean,305.3,36.1,8.5,12/19,-18.9,0.54
rank:posH4 × dev:distD1,6,mean,278.6,30.7,9.1,13/19,-14.9,0.59
rank:posH4 × rank:volume,6,mean,296.4,38.3,7.7,13/19,-15.0,0.58
rank:posH4 × dev:volume,6,mean,222.6,39.8,5.6,12/19,-14.6,0.52
rank:posH4 × rank:squeezeH1,6,mean,287.5,34.6,8.3,12/19,-16.9,0.52
rank:posH4 × dev:squeezeH1,6,mean,276.0,30.9,8.9,12/19,-17.3,0.53
dev:posH4 × rank:distD1,6,mean,303.9,41.6,7.3,13/19,-15.6,0.56
dev:posH4 × dev:distD1,6,mean,292.0,39.1,7.5,12/19,-14.8,0.56
dev:posH4 × rank:volume,6,mean,282.2,30.9,9.1,13/19,-15.4,0.59
dev:posH4 × dev:volume,6,mean,282.6,46.3,6.1,13/19,-14.4,0.53
dev:posH4 × rank:squeezeH1,6,mean,246.4,41.6,5.9,12/19,-18.1,0.51
dev:posH4 × dev:squeezeH1,6,mean,299.8,39.1,7.7,12/19,-15.3,0.55
rank:distD1 × dev:distD1,6,mean,251.0,37.5,6.7,14/19,-17.7,0.53
rank:distD1 × rank:volume,6,mean,270.1,35.8,7.5,14/19,-23.4,0.53
rank:distD1 × dev:volume,6,mean,287.9,30.0,9.6,14/19,-15.0,0.58
rank:distD1 × rank:squeezeH1,6,mean,265.5,42.7,6.2,13/19,-18.8,0.51
rank:distD1 × dev:squeezeH1,6,mean,298.9,34.8,8.6,13/19,-15.3,0.55
dev:distD1 × rank:volume,6,mean,264.0,39.5,6.7,13/19,-18.1,0.51
dev:distD1 × dev:volume,6,mean,283.5,37.4,7.6,13/19,-18.9,0.52
dev:distD1 × rank:squeezeH1,6,mean,296.6,33.0,9.0,14/19,-16.2,0.53
dev:distD1 × dev:squeezeH1,6,mean,296.8,34.7,8.6,12/19,-15.4,0.58
rank:volume × dev:volume,6,mean,283.4,32.5,8.7,13/19,-18.0,0.57
rank:volume × rank:squeezeH1,6,mean,242.5,38.4,6.3,14/19,-18.3,0.56
rank:volume × dev:squeezeH1,6,mean,303.4,29.9,10.1,13/19,-12.6,0.58
dev:volume × rank:squeezeH1,6,mean,228.0,40.6,5.6,11/19,-14.2,0.5
dev:volume × dev:squeezeH1,6,mean,251.5,33.6,7.5,11/19,-13.3,0.51
rank:squeezeH1 × dev:squeezeH1,6,mean,256.3,36.5,7.0,13/19,-17.4,0.56
none,6,sharpe,246.4,20.8,11.8,14/19,-10.9,0.72
rank:volH1,6,sharpe,241.3,21.7,11.1,14/19,-9.0,0.72
dev:volH1,6,sharpe,266.4,20.4,13.1,16/19,-9.2,0.82
rank:volH4,6,sharpe,257.7,18.5,13.9,13/19,-9.3,0.74
dev:volH4,6,sharpe,236.1,18.4,12.8,14/19,-11.1,0.72
rank:volD1,6,sharpe,263.0,19.2,13.7,15/19,-11.9,0.74
dev:volD1,6,sharpe,277.3,20.0,13.9,15/19,-13.1,0.77
rank:adxH1,6,sharpe,229.6,20.5,11.2,13/19,-10.5,0.72
dev:adxH1,6,sharpe,239.9,22.2,10.8,13/19,-11.4,0.64
rank:adxH4,6,sharpe,250.1,23.0,10.9,14/19,-13.3,0.7
dev:adxH4,6,sharpe,233.7,18.9,12.4,14/19,-10.7,0.72
rank:adxD1,6,sharpe,267.3,24.1,11.1,13/19,-10.3,0.77
dev:adxD1,6,sharpe,226.3,23.2,9.8,12/19,-11.4,0.65
rank:effH1,6,sharpe,244.9,19.1,12.8,14/19,-9.4,0.75
dev:effH1,6,sharpe,249.9,20.4,12.3,14/19,-10.7,0.69
rank:effH4,6,sharpe,245.7,23.9,10.3,13/19,-12.3,0.67
dev:effH4,6,sharpe,249.3,24.2,10.3,13/19,-9.7,0.67
rank:stackH4,6,sharpe,241.9,21.4,11.3,14/19,-10.9,0.72
rank:ribbonD1,6,sharpe,267.5,19.9,13.4,15/19,-11.7,0.77
dev:ribbonD1,6,sharpe,205.6,25.1,8.2,13/19,-10.5,0.66
rank:dayrange,6,sharpe,232.0,18.5,12.5,14/19,-11.3,0.67
dev:dayrange,6,sharpe,265.6,21.3,12.5,14/19,-9.5,0.73
rank:hour,6,sharpe,242.3,21.4,11.3,13/19,-10.9,0.69
rank:posH4,6,sharpe,265.3,24.6,10.8,12/19,-11.2,0.65
dev:posH4,6,sharpe,260.8,21.6,12.1,14/19,-15.9,0.69
rank:distD1,6,sharpe,260.6,20.4,12.8,15/19,-13.1,0.76
dev:distD1,6,sharpe,217.2,22.7,9.6,13/19,-13.2,0.64
rank:volume,6,sharpe,229.5,17.9,12.8,15/19,-13.3,0.7
dev:volume,6,sharpe,234.2,26.4,8.9,14/19,-11.6,0.67
rank:squeezeH1,6,sharpe,220.3,20.5,10.7,15/19,-11.2,0.64
dev:squeezeH1,6,sharpe,262.0,16.3,16.1,15/19,-10.9,0.73
rank:volH1 × dev:volH1,6,sharpe,257.0,19.7,13.0,15/19,-8.8,0.8
rank:volH1 × rank:volH4,6,sharpe,219.5,24.2,9.1,13/19,-12.8,0.63
rank:volH1 × dev:volH4,6,sharpe,245.4,24.4,10.1,13/19,-10.0,0.7
rank:volH1 × rank:volD1,6,sharpe,253.1,18.2,13.9,14/19,-10.4,0.78
rank:volH1 × dev:volD1,6,sharpe,271.5,25.2,10.8,13/19,-13.2,0.76
rank:volH1 × rank:adxH1,6,sharpe,238.7,18.4,13.0,14/19,-9.2,0.7
rank:volH1 × dev:adxH1,6,sharpe,242.9,16.8,14.5,15/19,-8.9,0.82
rank:volH1 × rank:adxH4,6,sharpe,251.2,21.3,11.8,14/19,-11.9,0.71
rank:volH1 × dev:adxH4,6,sharpe,275.4,18.6,14.8,14/19,-10.8,0.75
rank:volH1 × rank:adxD1,6,sharpe,250.5,21.7,11.5,14/19,-9.4,0.8
rank:volH1 × dev:adxD1,6,sharpe,214.9,21.7,9.9,13/19,-10.8,0.64
rank:volH1 × rank:effH1,6,sharpe,266.0,16.4,16.2,15/19,-9.8,0.73
rank:volH1 × dev:effH1,6,sharpe,228.2,21.5,10.6,14/19,-10.3,0.66
rank:volH1 × rank:effH4,6,sharpe,255.1,22.9,11.1,14/19,-10.1,0.69
rank:volH1 × dev:effH4,6,sharpe,249.8,23.2,10.8,14/19,-9.4,0.77
rank:volH1 × rank:stackH4,6,sharpe,244.9,21.7,11.3,14/19,-9.0,0.73
rank:volH1 × rank:ribbonD1,6,sharpe,246.2,19.4,12.7,14/19,-10.1,0.72
rank:volH1 × dev:ribbonD1,6,sharpe,219.3,20.2,10.9,14/19,-11.1,0.63
rank:volH1 × rank:dayrange,6,sharpe,228.3,19.5,11.7,13/19,-10.6,0.7
rank:volH1 × dev:dayrange,6,sharpe,269.8,17.5,15.4,15/19,-10.1,0.8
rank:volH1 × rank:hour,6,sharpe,244.1,20.6,11.8,14/19,-10.4,0.69
rank:volH1 × rank:posH4,6,sharpe,262.6,21.4,12.3,13/19,-9.2,0.7
rank:volH1 × dev:posH4,6,sharpe,225.6,18.9,11.9,13/19,-8.8,0.7
rank:volH1 × rank:distD1,6,sharpe,264.9,20.5,12.9,15/19,-8.8,0.78
rank:volH1 × dev:distD1,6,sharpe,247.3,22.8,10.8,14/19,-11.6,0.68
rank:volH1 × rank:volume,6,sharpe,258.0,19.7,13.1,14/19,-12.5,0.77
rank:volH1 × dev:volume,6,sharpe,249.5,24.3,10.3,14/19,-10.0,0.71
rank:volH1 × rank:squeezeH1,6,sharpe,229.1,23.2,9.9,14/19,-10.2,0.68
rank:volH1 × dev:squeezeH1,6,sharpe,272.1,17.3,15.7,14/19,-11.0,0.74
dev:volH1 × rank:volH4,6,sharpe,273.4,18.2,15.0,14/19,-9.4,0.78
dev:volH1 × dev:volH4,6,sharpe,255.2,21.4,11.9,14/19,-12.1,0.73
dev:volH1 × rank:volD1,6,sharpe,268.3,17.7,15.2,16/19,-8.5,0.78
dev:volH1 × dev:volD1,6,sharpe,295.8,22.0,13.4,15/19,-9.8,0.79
dev:volH1 × rank:adxH1,6,sharpe,260.5,22.2,11.7,14/19,-11.3,0.78
dev:volH1 × dev:adxH1,6,sharpe,227.1,20.4,11.1,14/19,-9.9,0.72
dev:volH1 × rank:adxH4,6,sharpe,253.5,22.4,11.3,14/19,-11.5,0.68
dev:volH1 × dev:adxH4,6,sharpe,257.3,22.0,11.7,15/19,-10.8,0.7
dev:volH1 × rank:adxD1,6,sharpe,267.2,25.4,10.5,14/19,-9.4,0.78
dev:volH1 × dev:adxD1,6,sharpe,252.6,18.6,13.6,15/19,-10.9,0.71
dev:volH1 × rank:effH1,6,sharpe,300.4,18.2,16.5,15/19,-9.8,0.77
dev:volH1 × dev:effH1,6,sharpe,283.2,18.5,15.3,14/19,-8.8,0.78
dev:volH1 × rank:effH4,6,sharpe,238.1,26.8,8.9,14/19,-8.8,0.69
dev:volH1 × dev:effH4,6,sharpe,241.8,24.0,10.1,14/19,-10.4,0.76
dev:volH1 × rank:stackH4,6,sharpe,279.7,20.0,14.0,16/19,-9.2,0.86
dev:volH1 × rank:ribbonD1,6,sharpe,258.5,22.9,11.3,14/19,-10.1,0.78
dev:volH1 × dev:ribbonD1,6,sharpe,265.5,24.6,10.8,15/19,-11.1,0.77
dev:volH1 × rank:dayrange,6,sharpe,272.2,17.4,15.6,14/19,-9.8,0.78
dev:volH1 × dev:dayrange,6,sharpe,267.6,18.8,14.2,15/19,-13.6,0.77
dev:volH1 × rank:hour,6,sharpe,268.1,18.3,14.7,15/19,-10.2,0.83
dev:volH1 × rank:posH4,6,sharpe,298.9,17.3,17.3,14/19,-10.0,0.72
dev:volH1 × dev:posH4,6,sharpe,267.7,21.0,12.7,14/19,-9.8,0.82
dev:volH1 × rank:distD1,6,sharpe,255.3,22.2,11.5,14/19,-9.2,0.73
dev:volH1 × dev:distD1,6,sharpe,238.6,24.8,9.6,13/19,-11.5,0.66
dev:volH1 × rank:volume,6,sharpe,268.3,20.5,13.1,14/19,-11.3,0.74
dev:volH1 × dev:volume,6,sharpe,239.4,22.2,10.8,14/19,-9.9,0.73
dev:volH1 × rank:squeezeH1,6,sharpe,266.5,19.6,13.6,14/19,-9.8,0.71
dev:volH1 × dev:squeezeH1,6,sharpe,256.7,18.7,13.7,15/19,-11.0,0.73
rank:volH4 × dev:volH4,6,sharpe,251.8,16.9,14.9,14/19,-9.1,0.75
rank:volH4 × rank:volD1,6,sharpe,259.2,14.7,17.6,14/19,-10.1,0.8
rank:volH4 × dev:volD1,6,sharpe,267.8,16.0,16.7,16/19,-8.9,0.8
rank:volH4 × rank:adxH1,6,sharpe,228.5,15.7,14.6,14/19,-14.7,0.74
rank:volH4 × dev:adxH1,6,sharpe,223.9,20.1,11.1,14/19,-14.6,0.66
rank:volH4 × rank:adxH4,6,sharpe,236.2,26.2,9.0,14/19,-12.4,0.68
rank:volH4 × dev:adxH4,6,sharpe,225.5,17.9,12.6,13/19,-8.6,0.68
rank:volH4 × rank:adxD1,6,sharpe,269.0,19.6,13.7,13/19,-9.6,0.77
rank:volH4 × dev:adxD1,6,sharpe,211.4,25.5,8.3,12/19,-13.5,0.6
rank:volH4 × rank:effH1,6,sharpe,241.6,20.2,12.0,14/19,-9.9,0.74
rank:volH4 × dev:effH1,6,sharpe,234.0,25.4,9.2,14/19,-12.5,0.66
rank:volH4 × rank:effH4,6,sharpe,245.8,32.2,7.6,13/19,-15.0,0.63
rank:volH4 × dev:effH4,6,sharpe,235.5,19.0,12.4,13/19,-11.3,0.68
rank:volH4 × rank:stackH4,6,sharpe,256.2,18.4,13.9,13/19,-9.3,0.76
rank:volH4 × rank:ribbonD1,6,sharpe,245.0,23.2,10.6,14/19,-11.6,0.7
rank:volH4 × dev:ribbonD1,6,sharpe,258.2,28.4,9.1,14/19,-11.1,0.74
rank:volH4 × rank:dayrange,6,sharpe,256.9,16.1,16.0,15/19,-10.6,0.74
rank:volH4 × dev:dayrange,6,sharpe,252.5,21.2,11.9,14/19,-15.2,0.69
rank:volH4 × rank:hour,6,sharpe,263.2,18.0,14.6,14/19,-11.2,0.7
rank:volH4 × rank:posH4,6,sharpe,244.2,21.5,11.4,13/19,-11.6,0.68
rank:volH4 × dev:posH4,6,sharpe,262.2,23.2,11.3,13/19,-9.7,0.7
rank:volH4 × rank:distD1,6,sharpe,245.8,19.8,12.4,15/19,-13.9,0.76
rank:volH4 × dev:distD1,6,sharpe,211.9,27.3,7.8,13/19,-11.2,0.63
rank:volH4 × rank:volume,6,sharpe,252.4,17.8,14.2,14/19,-9.9,0.74
rank:volH4 × dev:volume,6,sharpe,264.3,24.5,10.8,13/19,-9.7,0.69
rank:volH4 × rank:squeezeH1,6,sharpe,226.4,24.4,9.3,13/19,-14.9,0.66
rank:volH4 × dev:squeezeH1,6,sharpe,248.8,16.9,14.7,14/19,-11.7,0.74
dev:volH4 × rank:volD1,6,sharpe,239.4,18.9,12.7,15/19,-10.6,0.68
dev:volH4 × dev:volD1,6,sharpe,280.1,19.3,14.5,15/19,-10.4,0.76
dev:volH4 × rank:adxH1,6,sharpe,255.3,22.6,11.3,13/19,-12.3,0.65
dev:volH4 × dev:adxH1,6,sharpe,248.2,19.7,12.6,14/19,-10.8,0.75
dev:volH4 × rank:adxH4,6,sharpe,216.5,21.7,10.0,14/19,-10.8,0.69
dev:volH4 × dev:adxH4,6,sharpe,219.1,19.9,11.0,14/19,-12.9,0.69
dev:volH4 × rank:adxD1,6,sharpe,249.5,21.1,11.8,14/19,-9.2,0.74
dev:volH4 × dev:adxD1,6,sharpe,241.2,25.1,9.6,12/19,-10.8,0.67
dev:volH4 × rank:effH1,6,sharpe,275.0,19.2,14.3,14/19,-11.7,0.78
dev:volH4 × dev:effH1,6,sharpe,256.5,18.6,13.8,14/19,-12.0,0.75
dev:volH4 × rank:effH4,6,sharpe,239.9,21.7,11.1,13/19,-10.4,0.68
dev:volH4 × dev:effH4,6,sharpe,232.7,21.9,10.6,13/19,-11.4,0.68
dev:volH4 × rank:stackH4,6,sharpe,239.5,18.4,13.0,14/19,-11.1,0.74
dev:volH4 × rank:ribbonD1,6,sharpe,229.5,23.8,9.6,14/19,-12.8,0.71
dev:volH4 × dev:ribbonD1,6,sharpe,238.7,25.6,9.3,14/19,-9.5,0.73
dev:volH4 × rank:dayrange,6,sharpe,247.5,20.9,11.8,14/19,-10.9,0.7
dev:volH4 × dev:dayrange,6,sharpe,263.5,23.6,11.2,14/19,-9.7,0.7
dev:volH4 × rank:hour,6,sharpe,234.8,19.1,12.3,13/19,-10.3,0.67
dev:volH4 × rank:posH4,6,sharpe,228.3,27.8,8.2,13/19,-11.1,0.64
dev:volH4 × dev:posH4,6,sharpe,237.5,21.7,10.9,13/19,-11.9,0.7
dev:volH4 × rank:distD1,6,sharpe,220.2,19.8,11.1,14/19,-11.8,0.7
dev:volH4 × dev:distD1,6,sharpe,221.6,23.6,9.4,13/19,-11.1,0.64
dev:volH4 × rank:volume,6,sharpe,245.6,19.0,12.9,14/19,-10.6,0.72
dev:volH4 × dev:volume,6,sharpe,231.0,19.8,11.7,13/19,-10.5,0.67
dev:volH4 × rank:squeezeH1,6,sharpe,233.8,24.4,9.6,13/19,-11.1,0.68
dev:volH4 × dev:squeezeH1,6,sharpe,265.5,18.5,14.4,15/19,-14.1,0.69
rank:volD1 × dev:volD1,6,sharpe,271.1,21.0,12.9,15/19,-14.1,0.73
rank:volD1 × rank:adxH1,6,sharpe,237.1,16.5,14.4,15/19,-13.7,0.66
rank:volD1 × dev:adxH1,6,sharpe,243.8,18.9,12.9,15/19,-10.8,0.76
rank:volD1 × rank:adxH4,6,sharpe,264.3,19.7,13.4,14/19,-10.8,0.71
rank:volD1 × dev:adxH4,6,sharpe,246.6,19.6,12.6,15/19,-10.7,0.71
rank:volD1 × rank:adxD1,6,sharpe,285.6,17.1,16.7,14/19,-10.3,0.83
rank:volD1 × dev:adxD1,6,sharpe,239.6,20.0,12.0,14/19,-11.9,0.67
rank:volD1 × rank:effH1,6,sharpe,279.9,18.9,14.8,14/19,-10.4,0.73
rank:volD1 × dev:effH1,6,sharpe,235.5,19.5,12.1,15/19,-12.5,0.71
rank:volD1 × rank:effH4,6,sharpe,236.8,19.3,12.3,14/19,-12.9,0.64
rank:volD1 × dev:effH4,6,sharpe,233.0,17.2,13.5,14/19,-11.7,0.73
rank:volD1 × rank:stackH4,6,sharpe,260.7,19.2,13.6,15/19,-11.9,0.73
rank:volD1 × rank:ribbonD1,6,sharpe,276.4,20.8,13.3,16/19,-12.2,0.84
rank:volD1 × dev:ribbonD1,6,sharpe,270.5,17.8,15.2,14/19,-9.4,0.75
rank:volD1 × rank:dayrange,6,sharpe,243.1,18.6,13.1,15/19,-11.4,0.76
rank:volD1 × dev:dayrange,6,sharpe,268.4,22.4,12.0,14/19,-10.4,0.75
rank:volD1 × rank:hour,6,sharpe,260.5,20.0,13.0,15/19,-12.9,0.7
rank:volD1 × rank:posH4,6,sharpe,267.6,19.7,13.6,15/19,-9.3,0.72
rank:volD1 × dev:posH4,6,sharpe,277.5,19.7,14.1,15/19,-13.9,0.76
rank:volD1 × rank:distD1,6,sharpe,247.5,19.0,13.0,14/19,-11.8,0.72
rank:volD1 × dev:distD1,6,sharpe,237.3,18.3,13.0,14/19,-11.6,0.65
rank:volD1 × rank:volume,6,sharpe,271.4,18.7,14.5,16/19,-14.6,0.72
rank:volD1 × dev:volume,6,sharpe,261.5,19.2,13.6,16/19,-13.8,0.76
rank:volD1 × rank:squeezeH1,6,sharpe,281.8,17.5,16.1,15/19,-13.4,0.72
rank:volD1 × dev:squeezeH1,6,sharpe,244.7,19.8,12.4,14/19,-15.5,0.66
dev:volD1 × rank:adxH1,6,sharpe,291.5,21.0,13.9,14/19,-15.8,0.73
dev:volD1 × dev:adxH1,6,sharpe,242.4,18.7,13.0,13/19,-13.4,0.74
dev:volD1 × rank:adxH4,6,sharpe,313.9,19.5,16.1,15/19,-12.2,0.7
dev:volD1 × dev:adxH4,6,sharpe,278.6,20.1,13.9,14/19,-12.4,0.71
dev:volD1 × rank:adxD1,6,sharpe,274.3,16.7,16.4,15/19,-10.7,0.79
dev:volD1 × dev:adxD1,6,sharpe,249.1,20.1,12.4,14/19,-10.7,0.67
dev:volD1 × rank:effH1,6,sharpe,282.3,19.7,14.3,16/19,-10.8,0.78
dev:volD1 × dev:effH1,6,sharpe,270.3,20.5,13.2,15/19,-11.0,0.76
dev:volD1 × rank:effH4,6,sharpe,253.7,22.6,11.2,13/19,-7.9,0.69
dev:volD1 × dev:effH4,6,sharpe,252.0,22.4,11.2,14/19,-13.8,0.69
dev:volD1 × rank:stackH4,6,sharpe,273.0,19.9,13.7,15/19,-13.1,0.77
dev:volD1 × rank:ribbonD1,6,sharpe,267.9,17.0,15.8,16/19,-10.6,0.79
dev:volD1 × dev:ribbonD1,6,sharpe,257.1,18.3,14.0,16/19,-10.4,0.82
dev:volD1 × rank:dayrange,6,sharpe,277.5,19.1,14.5,15/19,-9.4,0.78
dev:volD1 × dev:dayrange,6,sharpe,245.0,24.0,10.2,14/19,-10.4,0.69
dev:volD1 × rank:hour,6,sharpe,271.1,22.5,12.0,13/19,-9.5,0.68
dev:volD1 × rank:posH4,6,sharpe,267.2,20.3,13.2,13/19,-14.3,0.71
dev:volD1 × dev:posH4,6,sharpe,281.3,24.5,11.5,14/19,-22.4,0.69
dev:volD1 × rank:distD1,6,sharpe,265.2,17.7,15.0,15/19,-9.8,0.78
dev:volD1 × dev:distD1,6,sharpe,255.9,18.6,13.8,16/19,-15.2,0.7
dev:volD1 × rank:volume,6,sharpe,253.0,19.5,13.0,15/19,-12.2,0.72
dev:volD1 × dev:volume,6,sharpe,298.7,18.9,15.8,15/19,-11.8,0.76
dev:volD1 × rank:squeezeH1,6,sharpe,291.4,17.2,16.9,14/19,-8.9,0.78
dev:volD1 × dev:squeezeH1,6,sharpe,278.9,21.3,13.1,13/19,-11.5,0.75
rank:adxH1 × dev:adxH1,6,sharpe,233.4,17.9,13.0,13/19,-8.3,0.65
rank:adxH1 × rank:adxH4,6,sharpe,298.4,18.1,16.5,15/19,-11.3,0.73
rank:adxH1 × dev:adxH4,6,sharpe,236.6,21.9,10.8,14/19,-12.0,0.61
rank:adxH1 × rank:adxD1,6,sharpe,261.4,23.6,11.1,14/19,-9.8,0.8
rank:adxH1 × dev:adxD1,6,sharpe,258.1,22.6,11.4,14/19,-15.3,0.69
rank:adxH1 × rank:effH1,6,sharpe,244.3,19.5,12.5,14/19,-11.0,0.7
rank:adxH1 × dev:effH1,6,sharpe,247.7,19.4,12.8,15/19,-10.8,0.72
rank:adxH1 × rank:effH4,6,sharpe,221.1,23.5,9.4,14/19,-7.6,0.61
rank:adxH1 × dev:effH4,6,sharpe,244.1,18.4,13.3,14/19,-8.9,0.68
rank:adxH1 × rank:stackH4,6,sharpe,234.7,20.5,11.4,13/19,-10.5,0.7
rank:adxH1 × rank:ribbonD1,6,sharpe,236.0,23.7,10.0,14/19,-11.1,0.63
rank:adxH1 × dev:ribbonD1,6,sharpe,233.3,25.2,9.3,12/19,-13.2,0.64
rank:adxH1 × rank:dayrange,6,sharpe,248.4,17.5,14.2,13/19,-11.7,0.68
rank:adxH1 × dev:dayrange,6,sharpe,243.6,21.3,11.4,13/19,-10.5,0.72
rank:adxH1 × rank:hour,6,sharpe,251.1,19.2,13.1,13/19,-12.0,0.68
rank:adxH1 × rank:posH4,6,sharpe,253.9,21.6,11.8,13/19,-12.2,0.69
rank:adxH1 × dev:posH4,6,sharpe,215.2,27.0,8.0,13/19,-11.1,0.59
rank:adxH1 × rank:distD1,6,sharpe,257.6,18.6,13.8,15/19,-13.2,0.72
rank:adxH1 × dev:distD1,6,sharpe,224.2,18.2,12.3,14/19,-14.4,0.65
rank:adxH1 × rank:volume,6,sharpe,240.1,20.5,11.7,14/19,-9.2,0.68
rank:adxH1 × dev:volume,6,sharpe,222.7,24.2,9.2,13/19,-11.8,0.63
rank:adxH1 × rank:squeezeH1,6,sharpe,227.7,21.3,10.7,14/19,-11.7,0.67
rank:adxH1 × dev:squeezeH1,6,sharpe,271.4,19.4,14.0,13/19,-12.2,0.67
dev:adxH1 × rank:adxH4,6,sharpe,329.8,18.0,18.3,15/19,-10.6,0.8
dev:adxH1 × dev:adxH4,6,sharpe,252.6,17.3,14.6,15/19,-12.4,0.73
dev:adxH1 × rank:adxD1,6,sharpe,274.9,26.8,10.3,13/19,-10.8,0.74
dev:adxH1 × dev:adxD1,6,sharpe,221.2,22.6,9.8,14/19,-14.6,0.63
dev:adxH1 × rank:effH1,6,sharpe,246.8,19.2,12.9,14/19,-8.2,0.72
dev:adxH1 × dev:effH1,6,sharpe,227.1,23.1,9.8,14/19,-10.8,0.64
dev:adxH1 × rank:effH4,6,sharpe,234.4,29.6,7.9,13/19,-13.7,0.58
dev:adxH1 × dev:effH4,6,sharpe,257.2,22.1,11.6,12/19,-10.7,0.65
dev:adxH1 × rank:stackH4,6,sharpe,233.4,20.6,11.3,13/19,-11.4,0.64
dev:adxH1 × rank:ribbonD1,6,sharpe,253.9,17.9,14.2,15/19,-10.0,0.72
dev:adxH1 × dev:ribbonD1,6,sharpe,224.9,26.6,8.5,14/19,-10.0,0.63
dev:adxH1 × rank:dayrange,6,sharpe,234.8,18.5,12.7,15/19,-17.0,0.66
dev:adxH1 × dev:dayrange,6,sharpe,229.3,19.5,11.8,14/19,-12.9,0.68
dev:adxH1 × rank:hour,6,sharpe,251.8,22.2,11.3,13/19,-12.0,0.63
dev:adxH1 × rank:posH4,6,sharpe,235.0,19.4,12.1,14/19,-12.6,0.69
dev:adxH1 × dev:posH4,6,sharpe,249.6,23.6,10.6,14/19,-12.4,0.68
dev:adxH1 × rank:distD1,6,sharpe,270.5,18.7,14.5,15/19,-12.5,0.71
dev:adxH1 × dev:distD1,6,sharpe,244.3,26.1,9.4,13/19,-10.5,0.65
dev:adxH1 × rank:volume,6,sharpe,283.7,16.8,16.9,16/19,-11.5,0.7
dev:adxH1 × dev:volume,6,sharpe,238.8,24.7,9.7,12/19,-11.9,0.62
dev:adxH1 × rank:squeezeH1,6,sharpe,265.5,20.7,12.8,14/19,-12.3,0.71
dev:adxH1 × dev:squeezeH1,6,sharpe,286.8,16.6,17.3,15/19,-10.6,0.81
rank:adxH4 × dev:adxH4,6,sharpe,251.6,23.4,10.8,14/19,-11.5,0.71
rank:adxH4 × rank:adxD1,6,sharpe,264.7,21.7,12.2,13/19,-10.6,0.74
rank:adxH4 × dev:adxD1,6,sharpe,238.4,27.6,8.6,13/19,-11.0,0.64
rank:adxH4 × rank:effH1,6,sharpe,268.1,19.8,13.5,15/19,-12.1,0.72
rank:adxH4 × dev:effH1,6,sharpe,274.9,21.8,12.6,14/19,-11.8,0.67
rank:adxH4 × rank:effH4,6,sharpe,240.9,26.1,9.2,14/19,-8.4,0.68
rank:adxH4 × dev:effH4,6,sharpe,260.0,19.1,13.6,15/19,-10.5,0.68
rank:adxH4 × rank:stackH4,6,sharpe,243.7,23.0,10.6,14/19,-13.3,0.7
rank:adxH4 × rank:ribbonD1,6,sharpe,253.0,23.5,10.8,14/19,-10.4,0.68
rank:adxH4 × dev:ribbonD1,6,sharpe,250.3,21.6,11.6,14/19,-10.9,0.73
rank:adxH4 × rank:dayrange,6,sharpe,240.0,21.1,11.4,15/19,-10.3,0.68
rank:adxH4 × dev:dayrange,6,sharpe,261.7,24.2,10.8,14/19,-13.1,0.68
rank:adxH4 × rank:hour,6,sharpe,270.2,21.7,12.5,15/19,-12.5,0.75
rank:adxH4 × rank:posH4,6,sharpe,266.5,21.2,12.6,13/19,-11.7,0.69
rank:adxH4 × dev:posH4,6,sharpe,270.8,21.9,12.4,14/19,-12.4,0.72
rank:adxH4 × rank:distD1,6,sharpe,254.2,19.2,13.2,15/19,-11.2,0.79
rank:adxH4 × dev:distD1,6,sharpe,257.6,17.6,14.6,15/19,-11.8,0.73
rank:adxH4 × rank:volume,6,sharpe,240.6,21.8,11.0,14/19,-11.6,0.64
rank:adxH4 × dev:volume,6,sharpe,265.8,26.7,10.0,14/19,-13.3,0.7
rank:adxH4 × rank:squeezeH1,6,sharpe,234.9,24.2,9.7,14/19,-11.1,0.69
rank:adxH4 × dev:squeezeH1,6,sharpe,245.5,20.0,12.3,15/19,-10.7,0.73
dev:adxH4 × rank:adxD1,6,sharpe,259.8,19.1,13.6,15/19,-10.9,0.76
dev:adxH4 × dev:adxD1,6,sharpe,229.9,18.4,12.5,13/19,-11.6,0.64
dev:adxH4 × rank:effH1,6,sharpe,238.4,19.6,12.2,15/19,-11.0,0.7
dev:adxH4 × dev:effH1,6,sharpe,230.1,20.7,11.1,13/19,-9.6,0.6
dev:adxH4 × rank:effH4,6,sharpe,239.4,18.9,12.7,13/19,-8.7,0.72
dev:adxH4 × dev:effH4,6,sharpe,244.5,17.1,14.3,14/19,-8.2,0.72
dev:adxH4 × rank:stackH4,6,sharpe,235.3,19.1,12.3,14/19,-10.9,0.72
dev:adxH4 × rank:ribbonD1,6,sharpe,233.9,23.1,10.1,13/19,-10.7,0.66
dev:adxH4 × dev:ribbonD1,6,sharpe,215.0,20.0,10.8,15/19,-11.2,0.66
dev:adxH4 × rank:dayrange,6,sharpe,221.9,20.1,11.0,13/19,-10.1,0.64
dev:adxH4 × dev:dayrange,6,sharpe,247.6,19.2,12.9,13/19,-12.7,0.68
dev:adxH4 × rank:hour,6,sharpe,237.6,30.1,7.9,14/19,-12.5,0.63
dev:adxH4 × rank:posH4,6,sharpe,226.5,22.4,10.1,14/19,-11.9,0.67
dev:adxH4 × dev:posH4,6,sharpe,246.1,22.0,11.2,14/19,-13.1,0.7
dev:adxH4 × rank:distD1,6,sharpe,267.8,20.8,12.9,15/19,-12.6,0.76
dev:adxH4 × dev:distD1,6,sharpe,224.0,19.7,11.4,13/19,-10.6,0.67
dev:adxH4 × rank:volume,6,sharpe,227.9,24.1,9.5,14/19,-11.8,0.65
dev:adxH4 × dev:volume,6,sharpe,238.5,20.5,11.6,13/19,-9.9,0.74
dev:adxH4 × rank:squeezeH1,6,sharpe,235.2,21.9,10.7,14/19,-12.4,0.67
dev:adxH4 × dev:squeezeH1,6,sharpe,246.4,17.5,14.1,15/19,-11.0,0.73
rank:adxD1 × dev:adxD1,6,sharpe,275.4,22.5,12.2,14/19,-12.8,0.74
rank:adxD1 × rank:effH1,6,sharpe,258.9,21.6,12.0,14/19,-11.3,0.72
rank:adxD1 × dev:effH1,6,sharpe,247.6,21.1,11.7,13/19,-10.2,0.71
rank:adxD1 × rank:effH4,6,sharpe,220.1,25.9,8.5,13/19,-9.3,0.68
rank:adxD1 × dev:effH4,6,sharpe,239.6,20.7,11.6,14/19,-8.7,0.74
rank:adxD1 × rank:stackH4,6,sharpe,270.2,22.0,12.3,14/19,-10.3,0.81
rank:adxD1 × rank:ribbonD1,6,sharpe,271.2,21.4,12.7,14/19,-12.1,0.73
rank:adxD1 × dev:ribbonD1,6,sharpe,258.7,23.4,11.1,13/19,-9.1,0.74
rank:adxD1 × rank:dayrange,6,sharpe,270.9,22.2,12.2,13/19,-9.3,0.73
rank:adxD1 × dev:dayrange,6,sharpe,264.6,23.0,11.5,14/19,-11.7,0.77
rank:adxD1 × rank:hour,6,sharpe,261.8,22.1,11.8,14/19,-12.3,0.76
rank:adxD1 × rank:posH4,6,sharpe,260.7,22.2,11.7,13/19,-10.5,0.72
rank:adxD1 × dev:posH4,6,sharpe,264.1,22.5,11.7,15/19,-12.3,0.74
rank:adxD1 × rank:distD1,6,sharpe,243.3,28.2,8.6,14/19,-11.6,0.7
rank:adxD1 × dev:distD1,6,sharpe,210.2,26.6,7.9,13/19,-11.7,0.67
rank:adxD1 × rank:volume,6,sharpe,254.4,21.0,12.1,13/19,-12.1,0.7
rank:adxD1 × dev:volume,6,sharpe,261.7,23.0,11.4,14/19,-12.2,0.75
rank:adxD1 × rank:squeezeH1,6,sharpe,283.7,21.3,13.3,13/19,-9.1,0.73
rank:adxD1 × dev:squeezeH1,6,sharpe,226.3,23.9,9.5,14/19,-11.0,0.7
dev:adxD1 × rank:effH1,6,sharpe,234.8,16.3,14.4,13/19,-10.7,0.66
dev:adxD1 × dev:effH1,6,sharpe,207.6,18.6,11.2,13/19,-14.4,0.65
dev:adxD1 × rank:effH4,6,sharpe,206.1,24.6,8.4,13/19,-11.8,0.6
dev:adxD1 × dev:effH4,6,sharpe,217.3,20.5,10.6,12/19,-12.4,0.59
dev:adxD1 × rank:stackH4,6,sharpe,209.6,24.8,8.5,12/19,-11.4,0.62
dev:adxD1 × rank:ribbonD1,6,sharpe,233.5,19.7,11.9,14/19,-11.7,0.67
dev:adxD1 × dev:ribbonD1,6,sharpe,214.0,23.8,9.0,14/19,-10.3,0.64
dev:adxD1 × rank:dayrange,6,sharpe,254.3,19.9,12.8,14/19,-13.5,0.67
dev:adxD1 × dev:dayrange,6,sharpe,238.6,23.0,10.4,14/19,-12.5,0.69
dev:adxD1 × rank:hour,6,sharpe,204.2,28.2,7.2,13/19,-11.0,0.61
dev:adxD1 × rank:posH4,6,sharpe,240.4,18.9,12.7,14/19,-14.3,0.63
dev:adxD1 × dev:posH4,6,sharpe,204.8,22.3,9.2,12/19,-18.7,0.56
dev:adxD1 × rank:distD1,6,sharpe,227.8,22.4,10.2,14/19,-12.2,0.69
dev:adxD1 × dev:distD1,6,sharpe,209.6,27.6,7.6,14/19,-12.7,0.61
dev:adxD1 × rank:volume,6,sharpe,221.2,18.6,11.9,13/19,-14.7,0.63
dev:adxD1 × dev:volume,6,sharpe,213.2,24.3,8.8,14/19,-13.1,0.62
dev:adxD1 × rank:squeezeH1,6,sharpe,258.3,21.9,11.8,14/19,-14.5,0.66
dev:adxD1 × dev:squeezeH1,6,sharpe,237.9,20.2,11.8,11/19,-13.1,0.66
rank:effH1 × dev:effH1,6,sharpe,260.8,20.4,12.8,14/19,-9.8,0.71
rank:effH1 × rank:effH4,6,sharpe,222.6,23.5,9.5,12/19,-9.3,0.68
rank:effH1 × dev:effH4,6,sharpe,251.7,17.7,14.2,13/19,-9.8,0.68
rank:effH1 × rank:stackH4,6,sharpe,247.6,19.6,12.6,14/19,-9.4,0.75
rank:effH1 × rank:ribbonD1,6,sharpe,240.0,20.9,11.5,13/19,-11.3,0.66
rank:effH1 × dev:ribbonD1,6,sharpe,228.0,20.3,11.2,14/19,-9.5,0.68
rank:effH1 × rank:dayrange,6,sharpe,290.7,20.3,14.3,13/19,-9.8,0.75
rank:effH1 × dev:dayrange,6,sharpe,257.4,17.1,15.1,15/19,-11.0,0.77
rank:effH1 × rank:hour,6,sharpe,254.3,21.9,11.6,13/19,-12.5,0.65
rank:effH1 × rank:posH4,6,sharpe,245.5,20.2,12.2,13/19,-8.2,0.71
rank:effH1 × dev:posH4,6,sharpe,258.8,22.0,11.8,14/19,-13.1,0.75
rank:effH1 × rank:distD1,6,sharpe,228.0,20.8,11.0,13/19,-10.8,0.67
rank:effH1 × dev:distD1,6,sharpe,254.2,23.3,10.9,14/19,-12.2,0.66
rank:effH1 × rank:volume,6,sharpe,230.6,22.9,10.1,13/19,-10.6,0.67
rank:effH1 × dev:volume,6,sharpe,234.1,18.4,12.7,14/19,-9.7,0.71
rank:effH1 × rank:squeezeH1,6,sharpe,236.9,23.5,10.1,14/19,-10.0,0.67
rank:effH1 × dev:squeezeH1,6,sharpe,248.4,16.1,15.4,15/19,-9.9,0.68
dev:effH1 × rank:effH4,6,sharpe,204.3,27.4,7.5,13/19,-11.1,0.62
dev:effH1 × dev:effH4,6,sharpe,278.0,18.6,14.9,14/19,-8.5,0.76
dev:effH1 × rank:stackH4,6,sharpe,246.0,21.9,11.2,14/19,-11.1,0.68
dev:effH1 × rank:ribbonD1,6,sharpe,269.7,21.4,12.6,14/19,-12.0,0.72
dev:effH1 × dev:ribbonD1,6,sharpe,229.4,23.5,9.8,13/19,-11.6,0.68
dev:effH1 × rank:dayrange,6,sharpe,242.4,19.7,12.3,14/19,-11.0,0.68
dev:effH1 × dev:dayrange,6,sharpe,249.8,23.9,10.5,13/19,-12.1,0.67
dev:effH1 × rank:hour,6,sharpe,257.4,23.6,10.9,13/19,-12.0,0.65
dev:effH1 × rank:posH4,6,sharpe,258.4,22.9,11.3,14/19,-11.5,0.66
dev:effH1 × dev:posH4,6,sharpe,248.0,22.7,10.9,14/19,-13.8,0.7
dev:effH1 × rank:distD1,6,sharpe,227.9,19.7,11.6,14/19,-13.0,0.66
dev:effH1 × dev:distD1,6,sharpe,239.2,20.9,11.4,14/19,-12.7,0.63
dev:effH1 × rank:volume,6,sharpe,207.7,22.7,9.1,13/19,-10.7,0.6
dev:effH1 × dev:volume,6,sharpe,249.5,22.0,11.3,13/19,-11.5,0.67
dev:effH1 × rank:squeezeH1,6,sharpe,212.1,24.4,8.7,13/19,-12.9,0.6
dev:effH1 × dev:squeezeH1,6,sharpe,221.0,22.5,9.8,13/19,-9.9,0.6
rank:effH4 × dev:effH4,6,sharpe,256.4,21.4,12.0,13/19,-9.2,0.73
rank:effH4 × rank:stackH4,6,sharpe,246.2,24.9,9.9,13/19,-12.3,0.66
rank:effH4 × rank:ribbonD1,6,sharpe,284.0,19.4,14.6,15/19,-10.2,0.85
rank:effH4 × dev:ribbonD1,6,sharpe,224.9,27.1,8.3,14/19,-12.8,0.66
rank:effH4 × rank:dayrange,6,sharpe,254.5,18.6,13.7,15/19,-10.7,0.73
rank:effH4 × dev:dayrange,6,sharpe,257.0,22.0,11.7,14/19,-7.8,0.7
rank:effH4 × rank:hour,6,sharpe,227.1,26.7,8.5,13/19,-11.6,0.66
rank:effH4 × rank:posH4,6,sharpe,250.8,27.6,9.1,14/19,-13.7,0.68
rank:effH4 × dev:posH4,6,sharpe,278.0,20.4,13.6,13/19,-12.0,0.71
rank:effH4 × rank:distD1,6,sharpe,217.8,28.1,7.8,13/19,-13.0,0.65
rank:effH4 × dev:distD1,6,sharpe,228.4,19.9,11.5,14/19,-13.0,0.63
rank:effH4 × rank:volume,6,sharpe,234.2,21.4,10.9,13/19,-10.2,0.66
rank:effH4 × dev:volume,6,sharpe,225.4,26.7,8.4,13/19,-9.4,0.61
rank:effH4 × rank:squeezeH1,6,sharpe,256.9,19.8,13.0,14/19,-13.3,0.72
rank:effH4 × dev:squeezeH1,6,sharpe,252.0,28.5,8.8,13/19,-10.0,0.69
dev:effH4 × rank:stackH4,6,sharpe,246.6,24.4,10.1,13/19,-9.7,0.67
dev:effH4 × rank:ribbonD1,6,sharpe,224.3,24.5,9.2,14/19,-10.3,0.68
dev:effH4 × dev:ribbonD1,6,sharpe,226.0,25.3,8.9,14/19,-9.7,0.74
dev:effH4 × rank:dayrange,6,sharpe,268.2,16.5,16.3,15/19,-10.7,0.87
dev:effH4 × dev:dayrange,6,sharpe,252.2,20.4,12.4,14/19,-10.5,0.74
dev:effH4 × rank:hour,6,sharpe,237.0,18.1,13.1,14/19,-11.3,0.71
dev:effH4 × rank:posH4,6,sharpe,250.6,20.0,12.5,13/19,-10.3,0.68
dev:effH4 × dev:posH4,6,sharpe,230.0,23.4,9.8,13/19,-12.4,0.62
dev:effH4 × rank:distD1,6,sharpe,244.5,19.1,12.8,15/19,-11.4,0.72
dev:effH4 × dev:distD1,6,sharpe,221.0,25.1,8.8,14/19,-13.6,0.67
dev:effH4 × rank:volume,6,sharpe,234.8,19.0,12.4,15/19,-10.1,0.7
dev:effH4 × dev:volume,6,sharpe,249.7,24.7,10.1,13/19,-9.9,0.68
dev:effH4 × rank:squeezeH1,6,sharpe,249.3,24.7,10.1,14/19,-14.0,0.67
dev:effH4 × dev:squeezeH1,6,sharpe,241.2,21.7,11.1,13/19,-11.2,0.64
rank:stackH4 × rank:ribbonD1,6,sharpe,267.3,21.4,12.5,16/19,-12.7,0.79
rank:stackH4 × dev:ribbonD1,6,sharpe,205.9,26.7,7.7,13/19,-10.5,0.65
rank:stackH4 × rank:dayrange,6,sharpe,234.5,18.4,12.7,14/19,-11.3,0.69
rank:stackH4 × dev:dayrange,6,sharpe,275.9,21.5,12.8,14/19,-9.5,0.78
rank:stackH4 × rank:hour,6,sharpe,236.9,21.4,11.1,13/19,-10.9,0.68
rank:stackH4 × rank:posH4,6,sharpe,255.2,23.3,11.0,12/19,-11.2,0.65
rank:stackH4 × dev:posH4,6,sharpe,254.2,29.8,8.5,13/19,-15.9,0.66
rank:stackH4 × rank:distD1,6,sharpe,266.7,20.9,12.8,15/19,-13.1,0.77
rank:stackH4 × dev:distD1,6,sharpe,217.9,22.7,9.6,13/19,-13.2,0.63
rank:stackH4 × rank:volume,6,sharpe,225.9,19.8,11.4,14/19,-12.8,0.68
rank:stackH4 × dev:volume,6,sharpe,234.4,26.4,8.9,14/19,-11.6,0.67
rank:stackH4 × rank:squeezeH1,6,sharpe,219.2,21.1,10.4,15/19,-11.6,0.63
rank:stackH4 × dev:squeezeH1,6,sharpe,258.4,17.4,14.9,15/19,-10.8,0.72
rank:ribbonD1 × dev:ribbonD1,6,sharpe,274.2,22.6,12.1,14/19,-10.0,0.71
rank:ribbonD1 × rank:dayrange,6,sharpe,256.3,18.5,13.9,15/19,-12.5,0.73
rank:ribbonD1 × dev:dayrange,6,sharpe,282.6,19.8,14.3,15/19,-12.1,0.73
rank:ribbonD1 × rank:hour,6,sharpe,257.5,25.2,10.2,14/19,-13.2,0.66
rank:ribbonD1 × rank:posH4,6,sharpe,263.4,25.4,10.4,13/19,-10.7,0.67
rank:ribbonD1 × dev:posH4,6,sharpe,258.0,22.4,11.5,14/19,-10.2,0.74
rank:ribbonD1 × rank:distD1,6,sharpe,234.7,23.5,10.0,14/19,-18.9,0.66
rank:ribbonD1 × dev:distD1,6,sharpe,234.3,22.8,10.3,15/19,-14.5,0.63
rank:ribbonD1 × rank:volume,6,sharpe,271.5,18.4,14.8,13/19,-12.8,0.76
rank:ribbonD1 × dev:volume,6,sharpe,249.6,24.3,10.3,13/19,-9.3,0.69
rank:ribbonD1 × rank:squeezeH1,6,sharpe,264.0,22.2,11.9,15/19,-12.5,0.71
rank:ribbonD1 × dev:squeezeH1,6,sharpe,278.8,18.3,15.2,15/19,-13.2,0.77
dev:ribbonD1 × rank:dayrange,6,sharpe,256.4,18.7,13.7,15/19,-10.9,0.71
dev:ribbonD1 × dev:dayrange,6,sharpe,263.2,27.0,9.7,15/19,-10.0,0.77
dev:ribbonD1 × rank:hour,6,sharpe,215.6,23.9,9.0,13/19,-10.7,0.61
dev:ribbonD1 × rank:posH4,6,sharpe,254.3,24.3,10.5,12/19,-10.9,0.63
dev:ribbonD1 × dev:posH4,6,sharpe,214.2,22.5,9.5,14/19,-10.1,0.67
dev:ribbonD1 × rank:distD1,6,sharpe,236.4,19.7,12.0,15/19,-13.8,0.68
dev:ribbonD1 × dev:distD1,6,sharpe,226.7,23.3,9.7,13/19,-13.1,0.64
dev:ribbonD1 × rank:volume,6,sharpe,219.0,23.2,9.4,12/19,-12.2,0.62
dev:ribbonD1 × dev:volume,6,sharpe,225.5,26.4,8.5,14/19,-9.7,0.68
dev:ribbonD1 × rank:squeezeH1,6,sharpe,229.2,22.9,10.0,14/19,-12.3,0.67
dev:ribbonD1 × dev:squeezeH1,6,sharpe,240.9,28.7,8.4,14/19,-11.1,0.7
rank:dayrange × dev:dayrange,6,sharpe,261.2,17.0,15.4,15/19,-11.5,0.69
rank:dayrange × rank:hour,6,sharpe,250.3,22.1,11.3,14/19,-12.8,0.69
rank:dayrange × rank:posH4,6,sharpe,248.8,20.3,12.3,13/19,-13.7,0.73
rank:dayrange × dev:posH4,6,sharpe,246.2,24.0,10.3,14/19,-9.3,0.69
rank:dayrange × rank:distD1,6,sharpe,258.3,20.8,12.4,14/19,-12.9,0.68
rank:dayrange × dev:distD1,6,sharpe,264.7,18.4,14.4,15/19,-14.1,0.71
rank:dayrange × rank:volume,6,sharpe,272.7,16.2,16.8,15/19,-13.6,0.77
rank:dayrange × dev:volume,6,sharpe,255.8,19.8,12.9,15/19,-11.8,0.68
rank:dayrange × rank:squeezeH1,6,sharpe,242.7,19.2,12.6,14/19,-11.3,0.66
rank:dayrange × dev:squeezeH1,6,sharpe,249.0,16.9,14.7,14/19,-11.4,0.67
dev:dayrange × rank:hour,6,sharpe,263.7,20.0,13.2,14/19,-11.1,0.74
dev:dayrange × rank:posH4,6,sharpe,234.0,20.6,11.4,12/19,-10.2,0.71
dev:dayrange × dev:posH4,6,sharpe,246.1,28.6,8.6,14/19,-12.4,0.68
dev:dayrange × rank:distD1,6,sharpe,252.6,21.4,11.8,14/19,-12.7,0.7
dev:dayrange × dev:distD1,6,sharpe,256.9,21.6,11.9,13/19,-11.1,0.66
dev:dayrange × rank:volume,6,sharpe,277.2,15.8,17.5,15/19,-12.0,0.77
dev:dayrange × dev:volume,6,sharpe,261.7,21.2,12.3,14/19,-11.5,0.74
dev:dayrange × rank:squeezeH1,6,sharpe,253.3,24.9,10.2,14/19,-12.3,0.61
dev:dayrange × dev:squeezeH1,6,sharpe,280.2,17.9,15.7,15/19,-10.9,0.68
rank:hour × rank:posH4,6,sharpe,245.7,21.7,11.3,12/19,-10.8,0.7
rank:hour × dev:posH4,6,sharpe,225.6,22.7,9.9,13/19,-13.3,0.62
rank:hour × rank:distD1,6,sharpe,245.4,18.4,13.3,14/19,-11.0,0.65
rank:hour × dev:distD1,6,sharpe,269.0,22.8,11.8,14/19,-11.9,0.72
rank:hour × rank:volume,6,sharpe,232.4,18.3,12.7,13/19,-10.5,0.69
rank:hour × dev:volume,6,sharpe,224.7,23.9,9.4,13/19,-10.6,0.65
rank:hour × rank:squeezeH1,6,sharpe,253.9,26.7,9.5,13/19,-10.7,0.69
rank:hour × dev:squeezeH1,6,sharpe,263.3,24.0,11.0,13/19,-11.2,0.66
rank:posH4 × dev:posH4,6,sharpe,276.0,22.2,12.4,14/19,-14.4,0.71
rank:posH4 × rank:distD1,6,sharpe,253.5,25.7,9.9,13/19,-13.0,0.66
rank:posH4 × dev:distD1,6,sharpe,217.7,25.1,8.7,12/19,-12.5,0.61
rank:posH4 × rank:volume,6,sharpe,232.7,22.0,10.6,13/19,-11.1,0.64
rank:posH4 × dev:volume,6,sharpe,238.6,23.6,10.1,13/19,-10.7,0.62
rank:posH4 × rank:squeezeH1,6,sharpe,264.6,24.0,11.0,14/19,-11.9,0.72
rank:posH4 × dev:squeezeH1,6,sharpe,240.0,19.4,12.4,14/19,-12.6,0.68
dev:posH4 × rank:distD1,6,sharpe,248.4,24.1,10.3,13/19,-12.0,0.66
dev:posH4 × dev:distD1,6,sharpe,239.7,23.3,10.3,13/19,-12.1,0.64
dev:posH4 × rank:volume,6,sharpe,234.4,21.9,10.7,14/19,-11.9,0.67
dev:posH4 × dev:volume,6,sharpe,231.9,23.4,9.9,13/19,-12.1,0.64
dev:posH4 × rank:squeezeH1,6,sharpe,223.0,26.2,8.5,13/19,-14.4,0.6
dev:posH4 × dev:squeezeH1,6,sharpe,231.1,23.0,10.0,12/19,-14.8,0.63
rank:distD1 × dev:distD1,6,sharpe,263.7,21.3,12.4,15/19,-13.1,0.73
rank:distD1 × rank:volume,6,sharpe,228.0,25.7,8.9,13/19,-13.4,0.64
rank:distD1 × dev:volume,6,sharpe,253.7,20.7,12.3,14/19,-14.6,0.68
rank:distD1 × rank:squeezeH1,6,sharpe,265.9,18.4,14.5,15/19,-13.6,0.77
rank:distD1 × dev:squeezeH1,6,sharpe,249.9,22.8,11.0,13/19,-10.2,0.74
dev:distD1 × rank:volume,6,sharpe,253.8,25.6,9.9,13/19,-12.6,0.67
dev:distD1 × dev:volume,6,sharpe,223.6,23.5,9.5,13/19,-11.6,0.61
dev:distD1 × rank:squeezeH1,6,sharpe,239.9,19.8,12.1,14/19,-15.0,0.65
dev:distD1 × dev:squeezeH1,6,sharpe,263.2,19.5,13.5,14/19,-14.1,0.65
rank:volume × dev:volume,6,sharpe,248.3,22.2,11.2,13/19,-12.3,0.69
rank:volume × rank:squeezeH1,6,sharpe,243.5,18.3,13.3,15/19,-11.1,0.79
rank:volume × dev:squeezeH1,6,sharpe,236.8,17.2,13.8,14/19,-13.1,0.67
dev:volume × rank:squeezeH1,6,sharpe,221.6,28.0,7.9,14/19,-11.6,0.61
dev:volume × dev:squeezeH1,6,sharpe,260.2,21.1,12.3,13/19,-12.4,0.64
rank:squeezeH1 × dev:squeezeH1,6,sharpe,230.1,22.0,10.5,13/19,-12.5,0.63
none,3,mean,287.7,38.6,7.5,13/19,-13.6,0.54
rank:volH1,3,mean,259.3,33.1,7.8,12/19,-11.6,0.55
dev:volH1,3,mean,312.1,24.9,12.5,14/19,-12.7,0.63
rank:volH4,3,mean,273.6,31.3,8.7,13/19,-12.0,0.69
dev:volH4,3,mean,230.2,40.6,5.7,13/19,-13.4,0.64
rank:volD1,3,mean,267.7,34.8,7.7,13/19,-14.3,0.6
dev:volD1,3,mean,301.6,29.2,10.3,12/19,-16.5,0.6
rank:adxH1,3,mean,285.2,44.1,6.5,13/19,-16.2,0.53
dev:adxH1,3,mean,253.0,34.1,7.4,11/19,-17.1,0.51
rank:adxH4,3,mean,337.6,33.2,10.2,13/19,-17.5,0.5
dev:adxH4,3,mean,314.7,30.2,10.4,12/19,-14.9,0.51
rank:adxD1,3,mean,296.5,26.7,11.1,13/19,-14.7,0.69
dev:adxD1,3,mean,302.2,47.8,6.3,13/19,-17.0,0.53
rank:effH1,3,mean,231.2,32.6,7.1,13/19,-11.8,0.6
dev:effH1,3,mean,275.4,32.7,8.4,12/19,-12.3,0.57
rank:effH4,3,mean,220.2,36.0,6.1,12/19,-15.4,0.55
dev:effH4,3,mean,261.6,32.0,8.2,13/19,-16.2,0.52
rank:stackH4,3,mean,288.2,36.8,7.8,13/19,-13.3,0.54
rank:ribbonD1,3,mean,311.3,35.4,8.8,12/19,-13.1,0.57
dev:ribbonD1,3,mean,252.9,37.0,6.8,12/19,-15.0,0.5
rank:dayrange,3,mean,269.9,25.1,10.8,13/19,-13.6,0.53
dev:dayrange,3,mean,302.4,32.3,9.4,13/19,-10.8,0.58
rank:hour,3,mean,264.5,46.0,5.8,13/19,-15.9,0.54
rank:posH4,3,mean,240.8,30.8,7.8,11/19,-11.7,0.58
dev:posH4,3,mean,276.6,34.3,8.1,14/19,-12.6,0.55
rank:distD1,3,mean,273.2,31.7,8.6,12/19,-14.3,0.55
dev:distD1,3,mean,286.7,39.1,7.3,12/19,-16.4,0.53
rank:volume,3,mean,250.1,34.3,7.3,13/19,-13.9,0.59
dev:volume,3,mean,249.2,37.7,6.6,12/19,-13.6,0.54
rank:squeezeH1,3,mean,216.9,38.8,5.6,12/19,-13.2,0.52
dev:squeezeH1,3,mean,258.4,29.4,8.8,12/19,-12.5,0.53
rank:volH1 × dev:volH1,3,mean,282.3,21.7,13.0,14/19,-10.9,0.66
rank:volH1 × rank:volH4,3,mean,250.1,36.7,6.8,13/19,-14.9,0.68
rank:volH1 × dev:volH4,3,mean,254.3,23.3,10.9,13/19,-10.4,0.59
rank:volH1 × rank:volD1,3,mean,259.3,30.4,8.5,12/19,-13.8,0.66
rank:volH1 × dev:volD1,3,mean,271.2,31.5,8.6,12/19,-14.9,0.49
rank:volH1 × rank:adxH1,3,mean,288.8,31.2,9.3,13/19,-11.6,0.56
rank:volH1 × dev:adxH1,3,mean,259.8,28.5,9.1,12/19,-11.6,0.54
rank:volH1 × rank:adxH4,3,mean,269.7,28.6,9.4,11/19,-12.8,0.57
rank:volH1 × dev:adxH4,3,mean,281.0,35.5,7.9,13/19,-11.6,0.58
rank:volH1 × rank:adxD1,3,mean,247.1,26.7,9.3,13/19,-14.5,0.65
rank:volH1 × dev:adxD1,3,mean,263.0,49.5,5.3,11/19,-16.2,0.51
rank:volH1 × rank:effH1,3,mean,230.6,28.9,8.0,13/19,-11.2,0.67
rank:volH1 × dev:effH1,3,mean,254.1,43.2,5.9,11/19,-15.0,0.51
rank:volH1 × rank:effH4,3,mean,280.4,41.1,6.8,13/19,-13.0,0.63
rank:volH1 × dev:effH4,3,mean,254.9,38.2,6.7,11/19,-10.9,0.57
rank:volH1 × rank:stackH4,3,mean,252.7,39.1,6.5,12/19,-13.5,0.53
rank:volH1 × rank:ribbonD1,3,mean,301.0,30.7,9.8,13/19,-14.0,0.58
rank:volH1 × dev:ribbonD1,3,mean,222.8,32.8,6.8,11/19,-10.4,0.52
rank:volH1 × rank:dayrange,3,mean,245.7,38.0,6.5,12/19,-11.9,0.45
rank:volH1 × dev:dayrange,3,mean,275.3,34.1,8.1,14/19,-14.3,0.56
rank:volH1 × rank:hour,3,mean,241.2,44.1,5.5,13/19,-13.1,0.5
rank:volH1 × rank:posH4,3,mean,207.5,34.3,6.0,11/19,-14.0,0.59
rank:volH1 × dev:posH4,3,mean,282.9,39.7,7.1,12/19,-12.0,0.56
rank:volH1 × rank:distD1,3,mean,271.0,37.7,7.2,13/19,-15.6,0.52
rank:volH1 × dev:distD1,3,mean,238.7,36.9,6.5,12/19,-13.0,0.49
rank:volH1 × rank:volume,3,mean,279.6,36.0,7.8,13/19,-12.6,0.64
rank:volH1 × dev:volume,3,mean,246.1,39.0,6.3,13/19,-10.7,0.52
rank:volH1 × rank:squeezeH1,3,mean,250.2,36.8,6.8,12/19,-14.2,0.51
rank:volH1 × dev:squeezeH1,3,mean,247.4,31.8,7.8,14/19,-11.7,0.62
dev:volH1 × rank:volH4,3,mean,277.8,22.7,12.2,14/19,-10.8,0.71
dev:volH1 × dev:volH4,3,mean,289.5,25.7,11.3,13/19,-10.4,0.6
dev:volH1 × rank:volD1,3,mean,255.4,31.2,8.2,12/19,-15.0,0.67
dev:volH1 × dev:volD1,3,mean,318.1,20.8,15.3,12/19,-9.3,0.68
dev:volH1 × rank:adxH1,3,mean,277.3,34.0,8.2,12/19,-11.6,0.57
dev:volH1 × dev:adxH1,3,mean,267.1,34.1,7.8,14/19,-12.1,0.57
dev:volH1 × rank:adxH4,3,mean,269.6,34.8,7.7,11/19,-13.6,0.49
dev:volH1 × dev:adxH4,3,mean,316.0,33.3,9.5,12/19,-11.2,0.59
dev:volH1 × rank:adxD1,3,mean,338.8,21.4,15.8,13/19,-13.2,0.6
dev:volH1 × dev:adxD1,3,mean,276.8,37.9,7.3,11/19,-15.0,0.6
dev:volH1 × rank:effH1,3,mean,319.3,20.7,15.4,14/19,-10.1,0.63
dev:volH1 × dev:effH1,3,mean,261.2,30.1,8.7,12/19,-15.2,0.53
dev:volH1 × rank:effH4,3,mean,289.3,40.9,7.1,13/19,-14.9,0.57
dev:volH1 × dev:effH4,3,mean,285.7,33.6,8.5,13/19,-11.8,0.56
dev:volH1 × rank:stackH4,3,mean,305.4,24.4,12.5,14/19,-12.6,0.62
dev:volH1 × rank:ribbonD1,3,mean,310.0,35.3,8.8,13/19,-16.3,0.55
dev:volH1 × dev:ribbonD1,3,mean,267.4,33.4,8.0,12/19,-9.9,0.58
dev:volH1 × rank:dayrange,3,mean,294.6,20.1,14.7,12/19,-10.4,0.66
dev:volH1 × dev:dayrange,3,mean,322.2,22.0,14.6,13/19,-10.5,0.63
dev:volH1 × rank:hour,3,mean,282.5,32.0,8.8,12/19,-12.1,0.58
dev:volH1 × rank:posH4,3,mean,296.5,31.3,9.5,11/19,-9.1,0.54
dev:volH1 × dev:posH4,3,mean,316.0,36.3,8.7,11/19,-9.3,0.63
dev:volH1 × rank:distD1,3,mean,272.5,38.0,7.2,13/19,-14.2,0.59
dev:volH1 × dev:distD1,3,mean,233.2,34.7,6.7,12/19,-14.1,0.57
dev:volH1 × rank:volume,3,mean,301.5,25.1,12.0,14/19,-14.0,0.66
dev:volH1 × dev:volume,3,mean,274.5,26.6,10.3,12/19,-10.3,0.52
dev:volH1 × rank:squeezeH1,3,mean,260.7,33.9,7.7,13/19,-12.6,0.7
dev:volH1 × dev:squeezeH1,3,mean,242.0,23.6,10.3,14/19,-12.5,0.69
rank:volH4 × dev:volH4,3,mean,296.1,33.8,8.8,13/19,-12.7,0.6
rank:volH4 × rank:volD1,3,mean,223.1,32.3,6.9,13/19,-14.8,0.62
rank:volH4 × dev:volD1,3,mean,228.0,31.7,7.2,13/19,-11.8,0.7
rank:volH4 × rank:adxH1,3,mean,272.6,33.5,8.1,12/19,-19.4,0.56
rank:volH4 × dev:adxH1,3,mean,225.4,31.4,7.2,12/19,-16.0,0.61
rank:volH4 × rank:adxH4,3,mean,289.2,33.9,8.5,13/19,-15.2,0.5
rank:volH4 × dev:adxH4,3,mean,234.3,25.7,9.1,12/19,-11.0,0.6
rank:volH4 × rank:adxD1,3,mean,301.2,28.6,10.5,13/19,-17.7,0.69
rank:volH4 × dev:adxD1,3,mean,318.5,41.7,7.6,13/19,-14.3,0.59
rank:volH4 × rank:effH1,3,mean,265.0,36.3,7.3,11/19,-14.4,0.57
rank:volH4 × dev:effH1,3,mean,284.5,31.4,9.1,13/19,-12.9,0.63
rank:volH4 × rank:effH4,3,mean,261.0,30.0,8.7,12/19,-15.9,0.58
rank:volH4 × dev:effH4,3,mean,257.6,29.2,8.8,13/19,-15.3,0.59
rank:volH4 × rank:stackH4,3,mean,297.0,25.5,11.6,13/19,-10.6,0.76
rank:volH4 × rank:ribbonD1,3,mean,305.0,21.5,14.2,12/19,-18.6,0.59
rank:volH4 × dev:ribbonD1,3,mean,278.3,31.6,8.8,12/19,-15.9,0.57
rank:volH4 × rank:dayrange,3,mean,256.9,29.4,8.7,12/19,-15.5,0.53
rank:volH4 × dev:dayrange,3,mean,257.4,37.6,6.8,13/19,-13.1,0.63
rank:volH4 × rank:hour,3,mean,250.5,28.6,8.8,13/19,-11.1,0.64
rank:volH4 × rank:posH4,3,mean,309.4,33.6,9.2,13/19,-12.8,0.58
rank:volH4 × dev:posH4,3,mean,258.3,38.5,6.7,12/19,-14.9,0.63
rank:volH4 × rank:distD1,3,mean,297.3,34.2,8.7,12/19,-16.6,0.61
rank:volH4 × dev:distD1,3,mean,241.3,30.8,7.8,14/19,-15.8,0.65
rank:volH4 × rank:volume,3,mean,317.6,28.0,11.3,13/19,-15.9,0.69
rank:volH4 × dev:volume,3,mean,232.6,30.2,7.7,12/19,-10.2,0.64
rank:volH4 × rank:squeezeH1,3,mean,249.8,34.8,7.2,11/19,-14.5,0.55
rank:volH4 × dev:squeezeH1,3,mean,292.8,34.6,8.5,13/19,-11.2,0.58
dev:volH4 × rank:volD1,3,mean,226.0,25.4,8.9,13/19,-13.6,0.54
dev:volH4 × dev:volD1,3,mean,252.9,31.9,7.9,12/19,-11.2,0.62
dev:volH4 × rank:adxH1,3,mean,247.0,37.4,6.6,12/19,-12.8,0.61
dev:volH4 × dev:adxH1,3,mean,205.4,32.4,6.3,12/19,-16.0,0.57
dev:volH4 × rank:adxH4,3,mean,294.5,36.8,8.0,12/19,-13.8,0.47
dev:volH4 × dev:adxH4,3,mean,277.1,31.1,8.9,12/19,-11.7,0.51
dev:volH4 × rank:adxD1,3,mean,228.2,38.0,6.0,12/19,-12.0,0.6
dev:volH4 × dev:adxD1,3,mean,232.9,41.3,5.6,12/19,-14.1,0.54
dev:volH4 × rank:effH1,3,mean,253.2,31.2,8.1,13/19,-14.0,0.64
dev:volH4 × dev:effH1,3,mean,240.9,34.2,7.0,12/19,-11.2,0.58
dev:volH4 × rank:effH4,3,mean,240.5,30.3,7.9,12/19,-17.9,0.5
dev:volH4 × dev:effH4,3,mean,208.6,40.6,5.1,12/19,-13.4,0.55
dev:volH4 × rank:stackH4,3,mean,247.1,37.6,6.6,13/19,-13.4,0.67
dev:volH4 × rank:ribbonD1,3,mean,263.3,28.7,9.2,12/19,-16.0,0.58
dev:volH4 × dev:ribbonD1,3,mean,219.9,30.4,7.2,12/19,-12.0,0.64
dev:volH4 × rank:dayrange,3,mean,257.2,33.2,7.7,13/19,-12.0,0.55
dev:volH4 × dev:dayrange,3,mean,283.4,39.6,7.2,13/19,-12.9,0.56
dev:volH4 × rank:hour,3,mean,277.0,36.4,7.6,14/19,-13.2,0.57
dev:volH4 × rank:posH4,3,mean,266.2,37.8,7.0,12/19,-13.3,0.58
dev:volH4 × dev:posH4,3,mean,266.6,38.3,7.0,13/19,-11.6,0.54
dev:volH4 × rank:distD1,3,mean,180.5,34.8,5.2,11/19,-16.4,0.5
dev:volH4 × dev:distD1,3,mean,234.0,37.1,6.3,13/19,-15.9,0.63
dev:volH4 × rank:volume,3,mean,269.6,31.0,8.7,12/19,-12.1,0.6
dev:volH4 × dev:volume,3,mean,186.9,34.8,5.4,12/19,-13.4,0.65
dev:volH4 × rank:squeezeH1,3,mean,207.8,47.3,4.4,12/19,-14.7,0.43
dev:volH4 × dev:squeezeH1,3,mean,279.3,30.4,9.2,12/19,-11.1,0.54
rank:volD1 × dev:volD1,3,mean,268.7,30.5,8.8,13/19,-20.9,0.56
rank:volD1 × rank:adxH1,3,mean,295.0,18.9,15.6,14/19,-10.0,0.57
rank:volD1 × dev:adxH1,3,mean,277.9,30.5,9.1,13/19,-13.7,0.58
rank:volD1 × rank:adxH4,3,mean,327.1,28.5,11.5,12/19,-11.6,0.48
rank:volD1 × dev:adxH4,3,mean,318.4,26.7,11.9,13/19,-10.7,0.61
rank:volD1 × rank:adxD1,3,mean,309.3,27.0,11.5,14/19,-12.9,0.7
rank:volD1 × dev:adxD1,3,mean,244.9,39.6,6.2,14/19,-18.4,0.61
rank:volD1 × rank:effH1,3,mean,263.4,32.0,8.2,13/19,-13.6,0.57
rank:volD1 × dev:effH1,3,mean,253.3,29.8,8.5,14/19,-14.4,0.55
rank:volD1 × rank:effH4,3,mean,265.7,26.8,9.9,13/19,-21.5,0.54
rank:volD1 × dev:effH4,3,mean,257.3,35.4,7.3,13/19,-14.0,0.59
rank:volD1 × rank:stackH4,3,mean,268.1,33.4,8.0,13/19,-14.3,0.62
rank:volD1 × rank:ribbonD1,3,mean,272.5,39.8,6.8,13/19,-13.4,0.59
rank:volD1 × dev:ribbonD1,3,mean,281.0,33.3,8.4,13/19,-13.4,0.67
rank:volD1 × rank:dayrange,3,mean,243.9,30.6,8.0,12/19,-13.8,0.58
rank:volD1 × dev:dayrange,3,mean,266.1,37.4,7.1,12/19,-10.8,0.62
rank:volD1 × rank:hour,3,mean,296.0,26.0,11.4,13/19,-11.8,0.63
rank:volD1 × rank:posH4,3,mean,242.2,22.5,10.8,12/19,-10.8,0.61
rank:volD1 × dev:posH4,3,mean,263.0,25.7,10.2,13/19,-10.7,0.66
rank:volD1 × rank:distD1,3,mean,257.6,32.5,7.9,13/19,-14.7,0.58
rank:volD1 × dev:distD1,3,mean,249.6,28.0,8.9,14/19,-14.8,0.66
rank:volD1 × rank:volume,3,mean,318.1,27.7,11.5,14/19,-11.4,0.65
rank:volD1 × dev:volume,3,mean,248.9,28.2,8.8,13/19,-12.2,0.63
rank:volD1 × rank:squeezeH1,3,mean,233.0,32.1,7.3,12/19,-11.0,0.64
rank:volD1 × dev:squeezeH1,3,mean,223.4,32.0,7.0,12/19,-20.9,0.56
dev:volD1 × rank:adxH1,3,mean,271.0,31.8,8.5,12/19,-14.1,0.53
dev:volD1 × dev:adxH1,3,mean,253.5,30.6,8.3,13/19,-14.9,0.58
dev:volD1 × rank:adxH4,3,mean,395.8,23.6,16.8,14/19,-13.7,0.57
dev:volD1 × dev:adxH4,3,mean,334.2,24.5,13.6,13/19,-14.5,0.54
dev:volD1 × rank:adxD1,3,mean,312.3,25.9,12.1,13/19,-21.1,0.7
dev:volD1 × dev:adxD1,3,mean,317.5,33.2,9.6,14/19,-14.8,0.6
dev:volD1 × rank:effH1,3,mean,276.1,28.4,9.7,14/19,-15.3,0.64
dev:volD1 × dev:effH1,3,mean,253.9,39.5,6.4,13/19,-18.5,0.64
dev:volD1 × rank:effH4,3,mean,251.4,23.2,10.8,13/19,-15.9,0.62
dev:volD1 × dev:effH4,3,mean,259.8,31.1,8.4,13/19,-15.8,0.58
dev:volD1 × rank:stackH4,3,mean,299.8,30.5,9.8,13/19,-16.5,0.61
dev:volD1 × rank:ribbonD1,3,mean,314.1,26.0,12.1,14/19,-22.0,0.59
dev:volD1 × dev:ribbonD1,3,mean,289.8,29.5,9.8,13/19,-14.5,0.59
dev:volD1 × rank:dayrange,3,mean,298.0,23.8,12.5,14/19,-12.2,0.6
dev:volD1 × dev:dayrange,3,mean,283.5,36.5,7.8,12/19,-15.2,0.57
dev:volD1 × rank:hour,3,mean,305.0,31.0,9.8,12/19,-12.0,0.55
dev:volD1 × rank:posH4,3,mean,252.1,27.2,9.3,14/19,-14.7,0.62
dev:volD1 × dev:posH4,3,mean,300.5,28.4,10.6,13/19,-17.9,0.56
dev:volD1 × rank:distD1,3,mean,299.4,19.8,15.1,15/19,-12.7,0.63
dev:volD1 × dev:distD1,3,mean,317.7,26.5,12.0,13/19,-14.0,0.62
dev:volD1 × rank:volume,3,mean,308.4,26.5,11.6,13/19,-17.5,0.58
dev:volD1 × dev:volume,3,mean,245.2,29.0,8.5,13/19,-14.2,0.65
dev:volD1 × rank:squeezeH1,3,mean,276.3,34.4,8.0,13/19,-12.5,0.62
dev:volD1 × dev:squeezeH1,3,mean,274.4,27.7,9.9,14/19,-12.4,0.62
rank:adxH1 × dev:adxH1,3,mean,241.0,41.1,5.9,11/19,-21.5,0.47
rank:adxH1 × rank:adxH4,3,mean,340.9,29.3,11.6,13/19,-15.9,0.51
rank:adxH1 × dev:adxH4,3,mean,316.1,31.5,10.0,12/19,-16.0,0.48
rank:adxH1 × rank:adxD1,3,mean,267.9,33.9,7.9,12/19,-17.9,0.64
rank:adxH1 × dev:adxD1,3,mean,299.9,41.6,7.2,13/19,-18.4,0.51
rank:adxH1 × rank:effH1,3,mean,258.1,25.2,10.2,13/19,-13.4,0.67
rank:adxH1 × dev:effH1,3,mean,305.2,38.4,7.9,13/19,-18.7,0.49
rank:adxH1 × rank:effH4,3,mean,276.1,37.1,7.4,12/19,-15.1,0.5
rank:adxH1 × dev:effH4,3,mean,291.1,36.4,8.0,13/19,-17.5,0.53
rank:adxH1 × rank:stackH4,3,mean,265.8,43.7,6.1,13/19,-16.2,0.51
rank:adxH1 × rank:ribbonD1,3,mean,329.4,25.3,13.0,12/19,-16.4,0.51
rank:adxH1 × dev:ribbonD1,3,mean,266.6,26.3,10.1,13/19,-15.5,0.58
rank:adxH1 × rank:dayrange,3,mean,255.8,27.7,9.2,12/19,-17.3,0.51
rank:adxH1 × dev:dayrange,3,mean,288.5,35.4,8.1,13/19,-14.4,0.54
rank:adxH1 × rank:hour,3,mean,260.0,34.3,7.6,13/19,-15.7,0.5
rank:adxH1 × rank:posH4,3,mean,257.1,36.1,7.1,11/19,-15.7,0.48
rank:adxH1 × dev:posH4,3,mean,268.0,33.2,8.1,11/19,-11.8,0.53
rank:adxH1 × rank:distD1,3,mean,295.8,31.1,9.5,12/19,-17.2,0.57
rank:adxH1 × dev:distD1,3,mean,252.3,35.9,7.0,13/19,-15.8,0.47
rank:adxH1 × rank:volume,3,mean,274.8,34.9,7.9,13/19,-17.3,0.53
rank:adxH1 × dev:volume,3,mean,289.4,36.1,8.0,12/19,-12.4,0.54
rank:adxH1 × rank:squeezeH1,3,mean,255.4,38.7,6.6,12/19,-14.7,0.53
rank:adxH1 × dev:squeezeH1,3,mean,316.2,25.6,12.4,12/19,-10.9,0.58
dev:adxH1 × rank:adxH4,3,mean,389.0,27.8,14.0,13/19,-13.8,0.55
dev:adxH1 × dev:adxH4,3,mean,321.4,30.2,10.6,13/19,-14.1,0.54
dev:adxH1 × rank:adxD1,3,mean,285.3,36.9,7.7,12/19,-13.7,0.63
dev:adxH1 × dev:adxD1,3,mean,300.4,40.6,7.4,13/19,-16.9,0.57
dev:adxH1 × rank:effH1,3,mean,255.0,36.1,7.1,12/19,-14.7,0.5
dev:adxH1 × dev:effH1,3,mean,276.1,33.2,8.3,13/19,-14.3,0.56
dev:adxH1 × rank:effH4,3,mean,280.2,38.8,7.2,13/19,-15.1,0.55
dev:adxH1 × dev:effH4,3,mean,262.3,32.2,8.1,13/19,-12.8,0.55
dev:adxH1 × rank:stackH4,3,mean,252.7,30.1,8.4,12/19,-17.1,0.51
dev:adxH1 × rank:ribbonD1,3,mean,272.5,29.7,9.2,11/19,-16.8,0.53
dev:adxH1 × dev:ribbonD1,3,mean,289.3,29.0,10.0,13/19,-13.2,0.55
dev:adxH1 × rank:dayrange,3,mean,245.7,28.3,8.7,11/19,-14.8,0.52
dev:adxH1 × dev:dayrange,3,mean,271.7,35.7,7.6,14/19,-14.2,0.58
dev:adxH1 × rank:hour,3,mean,284.9,32.8,8.7,13/19,-11.2,0.6
dev:adxH1 × rank:posH4,3,mean,269.1,39.1,6.9,11/19,-13.1,0.56
dev:adxH1 × dev:posH4,3,mean,285.1,35.2,8.1,13/19,-13.3,0.63
dev:adxH1 × rank:distD1,3,mean,293.8,27.2,10.8,12/19,-16.0,0.57
dev:adxH1 × dev:distD1,3,mean,274.4,34.2,8.0,13/19,-16.0,0.54
dev:adxH1 × rank:volume,3,mean,286.2,34.6,8.3,12/19,-12.1,0.59
dev:adxH1 × dev:volume,3,mean,242.3,37.8,6.4,11/19,-12.1,0.5
dev:adxH1 × rank:squeezeH1,3,mean,255.0,40.0,6.4,12/19,-15.9,0.53
dev:adxH1 × dev:squeezeH1,3,mean,285.8,28.4,10.1,14/19,-12.6,0.57
rank:adxH4 × dev:adxH4,3,mean,300.4,31.2,9.6,13/19,-15.1,0.48
rank:adxH4 × rank:adxD1,3,mean,384.4,27.4,14.0,14/19,-14.1,0.56
rank:adxH4 × dev:adxD1,3,mean,315.4,33.1,9.5,13/19,-14.1,0.54
rank:adxH4 × rank:effH1,3,mean,376.0,39.5,9.5,12/19,-13.3,0.55
rank:adxH4 × dev:effH1,3,mean,352.7,29.6,11.9,13/19,-13.3,0.53
rank:adxH4 × rank:effH4,3,mean,286.3,35.9,8.0,13/19,-16.9,0.54
rank:adxH4 × dev:effH4,3,mean,315.9,33.5,9.4,13/19,-13.3,0.53
rank:adxH4 × rank:stackH4,3,mean,334.9,33.6,10.0,13/19,-17.5,0.49
rank:adxH4 × rank:ribbonD1,3,mean,344.1,25.5,13.5,13/19,-23.3,0.54
rank:adxH4 × dev:ribbonD1,3,mean,357.7,30.4,11.8,13/19,-13.9,0.57
rank:adxH4 × rank:dayrange,3,mean,285.9,38.4,7.4,11/19,-11.4,0.45
rank:adxH4 × dev:dayrange,3,mean,308.3,35.5,8.7,12/19,-13.8,0.48
rank:adxH4 × rank:hour,3,mean,300.5,32.4,9.3,12/19,-14.9,0.51
rank:adxH4 × rank:posH4,3,mean,311.9,30.0,10.4,13/19,-18.0,0.55
rank:adxH4 × dev:posH4,3,mean,315.1,43.1,7.3,12/19,-13.6,0.53
rank:adxH4 × rank:distD1,3,mean,256.6,30.6,8.4,12/19,-16.1,0.48
rank:adxH4 × dev:distD1,3,mean,314.5,31.0,10.1,13/19,-15.3,0.49
rank:adxH4 × rank:volume,3,mean,320.5,33.3,9.6,11/19,-17.3,0.5
rank:adxH4 × dev:volume,3,mean,318.7,39.8,8.0,12/19,-15.8,0.49
rank:adxH4 × rank:squeezeH1,3,mean,333.1,35.7,9.3,13/19,-12.8,0.51
rank:adxH4 × dev:squeezeH1,3,mean,301.3,41.9,7.2,13/19,-14.7,0.52
dev:adxH4 × rank:adxD1,3,mean,321.3,31.8,10.1,14/19,-15.3,0.52
dev:adxH4 × dev:adxD1,3,mean,303.5,38.8,7.8,12/19,-14.9,0.53
dev:adxH4 × rank:effH1,3,mean,313.9,34.5,9.1,13/19,-12.7,0.52
dev:adxH4 × dev:effH1,3,mean,285.6,28.7,10.0,11/19,-11.5,0.53
dev:adxH4 × rank:effH4,3,mean,291.0,25.3,11.5,12/19,-9.6,0.59
dev:adxH4 × dev:effH4,3,mean,289.7,35.2,8.2,13/19,-15.2,0.53
dev:adxH4 × rank:stackH4,3,mean,324.1,29.8,10.9,12/19,-14.9,0.52
dev:adxH4 × rank:ribbonD1,3,mean,292.7,31.1,9.4,11/19,-22.4,0.45
dev:adxH4 × dev:ribbonD1,3,mean,270.9,32.6,8.3,12/19,-13.8,0.5
dev:adxH4 × rank:dayrange,3,mean,289.8,33.9,8.5,12/19,-12.1,0.46
dev:adxH4 × dev:dayrange,3,mean,326.1,34.2,9.5,14/19,-11.2,0.53
dev:adxH4 × rank:hour,3,mean,304.7,33.9,9.0,11/19,-10.9,0.51
dev:adxH4 × rank:posH4,3,mean,296.3,34.3,8.6,12/19,-12.8,0.56
dev:adxH4 × dev:posH4,3,mean,287.0,36.2,7.9,12/19,-12.8,0.54
dev:adxH4 × rank:distD1,3,mean,269.2,28.1,9.6,13/19,-12.3,0.52
dev:adxH4 × dev:distD1,3,mean,323.1,24.8,13.0,12/19,-14.4,0.52
dev:adxH4 × rank:volume,3,mean,309.3,33.2,9.3,14/19,-15.5,0.59
dev:adxH4 × dev:volume,3,mean,313.1,32.1,9.8,11/19,-11.3,0.51
dev:adxH4 × rank:squeezeH1,3,mean,286.6,37.4,7.7,11/19,-13.1,0.49
dev:adxH4 × dev:squeezeH1,3,mean,287.3,32.4,8.9,12/19,-14.0,0.56
rank:adxD1 × dev:adxD1,3,mean,285.4,40.1,7.1,13/19,-16.0,0.67
rank:adxD1 × rank:effH1,3,mean,313.5,28.1,11.2,13/19,-11.7,0.66
rank:adxD1 × dev:effH1,3,mean,289.8,34.8,8.3,13/19,-14.1,0.64
rank:adxD1 × rank:effH4,3,mean,284.9,40.1,7.1,14/19,-14.9,0.67
rank:adxD1 × dev:effH4,3,mean,270.0,33.2,8.1,14/19,-15.8,0.65
rank:adxD1 × rank:stackH4,3,mean,309.5,30.3,10.2,13/19,-14.7,0.68
rank:adxD1 × rank:ribbonD1,3,mean,272.0,33.5,8.1,13/19,-12.1,0.64
rank:adxD1 × dev:ribbonD1,3,mean,300.3,30.6,9.8,13/19,-11.9,0.69
rank:adxD1 × rank:dayrange,3,mean,284.4,27.7,10.3,14/19,-12.9,0.65
rank:adxD1 × dev:dayrange,3,mean,300.5,36.3,8.3,12/19,-13.5,0.63
rank:adxD1 × rank:hour,3,mean,271.4,35.4,7.7,14/19,-15.4,0.68
rank:adxD1 × rank:posH4,3,mean,257.6,33.5,7.7,13/19,-15.6,0.59
rank:adxD1 × dev:posH4,3,mean,284.9,29.5,9.7,13/19,-15.3,0.66
rank:adxD1 × rank:distD1,3,mean,307.2,35.8,8.6,14/19,-15.0,0.59
rank:adxD1 × dev:distD1,3,mean,260.1,39.4,6.6,13/19,-14.0,0.65
rank:adxD1 × rank:volume,3,mean,288.6,27.1,10.6,12/19,-11.4,0.6
rank:adxD1 × dev:volume,3,mean,282.9,26.5,10.7,12/19,-12.7,0.61
rank:adxD1 × rank:squeezeH1,3,mean,256.7,31.1,8.3,13/19,-14.3,0.61
rank:adxD1 × dev:squeezeH1,3,mean,298.1,25.2,11.8,14/19,-13.0,0.69
dev:adxD1 × rank:effH1,3,mean,248.2,39.2,6.3,13/19,-17.1,0.59
dev:adxD1 × dev:effH1,3,mean,283.9,34.9,8.1,13/19,-12.3,0.55
dev:adxD1 × rank:effH4,3,mean,183.2,37.2,4.9,13/19,-13.3,0.54
dev:adxD1 × dev:effH4,3,mean,251.3,42.7,5.9,11/19,-15.0,0.56
dev:adxD1 × rank:stackH4,3,mean,295.9,46.3,6.4,13/19,-17.0,0.52
dev:adxD1 × rank:ribbonD1,3,mean,269.3,44.9,6.0,13/19,-18.8,0.52
dev:adxD1 × dev:ribbonD1,3,mean,283.4,39.1,7.2,11/19,-16.7,0.5
dev:adxD1 × rank:dayrange,3,mean,284.8,41.4,6.9,13/19,-14.4,0.54
dev:adxD1 × dev:dayrange,3,mean,304.4,40.3,7.6,13/19,-15.3,0.57
dev:adxD1 × rank:hour,3,mean,274.7,36.2,7.6,12/19,-12.5,0.52
dev:adxD1 × rank:posH4,3,mean,235.7,43.3,5.4,12/19,-16.0,0.53
dev:adxD1 × dev:posH4,3,mean,259.2,40.6,6.4,12/19,-18.9,0.49
dev:adxD1 × rank:distD1,3,mean,260.3,46.1,5.6,12/19,-16.2,0.46
dev:adxD1 × dev:distD1,3,mean,323.1,46.7,6.9,13/19,-16.6,0.58
dev:adxD1 × rank:volume,3,mean,304.4,40.1,7.6,14/19,-16.0,0.56
dev:adxD1 × dev:volume,3,mean,287.7,40.2,7.2,14/19,-14.7,0.52
dev:adxD1 × rank:squeezeH1,3,mean,279.6,41.2,6.8,13/19,-16.0,0.52
dev:adxD1 × dev:squeezeH1,3,mean,314.9,36.4,8.7,12/19,-13.9,0.56
rank:effH1 × dev:effH1,3,mean,241.7,33.6,7.2,14/19,-11.9,0.6
rank:effH1 × rank:effH4,3,mean,238.0,34.3,6.9,13/19,-11.9,0.64
rank:effH1 × dev:effH4,3,mean,260.6,28.8,9.0,14/19,-13.4,0.68
rank:effH1 × rank:stackH4,3,mean,212.6,33.7,6.3,13/19,-14.1,0.55
rank:effH1 × rank:ribbonD1,3,mean,281.4,36.5,7.7,12/19,-13.5,0.56
rank:effH1 × dev:ribbonD1,3,mean,246.3,28.3,8.7,12/19,-14.8,0.64
rank:effH1 × rank:dayrange,3,mean,298.3,29.6,10.1,13/19,-11.9,0.58
rank:effH1 × dev:dayrange,3,mean,302.5,36.3,8.3,13/19,-16.2,0.57
rank:effH1 × rank:hour,3,mean,273.0,38.3,7.1,13/19,-13.0,0.58
rank:effH1 × rank:posH4,3,mean,243.4,28.2,8.6,13/19,-11.8,0.61
rank:effH1 × dev:posH4,3,mean,313.7,27.4,11.4,13/19,-11.0,0.6
rank:effH1 × rank:distD1,3,mean,288.3,35.4,8.1,13/19,-17.3,0.54
rank:effH1 × dev:distD1,3,mean,266.1,35.4,7.5,13/19,-16.7,0.64
rank:effH1 × rank:volume,3,mean,234.8,43.8,5.4,12/19,-13.8,0.49
rank:effH1 × dev:volume,3,mean,224.0,28.3,7.9,11/19,-12.0,0.61
rank:effH1 × rank:squeezeH1,3,mean,243.0,42.9,5.7,13/19,-11.9,0.58
rank:effH1 × dev:squeezeH1,3,mean,281.2,27.7,10.2,12/19,-13.0,0.49
dev:effH1 × rank:effH4,3,mean,246.9,31.8,7.8,12/19,-15.1,0.55
dev:effH1 × dev:effH4,3,mean,246.7,35.8,6.9,13/19,-13.3,0.6
dev:effH1 × rank:stackH4,3,mean,281.3,31.5,8.9,12/19,-12.3,0.58
dev:effH1 × rank:ribbonD1,3,mean,303.0,34.2,8.9,12/19,-17.3,0.53
dev:effH1 × dev:ribbonD1,3,mean,278.6,35.6,7.8,13/19,-15.3,0.58
dev:effH1 × rank:dayrange,3,mean,307.5,25.5,12.1,13/19,-11.3,0.64
dev:effH1 × dev:dayrange,3,mean,273.0,34.0,8.0,12/19,-11.5,0.59
dev:effH1 × rank:hour,3,mean,319.4,35.5,9.0,12/19,-11.2,0.61
dev:effH1 × rank:posH4,3,mean,257.5,34.0,7.6,11/19,-11.2,0.56
dev:effH1 × dev:posH4,3,mean,291.2,29.2,10.0,13/19,-12.0,0.59
dev:effH1 × rank:distD1,3,mean,279.2,35.1,8.0,14/19,-14.3,0.56
dev:effH1 × dev:distD1,3,mean,274.0,40.3,6.8,13/19,-14.5,0.52
dev:effH1 × rank:volume,3,mean,260.5,31.9,8.2,13/19,-12.3,0.55
dev:effH1 × dev:volume,3,mean,280.7,34.9,8.0,13/19,-12.3,0.57
dev:effH1 × rank:squeezeH1,3,mean,289.2,39.1,7.4,12/19,-14.5,0.54
dev:effH1 × dev:squeezeH1,3,mean,295.1,37.3,7.9,13/19,-11.7,0.51
rank:effH4 × dev:effH4,3,mean,225.9,34.6,6.5,12/19,-13.6,0.55
rank:effH4 × rank:stackH4,3,mean,218.0,37.6,5.8,12/19,-15.4,0.55
rank:effH4 × rank:ribbonD1,3,mean,261.7,40.7,6.4,12/19,-16.0,0.52
rank:effH4 × dev:ribbonD1,3,mean,237.7,32.6,7.3,14/19,-11.6,0.65
rank:effH4 × rank:dayrange,3,mean,263.0,36.3,7.2,11/19,-11.3,0.54
rank:effH4 × dev:dayrange,3,mean,289.8,29.6,9.8,14/19,-13.4,0.58
rank:effH4 × rank:hour,3,mean,292.8,37.7,7.8,12/19,-15.4,0.61
rank:effH4 × rank:posH4,3,mean,228.5,45.0,5.1,11/19,-17.3,0.53
rank:effH4 × dev:posH4,3,mean,302.5,40.8,7.4,13/19,-12.4,0.57
rank:effH4 × rank:distD1,3,mean,241.3,39.0,6.2,13/19,-17.6,0.52
rank:effH4 × dev:distD1,3,mean,276.7,44.6,6.2,12/19,-16.7,0.5
rank:effH4 × rank:volume,3,mean,276.2,38.3,7.2,14/19,-14.9,0.6
rank:effH4 × dev:volume,3,mean,246.1,38.8,6.3,13/19,-13.5,0.65
rank:effH4 × rank:squeezeH1,3,mean,296.3,37.0,8.0,14/19,-13.6,0.6
rank:effH4 × dev:squeezeH1,3,mean,275.6,30.8,8.9,14/19,-16.7,0.54
dev:effH4 × rank:stackH4,3,mean,264.0,31.2,8.5,13/19,-15.6,0.52
dev:effH4 × rank:ribbonD1,3,mean,286.1,39.6,7.2,12/19,-16.3,0.54
dev:effH4 × dev:ribbonD1,3,mean,285.4,39.2,7.3,12/19,-14.4,0.59
dev:effH4 × rank:dayrange,3,mean,264.9,33.2,8.0,12/19,-15.5,0.58
dev:effH4 × dev:dayrange,3,mean,268.9,33.9,7.9,14/19,-15.1,0.63
dev:effH4 × rank:hour,3,mean,287.4,35.2,8.2,13/19,-11.4,0.61
dev:effH4 × rank:posH4,3,mean,235.8,40.9,5.8,12/19,-15.0,0.58
dev:effH4 × dev:posH4,3,mean,255.6,39.4,6.5,10/19,-13.3,0.53
dev:effH4 × rank:distD1,3,mean,309.3,30.6,10.1,14/19,-15.0,0.62
dev:effH4 × dev:distD1,3,mean,299.5,43.3,6.9,12/19,-15.1,0.56
dev:effH4 × rank:volume,3,mean,248.3,37.0,6.7,13/19,-13.2,0.6
dev:effH4 × dev:volume,3,mean,216.1,39.5,5.5,13/19,-15.6,0.58
dev:effH4 × rank:squeezeH1,3,mean,259.3,43.3,6.0,12/19,-16.2,0.51
dev:effH4 × dev:squeezeH1,3,mean,279.2,36.1,7.7,13/19,-14.3,0.53
rank:stackH4 × rank:ribbonD1,3,mean,310.6,35.5,8.7,12/19,-13.1,0.56
rank:stackH4 × dev:ribbonD1,3,mean,257.3,33.4,7.7,12/19,-13.7,0.52
rank:stackH4 × rank:dayrange,3,mean,269.1,24.9,10.8,13/19,-13.6,0.52
rank:stackH4 × dev:dayrange,3,mean,312.6,30.3,10.3,14/19,-10.8,0.6
rank:stackH4 × rank:hour,3,mean,271.2,42.2,6.4,13/19,-15.9,0.55
rank:stackH4 × rank:posH4,3,mean,241.9,32.8,7.4,11/19,-11.9,0.58
rank:stackH4 × dev:posH4,3,mean,282.5,39.4,7.2,14/19,-12.6,0.56
rank:stackH4 × rank:distD1,3,mean,279.6,31.7,8.8,12/19,-14.3,0.56
rank:stackH4 × dev:distD1,3,mean,288.3,38.7,7.4,12/19,-16.4,0.54
rank:stackH4 × rank:volume,3,mean,253.5,34.5,7.3,13/19,-13.9,0.59
rank:stackH4 × dev:volume,3,mean,250.8,37.9,6.6,12/19,-13.6,0.54
rank:stackH4 × rank:squeezeH1,3,mean,231.3,39.3,5.9,12/19,-13.2,0.54
rank:stackH4 × dev:squeezeH1,3,mean,251.1,29.3,8.6,12/19,-12.5,0.52
rank:ribbonD1 × dev:ribbonD1,3,mean,292.5,34.7,8.4,13/19,-11.8,0.58
rank:ribbonD1 × rank:dayrange,3,mean,269.0,27.6,9.7,13/19,-13.1,0.54
rank:ribbonD1 × dev:dayrange,3,mean,295.1,33.7,8.8,13/19,-14.2,0.55
rank:ribbonD1 × rank:hour,3,mean,274.5,37.9,7.2,13/19,-17.8,0.55
rank:ribbonD1 × rank:posH4,3,mean,343.7,29.8,11.5,12/19,-14.7,0.57
rank:ribbonD1 × dev:posH4,3,mean,301.0,33.7,8.9,11/19,-14.7,0.54
rank:ribbonD1 × rank:distD1,3,mean,287.1,29.5,9.7,13/19,-17.7,0.53
rank:ribbonD1 × dev:distD1,3,mean,300.6,38.6,7.8,14/19,-16.5,0.56
rank:ribbonD1 × rank:volume,3,mean,324.5,31.5,10.3,14/19,-17.8,0.62
rank:ribbonD1 × dev:volume,3,mean,290.6,36.4,8.0,13/19,-18.1,0.45
rank:ribbonD1 × rank:squeezeH1,3,mean,285.8,32.4,8.8,13/19,-16.9,0.54
rank:ribbonD1 × dev:squeezeH1,3,mean,309.1,30.9,10.0,12/19,-12.1,0.61
dev:ribbonD1 × rank:dayrange,3,mean,265.7,37.9,7.0,13/19,-15.8,0.52
dev:ribbonD1 × dev:dayrange,3,mean,281.7,36.7,7.7,12/19,-13.1,0.58
dev:ribbonD1 × rank:hour,3,mean,276.1,37.6,7.3,13/19,-13.0,0.57
dev:ribbonD1 × rank:posH4,3,mean,277.6,31.7,8.8,12/19,-11.9,0.61
dev:ribbonD1 × dev:posH4,3,mean,240.9,31.3,7.7,11/19,-16.0,0.45
dev:ribbonD1 × rank:distD1,3,mean,269.8,30.6,8.8,13/19,-15.0,0.54
dev:ribbonD1 × dev:distD1,3,mean,250.8,37.4,6.7,13/19,-13.9,0.53
dev:ribbonD1 × rank:volume,3,mean,255.3,33.0,7.7,11/19,-9.9,0.56
dev:ribbonD1 × dev:volume,3,mean,211.7,33.4,6.3,13/19,-11.1,0.6
dev:ribbonD1 × rank:squeezeH1,3,mean,284.1,38.5,7.4,13/19,-12.6,0.6
dev:ribbonD1 × dev:squeezeH1,3,mean,295.4,30.6,9.7,13/19,-11.1,0.57
rank:dayrange × dev:dayrange,3,mean,305.6,24.8,12.3,14/19,-13.1,0.61
rank:dayrange × rank:hour,3,mean,289.0,26.3,11.0,14/19,-11.1,0.61
rank:dayrange × rank:posH4,3,mean,300.0,25.2,11.9,12/19,-12.5,0.52
rank:dayrange × dev:posH4,3,mean,294.7,27.3,10.8,13/19,-14.6,0.56
rank:dayrange × rank:distD1,3,mean,278.2,33.5,8.3,12/19,-17.1,0.53
rank:dayrange × dev:distD1,3,mean,286.8,35.1,8.2,13/19,-12.3,0.54
rank:dayrange × rank:volume,3,mean,258.7,28.1,9.2,13/19,-13.0,0.6
rank:dayrange × dev:volume,3,mean,238.8,25.4,9.4,13/19,-12.2,0.49
rank:dayrange × rank:squeezeH1,3,mean,253.7,33.1,7.7,12/19,-12.8,0.54
rank:dayrange × dev:squeezeH1,3,mean,262.2,27.2,9.6,12/19,-12.6,0.57
dev:dayrange × rank:hour,3,mean,282.8,34.7,8.1,12/19,-15.5,0.57
dev:dayrange × rank:posH4,3,mean,277.9,30.5,9.1,12/19,-12.5,0.56
dev:dayrange × dev:posH4,3,mean,276.8,37.8,7.3,12/19,-14.9,0.56
dev:dayrange × rank:distD1,3,mean,329.8,27.4,12.0,14/19,-14.6,0.57
dev:dayrange × dev:distD1,3,mean,276.7,36.8,7.5,12/19,-14.5,0.56
dev:dayrange × rank:volume,3,mean,290.8,26.3,11.1,13/19,-11.9,0.64
dev:dayrange × dev:volume,3,mean,320.4,37.9,8.5,13/19,-15.0,0.59
dev:dayrange × rank:squeezeH1,3,mean,202.3,42.3,4.8,12/19,-14.9,0.52
dev:dayrange × dev:squeezeH1,3,mean,264.8,31.0,8.5,11/19,-13.9,0.54
rank:hour × rank:posH4,3,mean,305.7,38.6,7.9,12/19,-16.8,0.59
rank:hour × dev:posH4,3,mean,285.8,46.1,6.2,12/19,-16.6,0.55
rank:hour × rank:distD1,3,mean,322.4,28.1,11.5,14/19,-16.8,0.59
rank:hour × dev:distD1,3,mean,273.8,39.9,6.9,13/19,-17.3,0.57
rank:hour × rank:volume,3,mean,294.7,36.9,8.0,13/19,-11.9,0.63
rank:hour × dev:volume,3,mean,276.2,40.2,6.9,12/19,-11.4,0.57
rank:hour × rank:squeezeH1,3,mean,240.5,40.3,6.0,12/19,-16.3,0.51
rank:hour × dev:squeezeH1,3,mean,273.7,34.3,8.0,12/19,-14.1,0.56
rank:posH4 × dev:posH4,3,mean,284.7,33.9,8.4,12/19,-15.6,0.53
rank:posH4 × rank:distD1,3,mean,294.8,37.4,7.9,13/19,-15.8,0.55
rank:posH4 × dev:distD1,3,mean,295.1,34.9,8.5,12/19,-12.6,0.62
rank:posH4 × rank:volume,3,mean,290.9,34.6,8.4,13/19,-13.8,0.59
rank:posH4 × dev:volume,3,mean,218.9,36.1,6.1,12/19,-12.1,0.56
rank:posH4 × rank:squeezeH1,3,mean,296.5,33.7,8.8,12/19,-16.9,0.52
rank:posH4 × dev:squeezeH1,3,mean,287.3,24.8,11.6,12/19,-11.2,0.52
dev:posH4 × rank:distD1,3,mean,313.7,41.2,7.6,13/19,-15.3,0.59
dev:posH4 × dev:distD1,3,mean,305.9,41.7,7.3,13/19,-15.0,0.57
dev:posH4 × rank:volume,3,mean,270.0,29.2,9.2,13/19,-12.6,0.6
dev:posH4 × dev:volume,3,mean,252.1,45.9,5.5,12/19,-15.3,0.52
dev:posH4 × rank:squeezeH1,3,mean,240.2,43.3,5.5,12/19,-17.0,0.49
dev:posH4 × dev:squeezeH1,3,mean,276.0,41.3,6.7,12/19,-12.6,0.53
rank:distD1 × dev:distD1,3,mean,235.4,37.3,6.3,13/19,-16.4,0.55
rank:distD1 × rank:volume,3,mean,259.7,38.3,6.8,14/19,-16.9,0.53
rank:distD1 × dev:volume,3,mean,271.6,26.5,10.2,14/19,-15.5,0.55
rank:distD1 × rank:squeezeH1,3,mean,269.1,39.2,6.9,12/19,-12.3,0.5
rank:distD1 × dev:squeezeH1,3,mean,312.3,34.6,9.0,13/19,-13.5,0.57
dev:distD1 × rank:volume,3,mean,258.1,43.6,5.9,13/19,-12.9,0.54
dev:distD1 × dev:volume,3,mean,242.7,41.4,5.9,13/19,-16.8,0.5
dev:distD1 × rank:squeezeH1,3,mean,280.4,33.1,8.5,14/19,-14.1,0.54
dev:distD1 × dev:squeezeH1,3,mean,296.8,40.1,7.4,12/19,-15.0,0.57
rank:volume × dev:volume,3,mean,255.9,32.3,7.9,13/19,-12.3,0.59
rank:volume × rank:squeezeH1,3,mean,233.0,44.5,5.2,14/19,-13.1,0.54
rank:volume × dev:squeezeH1,3,mean,288.7,31.8,9.1,13/19,-11.8,0.58
dev:volume × rank:squeezeH1,3,mean,209.5,39.9,5.3,11/19,-11.7,0.48
dev:volume × dev:squeezeH1,3,mean,240.8,33.6,7.2,12/19,-11.6,0.52
rank:squeezeH1 × dev:squeezeH1,3,mean,233.2,34.2,6.8,12/19,-12.2,0.57
none,3,sharpe,246.7,19.2,12.8,15/19,-10.8,0.72
rank:volH1,3,sharpe,251.5,22.1,11.4,14/19,-10.1,0.73
dev:volH1,3,sharpe,261.5,23.1,11.3,15/19,-10.1,0.79
rank:volH4,3,sharpe,242.6,20.0,12.1,14/19,-9.3,0.74
dev:volH4,3,sharpe,239.9,19.3,12.4,14/19,-11.1,0.72
rank:volD1,3,sharpe,248.0,17.9,13.9,13/19,-12.1,0.69
dev:volD1,3,sharpe,285.5,21.1,13.5,15/19,-11.6,0.78
rank:adxH1,3,sharpe,241.4,19.8,12.2,13/19,-15.4,0.67
dev:adxH1,3,sharpe,241.3,20.0,12.1,15/19,-10.9,0.69
rank:adxH4,3,sharpe,292.2,19.9,14.7,14/19,-12.0,0.75
dev:adxH4,3,sharpe,244.4,18.9,12.9,15/19,-12.2,0.73
rank:adxD1,3,sharpe,280.4,19.1,14.7,14/19,-11.4,0.82
dev:adxD1,3,sharpe,226.6,18.3,12.4,12/19,-13.7,0.69
rank:effH1,3,sharpe,282.3,19.0,14.9,16/19,-9.2,0.82
dev:effH1,3,sharpe,225.0,22.3,10.1,14/19,-11.2,0.65
rank:effH4,3,sharpe,243.7,20.6,11.8,13/19,-10.7,0.67
dev:effH4,3,sharpe,244.8,24.6,10.0,14/19,-10.7,0.68
rank:stackH4,3,sharpe,243.9,18.5,13.2,15/19,-10.1,0.73
rank:ribbonD1,3,sharpe,290.4,20.6,14.1,15/19,-13.2,0.77
dev:ribbonD1,3,sharpe,214.2,23.8,9.0,13/19,-7.9,0.68
rank:dayrange,3,sharpe,236.5,20.2,11.7,15/19,-11.9,0.66
dev:dayrange,3,sharpe,264.7,17.8,14.9,14/19,-10.0,0.74
rank:hour,3,sharpe,248.5,16.5,15.1,14/19,-11.8,0.73
rank:posH4,3,sharpe,267.0,19.2,13.9,12/19,-9.1,0.67
dev:posH4,3,sharpe,241.2,22.0,11.0,14/19,-12.0,0.68
rank:distD1,3,sharpe,272.3,19.5,14.0,15/19,-12.3,0.79
dev:distD1,3,sharpe,234.3,19.4,12.1,15/19,-11.8,0.71
rank:volume,3,sharpe,231.3,19.1,12.1,14/19,-12.1,0.68
dev:volume,3,sharpe,242.0,22.5,10.8,14/19,-10.1,0.72
rank:squeezeH1,3,sharpe,232.4,20.5,11.3,13/19,-11.5,0.68
dev:squeezeH1,3,sharpe,256.6,19.3,13.3,15/19,-10.5,0.78
rank:volH1 × dev:volH1,3,sharpe,251.8,26.0,9.7,15/19,-10.9,0.74
rank:volH1 × rank:volH4,3,sharpe,211.1,17.8,11.9,14/19,-8.6,0.65
rank:volH1 × dev:volH4,3,sharpe,234.5,21.3,11.0,12/19,-12.1,0.7
rank:volH1 × rank:volD1,3,sharpe,265.9,18.5,14.4,16/19,-10.6,0.84
rank:volH1 × dev:volD1,3,sharpe,249.3,20.3,12.3,15/19,-8.8,0.78
rank:volH1 × rank:adxH1,3,sharpe,239.6,18.2,13.2,15/19,-10.7,0.71
rank:volH1 × dev:adxH1,3,sharpe,240.0,17.0,14.1,15/19,-8.4,0.79
rank:volH1 × rank:adxH4,3,sharpe,259.7,21.4,12.1,15/19,-12.9,0.72
rank:volH1 × dev:adxH4,3,sharpe,242.4,18.6,13.0,15/19,-11.4,0.7
rank:volH1 × rank:adxD1,3,sharpe,256.9,21.7,11.8,14/19,-9.5,0.8
rank:volH1 × dev:adxD1,3,sharpe,227.1,19.1,11.9,13/19,-10.2,0.66
rank:volH1 × rank:effH1,3,sharpe,277.2,17.5,15.8,14/19,-9.7,0.73
rank:volH1 × dev:effH1,3,sharpe,230.5,22.3,10.3,14/19,-10.3,0.68
rank:volH1 × rank:effH4,3,sharpe,216.5,21.0,10.3,13/19,-10.0,0.62
rank:volH1 × dev:effH4,3,sharpe,251.6,20.5,12.3,14/19,-11.2,0.79
rank:volH1 × rank:stackH4,3,sharpe,242.9,22.6,10.7,14/19,-10.5,0.72
rank:volH1 × rank:ribbonD1,3,sharpe,232.8,19.4,12.0,15/19,-11.1,0.7
rank:volH1 × dev:ribbonD1,3,sharpe,218.7,19.3,11.3,13/19,-10.1,0.67
rank:volH1 × rank:dayrange,3,sharpe,220.9,19.6,11.3,13/19,-11.4,0.67
rank:volH1 × dev:dayrange,3,sharpe,249.8,15.9,15.7,15/19,-9.0,0.8
rank:volH1 × rank:hour,3,sharpe,246.5,19.9,12.4,14/19,-10.4,0.72
rank:volH1 × rank:posH4,3,sharpe,265.3,17.9,14.8,13/19,-8.2,0.72
rank:volH1 × dev:posH4,3,sharpe,238.6,20.5,11.6,13/19,-9.3,0.76
rank:volH1 × rank:distD1,3,sharpe,246.6,20.5,12.0,15/19,-8.9,0.76
rank:volH1 × dev:distD1,3,sharpe,252.2,20.5,12.3,14/19,-10.6,0.69
rank:volH1 × rank:volume,3,sharpe,249.8,19.8,12.6,13/19,-11.6,0.78
rank:volH1 × dev:volume,3,sharpe,245.4,20.1,12.2,15/19,-8.1,0.77
rank:volH1 × rank:squeezeH1,3,sharpe,218.9,20.7,10.6,14/19,-11.7,0.68
rank:volH1 × dev:squeezeH1,3,sharpe,253.3,17.3,14.6,13/19,-10.8,0.73
dev:volH1 × rank:volH4,3,sharpe,270.8,18.3,14.8,14/19,-8.3,0.75
dev:volH1 × dev:volH4,3,sharpe,240.8,23.5,10.2,13/19,-11.1,0.71
dev:volH1 × rank:volD1,3,sharpe,266.7,19.7,13.5,15/19,-10.1,0.78
dev:volH1 × dev:volD1,3,sharpe,278.9,23.7,11.8,15/19,-7.8,0.8
dev:volH1 × rank:adxH1,3,sharpe,246.0,18.2,13.5,15/19,-10.8,0.75
dev:volH1 × dev:adxH1,3,sharpe,228.5,18.1,12.6,15/19,-9.8,0.72
dev:volH1 × rank:adxH4,3,sharpe,263.2,20.7,12.7,15/19,-12.3,0.74
dev:volH1 × dev:adxH4,3,sharpe,239.4,20.3,11.8,15/19,-10.5,0.67
dev:volH1 × rank:adxD1,3,sharpe,268.3,19.3,13.9,16/19,-10.4,0.86
dev:volH1 × dev:adxD1,3,sharpe,239.8,22.1,10.9,14/19,-10.1,0.7
dev:volH1 × rank:effH1,3,sharpe,271.0,18.2,14.9,15/19,-10.5,0.74
dev:volH1 × dev:effH1,3,sharpe,273.3,17.2,15.9,13/19,-9.9,0.76
dev:volH1 × rank:effH4,3,sharpe,255.9,22.2,11.5,14/19,-8.0,0.74
dev:volH1 × dev:effH4,3,sharpe,253.6,23.4,10.8,14/19,-12.1,0.73
dev:volH1 × rank:stackH4,3,sharpe,258.3,20.6,12.5,15/19,-9.9,0.79
dev:volH1 × rank:ribbonD1,3,sharpe,287.6,16.9,17.0,16/19,-9.9,0.85
dev:volH1 × dev:ribbonD1,3,sharpe,287.7,23.5,12.2,15/19,-11.0,0.81
dev:volH1 × rank:dayrange,3,sharpe,273.8,17.0,16.1,14/19,-11.5,0.78
dev:volH1 × dev:dayrange,3,sharpe,265.7,16.7,15.9,16/19,-10.1,0.8
dev:volH1 × rank:hour,3,sharpe,263.2,17.7,14.9,15/19,-10.2,0.83
dev:volH1 × rank:posH4,3,sharpe,301.8,19.4,15.6,14/19,-9.6,0.74
dev:volH1 × dev:posH4,3,sharpe,274.7,19.8,13.9,14/19,-10.2,0.78
dev:volH1 × rank:distD1,3,sharpe,274.1,19.6,14.0,14/19,-9.1,0.79
dev:volH1 × dev:distD1,3,sharpe,249.3,21.9,11.4,14/19,-11.3,0.7
dev:volH1 × rank:volume,3,sharpe,265.1,20.2,13.1,13/19,-12.1,0.73
dev:volH1 × dev:volume,3,sharpe,266.8,23.3,11.5,14/19,-9.8,0.76
dev:volH1 × rank:squeezeH1,3,sharpe,247.7,19.4,12.8,14/19,-11.4,0.69
dev:volH1 × dev:squeezeH1,3,sharpe,246.5,18.7,13.2,14/19,-11.0,0.73
rank:volH4 × dev:volH4,3,sharpe,241.9,17.5,13.8,15/19,-10.5,0.72
rank:volH4 × rank:volD1,3,sharpe,260.8,18.9,13.8,14/19,-9.8,0.76
rank:volH4 × dev:volD1,3,sharpe,259.9,15.3,17.0,16/19,-8.0,0.81
rank:volH4 × rank:adxH1,3,sharpe,235.7,19.7,12.0,14/19,-16.1,0.67
rank:volH4 × dev:adxH1,3,sharpe,233.2,19.6,11.9,15/19,-12.4,0.69
rank:volH4 × rank:adxH4,3,sharpe,270.9,20.7,13.1,14/19,-11.9,0.73
rank:volH4 × dev:adxH4,3,sharpe,238.4,17.9,13.3,15/19,-10.3,0.72
rank:volH4 × rank:adxD1,3,sharpe,272.0,18.9,14.4,13/19,-9.6,0.77
rank:volH4 × dev:adxD1,3,sharpe,234.6,17.7,13.3,14/19,-10.1,0.73
rank:volH4 × rank:effH1,3,sharpe,243.0,21.8,11.1,14/19,-12.0,0.71
rank:volH4 × dev:effH1,3,sharpe,250.8,22.0,11.4,14/19,-11.4,0.69
rank:volH4 × rank:effH4,3,sharpe,265.6,23.3,11.4,13/19,-9.6,0.69
rank:volH4 × dev:effH4,3,sharpe,219.4,21.1,10.4,13/19,-12.1,0.62
rank:volH4 × rank:stackH4,3,sharpe,245.4,20.0,12.3,14/19,-9.3,0.75
rank:volH4 × rank:ribbonD1,3,sharpe,261.9,20.4,12.8,15/19,-11.5,0.7
rank:volH4 × dev:ribbonD1,3,sharpe,270.0,24.8,10.9,14/19,-11.1,0.81
rank:volH4 × rank:dayrange,3,sharpe,256.7,18.4,14.0,15/19,-10.8,0.77
rank:volH4 × dev:dayrange,3,sharpe,257.6,21.9,11.8,14/19,-13.4,0.72
rank:volH4 × rank:hour,3,sharpe,266.0,17.9,14.9,15/19,-11.1,0.76
rank:volH4 × rank:posH4,3,sharpe,254.0,21.4,11.9,13/19,-10.9,0.7
rank:volH4 × dev:posH4,3,sharpe,272.9,20.3,13.4,13/19,-10.3,0.74
rank:volH4 × rank:distD1,3,sharpe,260.6,18.5,14.1,15/19,-12.2,0.78
rank:volH4 × dev:distD1,3,sharpe,230.4,20.3,11.3,13/19,-10.7,0.73
rank:volH4 × rank:volume,3,sharpe,263.7,17.0,15.5,14/19,-10.1,0.74
rank:volH4 × dev:volume,3,sharpe,225.6,23.3,9.7,14/19,-10.3,0.63
rank:volH4 × rank:squeezeH1,3,sharpe,242.3,25.5,9.5,12/19,-10.3,0.68
rank:volH4 × dev:squeezeH1,3,sharpe,232.2,15.9,14.6,14/19,-10.3,0.7
dev:volH4 × rank:volD1,3,sharpe,235.3,18.9,12.4,14/19,-9.7,0.72
dev:volH4 × dev:volD1,3,sharpe,274.1,19.6,14.0,15/19,-10.4,0.8
dev:volH4 × rank:adxH1,3,sharpe,256.3,18.2,14.1,14/19,-11.7,0.69
dev:volH4 × dev:adxH1,3,sharpe,256.9,19.7,13.0,14/19,-10.8,0.76
dev:volH4 × rank:adxH4,3,sharpe,230.3,18.9,12.2,15/19,-11.8,0.73
dev:volH4 × dev:adxH4,3,sharpe,223.2,21.3,10.5,13/19,-12.9,0.67
dev:volH4 × rank:adxD1,3,sharpe,254.6,18.6,13.7,14/19,-9.8,0.76
dev:volH4 × dev:adxD1,3,sharpe,220.1,23.9,9.2,13/19,-12.3,0.61
dev:volH4 × rank:effH1,3,sharpe,269.4,17.2,15.7,14/19,-13.2,0.77
dev:volH4 × dev:effH1,3,sharpe,249.2,18.6,13.4,14/19,-11.3,0.75
dev:volH4 × rank:effH4,3,sharpe,234.9,24.1,9.7,13/19,-10.0,0.66
dev:volH4 × dev:effH4,3,sharpe,207.6,21.1,9.8,14/19,-12.6,0.65
dev:volH4 × rank:stackH4,3,sharpe,240.0,19.3,12.4,14/19,-11.1,0.75
dev:volH4 × rank:ribbonD1,3,sharpe,246.8,18.9,13.1,15/19,-13.1,0.7
dev:volH4 × dev:ribbonD1,3,sharpe,232.3,22.2,10.5,14/19,-10.5,0.73
dev:volH4 × rank:dayrange,3,sharpe,255.2,20.2,12.6,14/19,-9.3,0.75
dev:volH4 × dev:dayrange,3,sharpe,254.8,22.5,11.3,14/19,-12.2,0.69
dev:volH4 × rank:hour,3,sharpe,231.0,19.8,11.7,15/19,-11.4,0.73
dev:volH4 × rank:posH4,3,sharpe,225.4,27.7,8.1,12/19,-11.0,0.61
dev:volH4 × dev:posH4,3,sharpe,220.2,22.4,9.8,14/19,-12.4,0.67
dev:volH4 × rank:distD1,3,sharpe,233.3,18.6,12.5,15/19,-12.2,0.72
dev:volH4 × dev:distD1,3,sharpe,223.8,20.3,11.0,15/19,-11.1,0.67
dev:volH4 × rank:volume,3,sharpe,228.8,18.1,12.6,14/19,-12.1,0.72
dev:volH4 × dev:volume,3,sharpe,210.1,21.0,10.0,13/19,-11.6,0.66
dev:volH4 × rank:squeezeH1,3,sharpe,223.3,26.1,8.6,14/19,-12.1,0.65
dev:volH4 × dev:squeezeH1,3,sharpe,251.0,17.7,14.2,15/19,-11.6,0.72
rank:volD1 × dev:volD1,3,sharpe,245.3,19.9,12.3,15/19,-12.5,0.69
rank:volD1 × rank:adxH1,3,sharpe,248.4,16.6,15.0,15/19,-13.2,0.69
rank:volD1 × dev:adxH1,3,sharpe,236.2,18.8,12.6,14/19,-11.0,0.72
rank:volD1 × rank:adxH4,3,sharpe,274.2,22.0,12.5,15/19,-10.0,0.71
rank:volD1 × dev:adxH4,3,sharpe,257.4,19.2,13.4,15/19,-11.7,0.71
rank:volD1 × rank:adxD1,3,sharpe,263.4,18.6,14.2,14/19,-11.8,0.8
rank:volD1 × dev:adxD1,3,sharpe,247.3,18.5,13.4,15/19,-11.4,0.73
rank:volD1 × rank:effH1,3,sharpe,245.2,18.9,13.0,14/19,-11.7,0.67
rank:volD1 × dev:effH1,3,sharpe,230.2,19.5,11.8,14/19,-11.5,0.63
rank:volD1 × rank:effH4,3,sharpe,247.4,18.8,13.2,14/19,-12.9,0.64
rank:volD1 × dev:effH4,3,sharpe,238.5,19.9,12.0,15/19,-12.0,0.68
rank:volD1 × rank:stackH4,3,sharpe,243.8,18.2,13.4,13/19,-12.1,0.69
rank:volD1 × rank:ribbonD1,3,sharpe,284.6,14.9,19.1,16/19,-12.1,0.8
rank:volD1 × dev:ribbonD1,3,sharpe,256.4,16.8,15.3,14/19,-11.3,0.76
rank:volD1 × rank:dayrange,3,sharpe,237.1,19.5,12.2,14/19,-12.7,0.72
rank:volD1 × dev:dayrange,3,sharpe,277.1,21.3,13.0,14/19,-12.4,0.77
rank:volD1 × rank:hour,3,sharpe,265.2,18.0,14.7,14/19,-11.5,0.72
rank:volD1 × rank:posH4,3,sharpe,259.1,19.7,13.2,14/19,-13.0,0.73
rank:volD1 × dev:posH4,3,sharpe,258.3,19.7,13.1,14/19,-11.0,0.78
rank:volD1 × rank:distD1,3,sharpe,239.2,16.5,14.5,15/19,-12.8,0.71
rank:volD1 × dev:distD1,3,sharpe,249.9,17.1,14.6,15/19,-11.8,0.68
rank:volD1 × rank:volume,3,sharpe,256.7,19.6,13.1,16/19,-12.3,0.73
rank:volD1 × dev:volume,3,sharpe,259.2,19.4,13.4,16/19,-12.3,0.72
rank:volD1 × rank:squeezeH1,3,sharpe,249.7,20.9,11.9,14/19,-12.7,0.69
rank:volD1 × dev:squeezeH1,3,sharpe,240.3,20.4,11.8,14/19,-13.0,0.65
dev:volD1 × rank:adxH1,3,sharpe,277.2,19.6,14.1,13/19,-12.6,0.76
dev:volD1 × dev:adxH1,3,sharpe,236.9,19.7,12.0,15/19,-13.9,0.73
dev:volD1 × rank:adxH4,3,sharpe,285.2,19.5,14.6,14/19,-9.9,0.7
dev:volD1 × dev:adxH4,3,sharpe,259.3,20.1,12.9,14/19,-10.9,0.7
dev:volD1 × rank:adxD1,3,sharpe,260.7,16.7,15.6,16/19,-11.2,0.82
dev:volD1 × dev:adxD1,3,sharpe,248.3,16.4,15.1,15/19,-11.8,0.7
dev:volD1 × rank:effH1,3,sharpe,276.3,19.5,14.2,15/19,-11.1,0.82
dev:volD1 × dev:effH1,3,sharpe,263.9,20.5,12.9,13/19,-10.1,0.72
dev:volD1 × rank:effH4,3,sharpe,241.0,23.0,10.5,13/19,-8.7,0.72
dev:volD1 × dev:effH4,3,sharpe,246.2,21.2,11.6,14/19,-12.0,0.7
dev:volD1 × rank:stackH4,3,sharpe,278.5,21.1,13.2,14/19,-11.6,0.77
dev:volD1 × rank:ribbonD1,3,sharpe,279.8,17.3,16.2,16/19,-10.7,0.82
dev:volD1 × dev:ribbonD1,3,sharpe,257.0,19.0,13.5,16/19,-9.5,0.78
dev:volD1 × rank:dayrange,3,sharpe,260.4,20.3,12.8,13/19,-10.6,0.74
dev:volD1 × dev:dayrange,3,sharpe,239.4,25.0,9.6,14/19,-9.2,0.72
dev:volD1 × rank:hour,3,sharpe,291.9,24.7,11.8,15/19,-9.5,0.75
dev:volD1 × rank:posH4,3,sharpe,266.6,20.0,13.3,14/19,-13.1,0.72
dev:volD1 × dev:posH4,3,sharpe,284.0,21.7,13.1,14/19,-9.5,0.77
dev:volD1 × rank:distD1,3,sharpe,266.9,18.1,14.7,15/19,-9.7,0.78
dev:volD1 × dev:distD1,3,sharpe,264.8,17.8,14.9,16/19,-13.7,0.72
dev:volD1 × rank:volume,3,sharpe,248.7,20.0,12.4,15/19,-9.5,0.73
dev:volD1 × dev:volume,3,sharpe,311.6,19.4,16.1,14/19,-8.3,0.78
dev:volD1 × rank:squeezeH1,3,sharpe,267.1,22.8,11.7,14/19,-9.5,0.79
dev:volD1 × dev:squeezeH1,3,sharpe,284.8,19.6,14.5,14/19,-11.0,0.76
rank:adxH1 × dev:adxH1,3,sharpe,239.0,19.0,12.6,15/19,-13.3,0.67
rank:adxH1 × rank:adxH4,3,sharpe,285.3,19.6,14.6,15/19,-12.6,0.72
rank:adxH1 × dev:adxH4,3,sharpe,240.5,20.8,11.6,15/19,-12.1,0.6
rank:adxH1 × rank:adxD1,3,sharpe,253.0,20.8,12.2,14/19,-9.4,0.77
rank:adxH1 × dev:adxD1,3,sharpe,267.9,19.9,13.5,14/19,-15.4,0.69
rank:adxH1 × rank:effH1,3,sharpe,245.0,20.5,12.0,14/19,-11.7,0.67
rank:adxH1 × dev:effH1,3,sharpe,249.9,18.7,13.4,15/19,-14.0,0.71
rank:adxH1 × rank:effH4,3,sharpe,214.6,21.7,9.9,14/19,-14.1,0.64
rank:adxH1 × dev:effH4,3,sharpe,225.1,18.5,12.2,14/19,-11.4,0.67
rank:adxH1 × rank:stackH4,3,sharpe,231.6,19.7,11.8,14/19,-13.2,0.68
rank:adxH1 × rank:ribbonD1,3,sharpe,222.8,20.6,10.8,14/19,-12.1,0.61
rank:adxH1 × dev:ribbonD1,3,sharpe,239.5,22.7,10.6,14/19,-9.5,0.66
rank:adxH1 × rank:dayrange,3,sharpe,249.7,18.2,13.7,14/19,-10.2,0.67
rank:adxH1 × dev:dayrange,3,sharpe,258.3,19.0,13.6,14/19,-12.8,0.72
rank:adxH1 × rank:hour,3,sharpe,271.4,18.6,14.6,14/19,-12.1,0.73
rank:adxH1 × rank:posH4,3,sharpe,247.5,19.7,12.6,14/19,-12.5,0.72
rank:adxH1 × dev:posH4,3,sharpe,232.3,23.4,9.9,13/19,-11.4,0.62
rank:adxH1 × rank:distD1,3,sharpe,238.9,18.0,13.3,15/19,-14.8,0.68
rank:adxH1 × dev:distD1,3,sharpe,218.3,18.4,11.9,13/19,-13.8,0.63
rank:adxH1 × rank:volume,3,sharpe,229.1,24.6,9.3,14/19,-11.0,0.67
rank:adxH1 × dev:volume,3,sharpe,235.2,25.3,9.3,13/19,-14.1,0.61
rank:adxH1 × rank:squeezeH1,3,sharpe,205.3,21.2,9.7,14/19,-14.7,0.63
rank:adxH1 × dev:squeezeH1,3,sharpe,241.3,19.1,12.6,13/19,-11.6,0.72
dev:adxH1 × rank:adxH4,3,sharpe,301.8,18.0,16.8,15/19,-11.4,0.8
dev:adxH1 × dev:adxH4,3,sharpe,232.6,17.8,13.1,15/19,-11.4,0.71
dev:adxH1 × rank:adxD1,3,sharpe,270.7,22.5,12.0,13/19,-11.5,0.76
dev:adxH1 × dev:adxD1,3,sharpe,224.8,27.7,8.1,14/19,-13.1,0.59
dev:adxH1 × rank:effH1,3,sharpe,237.5,19.3,12.3,14/19,-8.7,0.73
dev:adxH1 × dev:effH1,3,sharpe,226.5,20.7,10.9,15/19,-11.3,0.65
dev:adxH1 × rank:effH4,3,sharpe,227.1,29.7,7.6,13/19,-13.7,0.6
dev:adxH1 × dev:effH4,3,sharpe,227.3,24.4,9.3,13/19,-10.7,0.63
dev:adxH1 × rank:stackH4,3,sharpe,236.4,20.0,11.8,15/19,-11.9,0.68
dev:adxH1 × rank:ribbonD1,3,sharpe,241.3,17.9,13.5,14/19,-12.2,0.69
dev:adxH1 × dev:ribbonD1,3,sharpe,251.0,23.3,10.8,13/19,-8.8,0.68
dev:adxH1 × rank:dayrange,3,sharpe,240.0,18.8,12.8,14/19,-13.2,0.68
dev:adxH1 × dev:dayrange,3,sharpe,231.7,20.8,11.1,14/19,-11.6,0.67
dev:adxH1 × rank:hour,3,sharpe,264.9,19.0,13.9,14/19,-11.6,0.74
dev:adxH1 × rank:posH4,3,sharpe,257.3,21.9,11.7,13/19,-12.6,0.68
dev:adxH1 × dev:posH4,3,sharpe,267.7,21.6,12.4,14/19,-10.3,0.73
dev:adxH1 × rank:distD1,3,sharpe,266.2,18.2,14.6,15/19,-11.0,0.75
dev:adxH1 × dev:distD1,3,sharpe,240.8,25.6,9.4,14/19,-12.5,0.64
dev:adxH1 × rank:volume,3,sharpe,251.9,18.0,14.0,14/19,-10.1,0.71
dev:adxH1 × dev:volume,3,sharpe,208.4,31.3,6.7,12/19,-12.6,0.6
dev:adxH1 × rank:squeezeH1,3,sharpe,256.3,17.5,14.6,15/19,-14.0,0.72
dev:adxH1 × dev:squeezeH1,3,sharpe,264.9,16.4,16.2,16/19,-10.6,0.81
rank:adxH4 × dev:adxH4,3,sharpe,269.4,21.4,12.6,15/19,-12.0,0.73
rank:adxH4 × rank:adxD1,3,sharpe,265.4,23.1,11.5,14/19,-11.2,0.74
rank:adxH4 × dev:adxD1,3,sharpe,261.3,20.1,13.0,14/19,-11.4,0.69
rank:adxH4 × rank:effH1,3,sharpe,281.8,21.1,13.4,15/19,-12.1,0.74
rank:adxH4 × dev:effH1,3,sharpe,260.5,21.2,12.3,14/19,-10.9,0.7
rank:adxH4 × rank:effH4,3,sharpe,250.6,22.1,11.3,15/19,-11.5,0.73
rank:adxH4 × dev:effH4,3,sharpe,265.1,20.7,12.8,15/19,-10.8,0.73
rank:adxH4 × rank:stackH4,3,sharpe,270.8,20.5,13.2,14/19,-12.0,0.72
rank:adxH4 × rank:ribbonD1,3,sharpe,251.3,20.4,12.3,15/19,-12.3,0.67
rank:adxH4 × dev:ribbonD1,3,sharpe,245.5,21.6,11.4,13/19,-11.3,0.7
rank:adxH4 × rank:dayrange,3,sharpe,257.3,20.5,12.6,14/19,-10.7,0.72
rank:adxH4 × dev:dayrange,3,sharpe,287.6,21.9,13.1,15/19,-13.1,0.73
rank:adxH4 × rank:hour,3,sharpe,240.2,22.2,10.8,15/19,-13.3,0.73
rank:adxH4 × rank:posH4,3,sharpe,256.8,21.2,12.1,14/19,-11.1,0.72
rank:adxH4 × dev:posH4,3,sharpe,276.2,20.0,13.8,15/19,-11.2,0.74
rank:adxH4 × rank:distD1,3,sharpe,273.5,18.7,14.6,15/19,-12.3,0.77
rank:adxH4 × dev:distD1,3,sharpe,276.5,18.7,14.8,15/19,-10.5,0.72
rank:adxH4 × rank:volume,3,sharpe,239.3,25.5,9.4,14/19,-12.3,0.64
rank:adxH4 × dev:volume,3,sharpe,274.4,22.9,12.0,14/19,-12.0,0.71
rank:adxH4 × rank:squeezeH1,3,sharpe,226.3,18.7,12.1,14/19,-11.9,0.67
rank:adxH4 × dev:squeezeH1,3,sharpe,249.6,15.6,16.0,16/19,-10.9,0.72
dev:adxH4 × rank:adxD1,3,sharpe,258.6,20.3,12.7,14/19,-10.9,0.76
dev:adxH4 × dev:adxD1,3,sharpe,247.6,16.7,14.8,13/19,-13.6,0.66
dev:adxH4 × rank:effH1,3,sharpe,267.8,17.8,15.0,14/19,-10.0,0.71
dev:adxH4 × dev:effH1,3,sharpe,234.5,18.6,12.6,14/19,-11.8,0.65
dev:adxH4 × rank:effH4,3,sharpe,259.2,22.5,11.5,13/19,-9.7,0.72
dev:adxH4 × dev:effH4,3,sharpe,249.0,17.5,14.2,14/19,-8.6,0.78
dev:adxH4 × rank:stackH4,3,sharpe,238.5,18.5,12.9,15/19,-12.2,0.71
dev:adxH4 × rank:ribbonD1,3,sharpe,247.6,19.2,12.9,14/19,-11.7,0.66
dev:adxH4 × dev:ribbonD1,3,sharpe,213.0,25.2,8.5,13/19,-11.2,0.62
dev:adxH4 × rank:dayrange,3,sharpe,230.3,20.5,11.2,14/19,-10.5,0.62
dev:adxH4 × dev:dayrange,3,sharpe,259.5,20.1,12.9,15/19,-12.5,0.7
dev:adxH4 × rank:hour,3,sharpe,267.5,23.0,11.6,14/19,-12.3,0.72
dev:adxH4 × rank:posH4,3,sharpe,265.7,24.2,11.0,14/19,-12.5,0.71
dev:adxH4 × dev:posH4,3,sharpe,275.6,21.2,13.0,14/19,-11.7,0.74
dev:adxH4 × rank:distD1,3,sharpe,293.4,20.5,14.3,15/19,-14.3,0.77
dev:adxH4 × dev:distD1,3,sharpe,244.4,23.5,10.4,14/19,-12.0,0.67
dev:adxH4 × rank:volume,3,sharpe,226.3,23.6,9.6,14/19,-10.9,0.68
dev:adxH4 × dev:volume,3,sharpe,253.8,20.5,12.4,14/19,-9.2,0.71
dev:adxH4 × rank:squeezeH1,3,sharpe,231.7,19.6,11.8,15/19,-12.3,0.74
dev:adxH4 × dev:squeezeH1,3,sharpe,264.2,17.2,15.4,15/19,-11.0,0.73
rank:adxD1 × dev:adxD1,3,sharpe,256.8,21.2,12.1,14/19,-14.0,0.71
rank:adxD1 × rank:effH1,3,sharpe,260.0,20.3,12.8,14/19,-8.4,0.77
rank:adxD1 × dev:effH1,3,sharpe,237.4,23.4,10.1,14/19,-10.7,0.69
rank:adxD1 × rank:effH4,3,sharpe,240.9,22.4,10.8,13/19,-11.0,0.72
rank:adxD1 × dev:effH4,3,sharpe,247.1,17.1,14.5,15/19,-9.0,0.75
rank:adxD1 × rank:stackH4,3,sharpe,280.2,19.7,14.2,15/19,-11.5,0.84
rank:adxD1 × rank:ribbonD1,3,sharpe,286.6,19.7,14.5,14/19,-12.6,0.75
rank:adxD1 × dev:ribbonD1,3,sharpe,266.9,21.6,12.4,14/19,-9.9,0.75
rank:adxD1 × rank:dayrange,3,sharpe,285.5,22.5,12.7,14/19,-11.7,0.72
rank:adxD1 × dev:dayrange,3,sharpe,246.8,22.5,11.0,14/19,-12.3,0.74
rank:adxD1 × rank:hour,3,sharpe,258.5,20.6,12.5,14/19,-12.9,0.76
rank:adxD1 × rank:posH4,3,sharpe,256.4,23.3,11.0,13/19,-10.3,0.7
rank:adxD1 × dev:posH4,3,sharpe,277.4,18.5,15.0,15/19,-12.9,0.78
rank:adxD1 × rank:distD1,3,sharpe,253.6,28.7,8.8,14/19,-12.3,0.71
rank:adxD1 × dev:distD1,3,sharpe,246.6,19.4,12.7,14/19,-11.0,0.73
rank:adxD1 × rank:volume,3,sharpe,240.8,19.6,12.3,14/19,-13.1,0.7
rank:adxD1 × dev:volume,3,sharpe,267.7,20.3,13.2,14/19,-13.1,0.75
rank:adxD1 × rank:squeezeH1,3,sharpe,253.0,19.4,13.0,15/19,-10.3,0.71
rank:adxD1 × dev:squeezeH1,3,sharpe,242.4,26.3,9.2,13/19,-8.8,0.74
dev:adxD1 × rank:effH1,3,sharpe,230.4,19.7,11.7,13/19,-12.0,0.65
dev:adxD1 × dev:effH1,3,sharpe,215.4,18.8,11.5,14/19,-11.5,0.69
dev:adxD1 × rank:effH4,3,sharpe,241.3,22.6,10.7,13/19,-12.7,0.61
dev:adxD1 × dev:effH4,3,sharpe,236.1,20.7,11.4,12/19,-9.1,0.61
dev:adxD1 × rank:stackH4,3,sharpe,224.1,18.3,12.2,12/19,-13.7,0.68
dev:adxD1 × rank:ribbonD1,3,sharpe,228.2,17.5,13.0,15/19,-11.5,0.68
dev:adxD1 × dev:ribbonD1,3,sharpe,222.9,26.5,8.4,14/19,-10.8,0.66
dev:adxD1 × rank:dayrange,3,sharpe,273.8,18.3,15.0,15/19,-11.7,0.71
dev:adxD1 × dev:dayrange,3,sharpe,272.6,19.8,13.8,14/19,-12.5,0.74
dev:adxD1 × rank:hour,3,sharpe,210.1,24.1,8.7,13/19,-13.3,0.59
dev:adxD1 × rank:posH4,3,sharpe,254.7,22.6,11.3,13/19,-12.2,0.65
dev:adxD1 × dev:posH4,3,sharpe,234.1,18.9,12.4,12/19,-15.1,0.63
dev:adxD1 × rank:distD1,3,sharpe,239.1,23.5,10.2,14/19,-12.8,0.74
dev:adxD1 × dev:distD1,3,sharpe,221.9,20.1,11.0,14/19,-12.8,0.65
dev:adxD1 × rank:volume,3,sharpe,218.0,16.4,13.3,14/19,-11.8,0.65
dev:adxD1 × dev:volume,3,sharpe,223.3,20.2,11.1,14/19,-13.0,0.68
dev:adxD1 × rank:squeezeH1,3,sharpe,236.0,23.4,10.1,15/19,-13.2,0.62
dev:adxD1 × dev:squeezeH1,3,sharpe,242.8,21.9,11.1,14/19,-13.7,0.65
rank:effH1 × dev:effH1,3,sharpe,250.4,23.7,10.6,14/19,-10.0,0.7
rank:effH1 × rank:effH4,3,sharpe,235.6,23.1,10.2,12/19,-9.9,0.72
rank:effH1 × dev:effH4,3,sharpe,257.0,20.0,12.8,14/19,-13.1,0.69
rank:effH1 × rank:stackH4,3,sharpe,282.1,19.1,14.8,16/19,-9.2,0.81
rank:effH1 × rank:ribbonD1,3,sharpe,226.3,20.1,11.3,12/19,-12.4,0.67
rank:effH1 × dev:ribbonD1,3,sharpe,250.2,20.5,12.2,14/19,-9.1,0.67
rank:effH1 × rank:dayrange,3,sharpe,277.4,19.0,14.6,14/19,-11.3,0.75
rank:effH1 × dev:dayrange,3,sharpe,269.2,18.2,14.8,14/19,-10.6,0.78
rank:effH1 × rank:hour,3,sharpe,275.9,22.0,12.5,14/19,-12.2,0.69
rank:effH1 × rank:posH4,3,sharpe,255.3,20.9,12.2,13/19,-9.5,0.73
rank:effH1 × dev:posH4,3,sharpe,273.6,22.0,12.4,14/19,-12.5,0.74
rank:effH1 × rank:distD1,3,sharpe,241.9,18.3,13.2,14/19,-11.3,0.66
rank:effH1 × dev:distD1,3,sharpe,273.1,20.5,13.3,14/19,-10.2,0.71
rank:effH1 × rank:volume,3,sharpe,233.0,22.5,10.4,13/19,-10.6,0.66
rank:effH1 × dev:volume,3,sharpe,236.7,20.9,11.3,14/19,-9.6,0.72
rank:effH1 × rank:squeezeH1,3,sharpe,257.8,20.1,12.8,14/19,-12.3,0.66
rank:effH1 × dev:squeezeH1,3,sharpe,243.8,17.1,14.3,15/19,-10.4,0.75
dev:effH1 × rank:effH4,3,sharpe,197.3,28.0,7.0,13/19,-12.2,0.62
dev:effH1 × dev:effH4,3,sharpe,253.6,20.6,12.3,12/19,-9.2,0.7
dev:effH1 × rank:stackH4,3,sharpe,229.9,21.2,10.8,14/19,-11.1,0.66
dev:effH1 × rank:ribbonD1,3,sharpe,261.8,21.4,12.2,14/19,-11.7,0.7
dev:effH1 × dev:ribbonD1,3,sharpe,216.7,25.5,8.5,15/19,-11.6,0.67
dev:effH1 × rank:dayrange,3,sharpe,262.0,17.4,15.1,15/19,-11.5,0.67
dev:effH1 × dev:dayrange,3,sharpe,240.5,24.2,9.9,13/19,-10.5,0.66
dev:effH1 × rank:hour,3,sharpe,257.3,22.4,11.5,13/19,-10.6,0.7
dev:effH1 × rank:posH4,3,sharpe,239.1,24.9,9.6,14/19,-12.3,0.64
dev:effH1 × dev:posH4,3,sharpe,243.2,24.7,9.8,14/19,-12.3,0.69
dev:effH1 × rank:distD1,3,sharpe,211.7,19.3,11.0,14/19,-11.5,0.67
dev:effH1 × dev:distD1,3,sharpe,249.8,19.1,13.1,14/19,-12.6,0.67
dev:effH1 × rank:volume,3,sharpe,214.5,24.8,8.6,13/19,-9.6,0.63
dev:effH1 × dev:volume,3,sharpe,215.2,22.5,9.6,13/19,-10.3,0.63
dev:effH1 × rank:squeezeH1,3,sharpe,225.5,20.2,11.2,14/19,-12.8,0.63
dev:effH1 × dev:squeezeH1,3,sharpe,228.0,18.6,12.3,15/19,-10.9,0.68
rank:effH4 × dev:effH4,3,sharpe,276.7,20.3,13.6,14/19,-11.2,0.73
rank:effH4 × rank:stackH4,3,sharpe,242.8,22.4,10.8,13/19,-10.7,0.66
rank:effH4 × rank:ribbonD1,3,sharpe,272.5,19.3,14.1,15/19,-10.7,0.77
rank:effH4 × dev:ribbonD1,3,sharpe,244.5,27.1,9.0,14/19,-13.2,0.63
rank:effH4 × rank:dayrange,3,sharpe,240.6,19.4,12.4,15/19,-12.9,0.7
rank:effH4 × dev:dayrange,3,sharpe,229.0,21.1,10.9,14/19,-8.4,0.72
rank:effH4 × rank:hour,3,sharpe,250.5,20.5,12.2,14/19,-11.6,0.73
rank:effH4 × rank:posH4,3,sharpe,241.9,27.5,8.8,14/19,-13.3,0.66
rank:effH4 × dev:posH4,3,sharpe,247.1,22.1,11.2,13/19,-12.3,0.65
rank:effH4 × rank:distD1,3,sharpe,248.5,20.1,12.4,14/19,-11.1,0.71
rank:effH4 × dev:distD1,3,sharpe,229.7,22.5,10.2,14/19,-14.2,0.63
rank:effH4 × rank:volume,3,sharpe,242.2,20.8,11.6,14/19,-10.2,0.71
rank:effH4 × dev:volume,3,sharpe,225.3,20.1,11.2,12/19,-8.6,0.64
rank:effH4 × rank:squeezeH1,3,sharpe,240.3,24.2,9.9,13/19,-13.7,0.67
rank:effH4 × dev:squeezeH1,3,sharpe,254.1,18.8,13.5,15/19,-11.0,0.74
dev:effH4 × rank:stackH4,3,sharpe,243.0,24.6,9.9,14/19,-10.7,0.68
dev:effH4 × rank:ribbonD1,3,sharpe,270.9,19.7,13.8,15/19,-12.2,0.73
dev:effH4 × dev:ribbonD1,3,sharpe,231.5,18.9,12.2,13/19,-9.4,0.71
dev:effH4 × rank:dayrange,3,sharpe,260.8,17.0,15.3,15/19,-9.9,0.8
dev:effH4 × dev:dayrange,3,sharpe,266.3,18.9,14.1,15/19,-10.7,0.75
dev:effH4 × rank:hour,3,sharpe,247.8,18.2,13.6,15/19,-12.4,0.73
dev:effH4 × rank:posH4,3,sharpe,237.1,19.9,11.9,14/19,-10.3,0.65
dev:effH4 × dev:posH4,3,sharpe,215.9,22.7,9.5,14/19,-10.1,0.65
dev:effH4 × rank:distD1,3,sharpe,253.6,18.2,13.9,15/19,-10.6,0.7
dev:effH4 × dev:distD1,3,sharpe,218.9,24.5,8.9,13/19,-11.7,0.67
dev:effH4 × rank:volume,3,sharpe,242.9,18.1,13.4,15/19,-10.5,0.7
dev:effH4 × dev:volume,3,sharpe,230.8,30.6,7.5,13/19,-12.2,0.67
dev:effH4 × rank:squeezeH1,3,sharpe,252.9,24.6,10.3,13/19,-14.0,0.65
dev:effH4 × dev:squeezeH1,3,sharpe,231.4,18.2,12.7,14/19,-12.2,0.71
rank:stackH4 × rank:ribbonD1,3,sharpe,295.0,20.6,14.3,16/19,-13.2,0.8
rank:stackH4 × dev:ribbonD1,3,sharpe,220.3,23.8,9.3,13/19,-8.0,0.68
rank:stackH4 × rank:dayrange,3,sharpe,233.5,20.2,11.6,15/19,-11.9,0.66
rank:stackH4 × dev:dayrange,3,sharpe,270.2,17.7,15.3,14/19,-10.0,0.76
rank:stackH4 × rank:hour,3,sharpe,246.1,16.1,15.3,14/19,-11.8,0.73
rank:stackH4 × rank:posH4,3,sharpe,273.7,19.5,14.0,12/19,-9.4,0.67
rank:stackH4 × dev:posH4,3,sharpe,241.6,23.6,10.2,14/19,-12.0,0.69
rank:stackH4 × rank:distD1,3,sharpe,275.4,19.6,14.1,15/19,-12.3,0.79
rank:stackH4 × dev:distD1,3,sharpe,228.1,19.4,11.8,15/19,-11.8,0.71
rank:stackH4 × rank:volume,3,sharpe,225.9,21.3,10.6,14/19,-12.1,0.67
rank:stackH4 × dev:volume,3,sharpe,234.9,22.5,10.4,14/19,-11.6,0.69
rank:stackH4 × rank:squeezeH1,3,sharpe,230.6,20.6,11.2,13/19,-11.5,0.67
rank:stackH4 × dev:squeezeH1,3,sharpe,260.8,19.3,13.5,15/19,-10.5,0.75
rank:ribbonD1 × dev:ribbonD1,3,sharpe,264.3,19.1,13.8,13/19,-10.6,0.7
rank:ribbonD1 × rank:dayrange,3,sharpe,254.6,22.1,11.5,14/19,-12.1,0.69
rank:ribbonD1 × dev:dayrange,3,sharpe,272.7,26.2,10.4,15/19,-11.0,0.71
rank:ribbonD1 × rank:hour,3,sharpe,266.7,19.8,13.5,15/19,-11.9,0.75
rank:ribbonD1 × rank:posH4,3,sharpe,262.8,23.0,11.4,13/19,-10.2,0.7
rank:ribbonD1 × dev:posH4,3,sharpe,250.6,22.4,11.2,14/19,-13.6,0.68
rank:ribbonD1 × rank:distD1,3,sharpe,270.0,19.5,13.8,15/19,-12.1,0.75
rank:ribbonD1 × dev:distD1,3,sharpe,235.9,21.2,11.1,15/19,-11.8,0.66
rank:ribbonD1 × rank:volume,3,sharpe,272.2,18.1,15.0,14/19,-12.9,0.75
rank:ribbonD1 × dev:volume,3,sharpe,247.0,22.4,11.0,13/19,-10.4,0.67
rank:ribbonD1 × rank:squeezeH1,3,sharpe,264.0,21.9,12.1,15/19,-12.1,0.7
rank:ribbonD1 × dev:squeezeH1,3,sharpe,273.2,17.7,15.4,15/19,-12.5,0.77
dev:ribbonD1 × rank:dayrange,3,sharpe,238.4,17.1,13.9,15/19,-10.7,0.68
dev:ribbonD1 × dev:dayrange,3,sharpe,244.6,31.0,7.9,15/19,-10.6,0.79
dev:ribbonD1 × rank:hour,3,sharpe,235.3,23.3,10.1,13/19,-9.4,0.69
dev:ribbonD1 × rank:posH4,3,sharpe,244.0,22.6,10.8,12/19,-9.9,0.65
dev:ribbonD1 × dev:posH4,3,sharpe,221.3,24.3,9.1,13/19,-10.3,0.62
dev:ribbonD1 × rank:distD1,3,sharpe,255.2,19.3,13.2,15/19,-11.2,0.74
dev:ribbonD1 × dev:distD1,3,sharpe,238.1,22.5,10.6,14/19,-10.4,0.66
dev:ribbonD1 × rank:volume,3,sharpe,257.8,21.3,12.1,14/19,-11.2,0.69
dev:ribbonD1 × dev:volume,3,sharpe,240.6,22.9,10.5,14/19,-8.4,0.71
dev:ribbonD1 × rank:squeezeH1,3,sharpe,236.6,22.8,10.4,14/19,-10.6,0.69
dev:ribbonD1 × dev:squeezeH1,3,sharpe,244.7,23.6,10.4,13/19,-11.1,0.69
rank:dayrange × dev:dayrange,3,sharpe,272.1,17.5,15.5,15/19,-12.0,0.73
rank:dayrange × rank:hour,3,sharpe,265.0,21.7,12.2,15/19,-9.6,0.76
rank:dayrange × rank:posH4,3,sharpe,258.5,20.3,12.7,14/19,-14.0,0.72
rank:dayrange × dev:posH4,3,sharpe,244.1,21.6,11.3,14/19,-11.2,0.72
rank:dayrange × rank:distD1,3,sharpe,258.6,20.8,12.4,15/19,-10.6,0.75
rank:dayrange × dev:distD1,3,sharpe,243.9,18.4,13.3,15/19,-12.2,0.73
rank:dayrange × rank:volume,3,sharpe,277.5,16.7,16.6,15/19,-11.0,0.78
rank:dayrange × dev:volume,3,sharpe,247.4,20.6,12.0,13/19,-12.6,0.67
rank:dayrange × rank:squeezeH1,3,sharpe,247.7,17.3,14.3,15/19,-12.9,0.66
rank:dayrange × dev:squeezeH1,3,sharpe,253.8,16.8,15.1,14/19,-11.7,0.7
dev:dayrange × rank:hour,3,sharpe,274.2,16.3,16.8,15/19,-10.1,0.8
dev:dayrange × rank:posH4,3,sharpe,249.7,21.3,11.7,14/19,-10.2,0.69
dev:dayrange × dev:posH4,3,sharpe,237.2,21.8,10.9,13/19,-10.8,0.73
dev:dayrange × rank:distD1,3,sharpe,265.6,19.8,13.4,14/19,-10.9,0.74
dev:dayrange × dev:distD1,3,sharpe,252.2,21.4,11.8,13/19,-10.8,0.65
dev:dayrange × rank:volume,3,sharpe,266.3,15.1,17.6,15/19,-11.9,0.75
dev:dayrange × dev:volume,3,sharpe,252.2,24.2,10.4,14/19,-12.8,0.7
dev:dayrange × rank:squeezeH1,3,sharpe,275.9,23.2,11.9,14/19,-12.6,0.67
dev:dayrange × dev:squeezeH1,3,sharpe,267.0,16.3,16.4,15/19,-11.1,0.69
rank:hour × rank:posH4,3,sharpe,256.6,22.8,11.3,13/19,-9.4,0.72
rank:hour × dev:posH4,3,sharpe,252.1,24.9,10.1,14/19,-10.3,0.69
rank:hour × rank:distD1,3,sharpe,268.7,18.4,14.6,15/19,-10.5,0.72
rank:hour × dev:distD1,3,sharpe,261.6,20.7,12.6,15/19,-11.6,0.74
rank:hour × rank:volume,3,sharpe,227.8,21.0,10.8,13/19,-12.1,0.67
rank:hour × dev:volume,3,sharpe,245.2,19.8,12.4,15/19,-9.9,0.77
rank:hour × rank:squeezeH1,3,sharpe,258.2,19.2,13.4,14/19,-11.2,0.72
rank:hour × dev:squeezeH1,3,sharpe,258.9,25.2,10.3,14/19,-11.7,0.69
rank:posH4 × dev:posH4,3,sharpe,269.9,19.4,13.9,14/19,-12.7,0.72
rank:posH4 × rank:distD1,3,sharpe,248.2,26.6,9.3,12/19,-10.2,0.67
rank:posH4 × dev:distD1,3,sharpe,238.1,24.1,9.9,13/19,-11.4,0.65
rank:posH4 × rank:volume,3,sharpe,215.6,26.2,8.2,13/19,-10.1,0.63
rank:posH4 × dev:volume,3,sharpe,242.6,23.4,10.4,14/19,-12.8,0.63
rank:posH4 × rank:squeezeH1,3,sharpe,246.7,20.1,12.3,14/19,-13.3,0.68
rank:posH4 × dev:squeezeH1,3,sharpe,273.4,18.7,14.6,15/19,-12.0,0.69
dev:posH4 × rank:distD1,3,sharpe,255.2,23.4,10.9,13/19,-11.5,0.67
dev:posH4 × dev:distD1,3,sharpe,224.7,21.9,10.3,14/19,-12.0,0.64
dev:posH4 × rank:volume,3,sharpe,236.3,20.8,11.4,14/19,-9.8,0.68
dev:posH4 × dev:volume,3,sharpe,237.6,26.7,8.9,14/19,-12.1,0.66
dev:posH4 × rank:squeezeH1,3,sharpe,221.0,23.8,9.3,13/19,-15.0,0.63
dev:posH4 × dev:squeezeH1,3,sharpe,242.7,17.5,13.9,15/19,-13.0,0.66
rank:distD1 × dev:distD1,3,sharpe,285.1,19.8,14.4,15/19,-12.2,0.76
rank:distD1 × rank:volume,3,sharpe,248.3,19.8,12.5,14/19,-11.9,0.71
rank:distD1 × dev:volume,3,sharpe,250.6,19.8,12.7,14/19,-12.8,0.71
rank:distD1 × rank:squeezeH1,3,sharpe,258.4,18.4,14.0,15/19,-12.3,0.78
rank:distD1 × dev:squeezeH1,3,sharpe,241.1,18.4,13.1,13/19,-9.7,0.74
dev:distD1 × rank:volume,3,sharpe,239.2,21.3,11.2,14/19,-11.3,0.65
dev:distD1 × dev:volume,3,sharpe,223.2,21.6,10.3,13/19,-11.7,0.63
dev:distD1 × rank:squeezeH1,3,sharpe,246.1,21.4,11.5,14/19,-11.3,0.67
dev:distD1 × dev:squeezeH1,3,sharpe,253.2,17.9,14.1,15/19,-10.7,0.67
rank:volume × dev:volume,3,sharpe,229.7,24.1,9.5,14/19,-11.1,0.68
rank:volume × rank:squeezeH1,3,sharpe,260.7,16.8,15.5,15/19,-12.1,0.79
rank:volume × dev:squeezeH1,3,sharpe,239.5,18.2,13.2,15/19,-12.4,0.67
dev:volume × rank:squeezeH1,3,sharpe,227.1,30.2,7.5,13/19,-10.5,0.62
dev:volume × dev:squeezeH1,3,sharpe,242.1,20.2,12.0,14/19,-11.6,0.65
rank:squeezeH1 × dev:squeezeH1,3,sharpe,224.2,21.0,10.7,14/19,-12.8,0.63
