cfg,hl,score,sumR,DD,calmar,mpos,worst,sh
FIXED k70/3R/1.0/none/0.0/0,,,293.0,13.8,21.2,15/19,-9.8,0.83
FIXED k70/3R/1.0/1.5R/0.5/0.0/0,,,265.0,14.5,18.3,17/19,-11.1,0.9
FIXED k70/q85/1.0/1.5R/0.5/0.0/0,,,258.2,13.7,18.8,17/19,-13.2,0.92
FIXED k70/none/1.0/1.5R/0.5/1.5/0,,,242.7,14.2,17.1,17/19,-12.2,0.8
FIXED k70/5R/1.0/none/0.0/0,,,313.4,19.2,16.3,13/19,-12.8,0.76
FIXED k50/3R/1.0/1.5R/0.5/0.0/0,,,303.4,22.9,13.2,16/19,-13.7,0.84
none,all,mean,304.1,19.7,15.4,13/19,-11.8,0.74
rank:volH1,all,mean,283.1,19.4,14.6,14/19,-10.8,0.73
dev:volH1,all,mean,297.5,18.0,16.5,15/19,-11.8,0.74
rank:volH4,all,mean,283.2,19.6,14.4,13/19,-10.9,0.76
dev:volH4,all,mean,277.8,19.1,14.5,13/19,-12.8,0.71
rank:volD1,all,mean,298.9,20.0,14.9,14/19,-11.8,0.78
dev:volD1,all,mean,316.1,19.9,15.9,14/19,-11.8,0.88
rank:adxH1,all,mean,305.7,17.2,17.8,14/19,-10.4,0.74
dev:adxH1,all,mean,305.3,18.8,16.2,13/19,-11.8,0.74
rank:adxH4,all,mean,292.4,19.5,15.0,14/19,-12.4,0.79
dev:adxH4,all,mean,281.9,19.6,14.4,14/19,-10.0,0.75
rank:adxD1,all,mean,302.7,17.9,16.9,14/19,-12.1,0.78
dev:adxD1,all,mean,273.8,17.4,15.7,13/19,-11.8,0.71
rank:effH1,all,mean,281.4,18.9,14.9,14/19,-10.0,0.73
dev:effH1,all,mean,281.0,16.8,16.7,14/19,-12.8,0.74
rank:effH4,all,mean,303.4,20.1,15.1,14/19,-12.4,0.76
dev:effH4,all,mean,292.3,18.9,15.5,13/19,-11.3,0.75
rank:stackH4,all,mean,298.7,20.8,14.4,13/19,-11.8,0.7
rank:ribbonD1,all,mean,303.9,19.9,15.3,13/19,-12.8,0.75
dev:ribbonD1,all,mean,296.8,17.0,17.5,13/19,-12.8,0.79
rank:dayrange,all,mean,302.2,15.2,19.9,16/19,-11.8,0.81
dev:dayrange,all,mean,296.0,19.0,15.6,13/19,-11.8,0.73
rank:hour,all,mean,301.9,19.0,15.9,14/19,-12.8,0.74
rank:posH4,all,mean,311.7,19.7,15.8,13/19,-13.0,0.74
dev:posH4,all,mean,302.8,20.3,14.9,13/19,-11.8,0.71
rank:distD1,all,mean,291.2,19.7,14.8,13/19,-11.8,0.74
dev:distD1,all,mean,287.2,19.7,14.6,13/19,-12.9,0.69
rank:volume,all,mean,294.6,19.4,15.2,13/19,-11.8,0.69
dev:volume,all,mean,296.8,19.2,15.5,13/19,-11.8,0.73
rank:squeezeH1,all,mean,298.3,13.7,21.8,13/19,-11.8,0.79
dev:squeezeH1,all,mean,291.4,17.7,16.5,14/19,-11.8,0.75
rank:volH1 × dev:volH1,all,mean,292.8,17.4,16.8,16/19,-10.8,0.76
rank:volH1 × rank:volH4,all,mean,299.1,19.8,15.1,14/19,-11.9,0.79
rank:volH1 × dev:volH4,all,mean,290.6,17.2,16.9,14/19,-11.8,0.75
rank:volH1 × rank:volD1,all,mean,288.7,20.4,14.2,15/19,-11.0,0.8
rank:volH1 × dev:volD1,all,mean,295.4,20.4,14.5,15/19,-8.7,0.75
rank:volH1 × rank:adxH1,all,mean,315.1,19.1,16.5,15/19,-11.8,0.8
rank:volH1 × dev:adxH1,all,mean,319.9,15.9,20.1,15/19,-12.8,0.83
rank:volH1 × rank:adxH4,all,mean,307.2,19.0,16.2,15/19,-12.0,0.8
rank:volH1 × dev:adxH4,all,mean,290.4,17.2,16.9,14/19,-9.9,0.77
rank:volH1 × rank:adxD1,all,mean,292.5,17.5,16.7,15/19,-10.3,0.83
rank:volH1 × dev:adxD1,all,mean,283.2,20.8,13.6,13/19,-9.3,0.72
rank:volH1 × rank:effH1,all,mean,257.8,18.5,13.9,13/19,-9.3,0.75
rank:volH1 × dev:effH1,all,mean,285.5,19.0,15.0,15/19,-11.3,0.79
rank:volH1 × rank:effH4,all,mean,275.5,17.8,15.5,15/19,-10.9,0.7
rank:volH1 × dev:effH4,all,mean,274.9,19.2,14.3,13/19,-8.9,0.75
rank:volH1 × rank:stackH4,all,mean,272.3,19.0,14.3,15/19,-9.8,0.72
rank:volH1 × rank:ribbonD1,all,mean,255.0,22.4,11.4,12/19,-9.3,0.7
rank:volH1 × dev:ribbonD1,all,mean,311.4,18.4,16.9,16/19,-12.8,0.83
rank:volH1 × rank:dayrange,all,mean,271.3,20.3,13.4,13/19,-10.3,0.74
rank:volH1 × dev:dayrange,all,mean,285.3,18.7,15.3,15/19,-11.8,0.76
rank:volH1 × rank:hour,all,mean,286.2,18.5,15.5,15/19,-12.8,0.73
rank:volH1 × rank:posH4,all,mean,300.6,19.4,15.5,16/19,-10.4,0.83
rank:volH1 × dev:posH4,all,mean,289.8,17.8,16.3,14/19,-10.8,0.72
rank:volH1 × rank:distD1,all,mean,275.2,20.4,13.5,14/19,-12.8,0.73
rank:volH1 × dev:distD1,all,mean,258.0,17.6,14.7,13/19,-11.7,0.68
rank:volH1 × rank:volume,all,mean,300.4,15.9,18.9,14/19,-11.9,0.75
rank:volH1 × dev:volume,all,mean,288.0,18.9,15.2,14/19,-8.0,0.79
rank:volH1 × rank:squeezeH1,all,mean,301.0,16.1,18.7,15/19,-11.8,0.85
rank:volH1 × dev:squeezeH1,all,mean,280.0,18.1,15.5,14/19,-11.8,0.73
dev:volH1 × rank:volH4,all,mean,288.1,19.8,14.6,15/19,-11.9,0.79
dev:volH1 × dev:volH4,all,mean,297.9,16.2,18.4,15/19,-13.4,0.84
dev:volH1 × rank:volD1,all,mean,304.4,20.0,15.2,14/19,-11.8,0.75
dev:volH1 × dev:volD1,all,mean,320.7,19.9,16.1,16/19,-9.9,0.83
dev:volH1 × rank:adxH1,all,mean,348.9,16.2,21.5,16/19,-11.8,0.84
dev:volH1 × dev:adxH1,all,mean,307.4,15.7,19.6,16/19,-11.8,0.83
dev:volH1 × rank:adxH4,all,mean,297.2,17.7,16.8,15/19,-12.4,0.77
dev:volH1 × dev:adxH4,all,mean,309.1,17.2,18.0,16/19,-10.0,0.8
dev:volH1 × rank:adxD1,all,mean,284.4,18.3,15.5,17/19,-10.3,0.77
dev:volH1 × dev:adxD1,all,mean,288.5,17.6,16.4,14/19,-10.3,0.74
dev:volH1 × rank:effH1,all,mean,285.1,17.7,16.1,15/19,-10.0,0.82
dev:volH1 × dev:effH1,all,mean,307.0,16.9,18.2,16/19,-11.8,0.82
dev:volH1 × rank:effH4,all,mean,304.7,18.0,16.9,15/19,-11.8,0.75
dev:volH1 × dev:effH4,all,mean,288.9,17.4,16.6,14/19,-10.8,0.74
dev:volH1 × rank:stackH4,all,mean,304.5,17.4,17.5,16/19,-11.8,0.77
dev:volH1 × rank:ribbonD1,all,mean,279.0,19.8,14.1,13/19,-10.3,0.71
dev:volH1 × dev:ribbonD1,all,mean,301.4,17.2,17.5,15/19,-12.8,0.81
dev:volH1 × rank:dayrange,all,mean,301.3,19.3,15.6,15/19,-10.8,0.82
dev:volH1 × dev:dayrange,all,mean,300.7,19.0,15.8,15/19,-11.8,0.85
dev:volH1 × rank:hour,all,mean,311.0,16.3,19.1,16/19,-12.8,0.81
dev:volH1 × rank:posH4,all,mean,305.6,19.7,15.5,16/19,-12.8,0.81
dev:volH1 × dev:posH4,all,mean,317.5,18.0,17.6,16/19,-11.8,0.8
dev:volH1 × rank:distD1,all,mean,313.1,20.0,15.7,14/19,-12.8,0.79
dev:volH1 × dev:distD1,all,mean,307.2,19.3,15.9,14/19,-10.3,0.74
dev:volH1 × rank:volume,all,mean,276.0,18.9,14.6,14/19,-10.3,0.75
dev:volH1 × dev:volume,all,mean,319.3,17.7,18.0,16/19,-10.9,0.81
dev:volH1 × rank:squeezeH1,all,mean,301.6,17.9,16.8,15/19,-11.8,0.87
dev:volH1 × dev:squeezeH1,all,mean,307.1,15.8,19.4,15/19,-11.8,0.83
rank:volH4 × dev:volH4,all,mean,295.0,18.9,15.6,13/19,-11.9,0.75
rank:volH4 × rank:volD1,all,mean,285.7,17.4,16.4,15/19,-12.8,0.85
rank:volH4 × dev:volD1,all,mean,299.3,18.7,16.0,13/19,-10.9,0.86
rank:volH4 × rank:adxH1,all,mean,312.6,18.4,17.0,14/19,-11.4,0.75
rank:volH4 × dev:adxH1,all,mean,293.7,17.2,17.1,13/19,-10.9,0.76
rank:volH4 × rank:adxH4,all,mean,282.6,19.7,14.3,13/19,-11.6,0.75
rank:volH4 × dev:adxH4,all,mean,287.3,19.8,14.5,13/19,-10.4,0.75
rank:volH4 × rank:adxD1,all,mean,283.4,20.2,14.0,13/19,-9.8,0.75
rank:volH4 × dev:adxD1,all,mean,277.4,20.4,13.6,13/19,-13.3,0.72
rank:volH4 × rank:effH1,all,mean,305.5,16.0,19.1,14/19,-9.9,0.76
rank:volH4 × dev:effH1,all,mean,293.4,16.9,17.4,13/19,-13.3,0.77
rank:volH4 × rank:effH4,all,mean,293.4,19.2,15.3,13/19,-10.9,0.76
rank:volH4 × dev:effH4,all,mean,279.3,18.8,14.9,13/19,-11.4,0.75
rank:volH4 × rank:stackH4,all,mean,282.4,19.6,14.4,13/19,-10.9,0.76
rank:volH4 × rank:ribbonD1,all,mean,299.7,19.9,15.1,13/19,-11.9,0.81
rank:volH4 × dev:ribbonD1,all,mean,281.3,18.6,15.1,13/19,-11.2,0.79
rank:volH4 × rank:dayrange,all,mean,290.0,16.3,17.8,14/19,-11.5,0.8
rank:volH4 × dev:dayrange,all,mean,302.0,17.1,17.7,13/19,-11.4,0.78
rank:volH4 × rank:hour,all,mean,296.1,19.8,15.0,13/19,-11.8,0.73
rank:volH4 × rank:posH4,all,mean,320.5,16.3,19.7,14/19,-11.4,0.8
rank:volH4 × dev:posH4,all,mean,304.6,19.8,15.4,14/19,-11.7,0.76
rank:volH4 × rank:distD1,all,mean,308.8,19.9,15.5,13/19,-10.9,0.78
rank:volH4 × dev:distD1,all,mean,271.0,19.2,14.1,13/19,-11.4,0.72
rank:volH4 × rank:volume,all,mean,297.4,17.3,17.2,13/19,-12.4,0.78
rank:volH4 × dev:volume,all,mean,275.5,18.1,15.2,13/19,-10.4,0.77
rank:volH4 × rank:squeezeH1,all,mean,293.1,17.0,17.2,15/19,-13.3,0.79
rank:volH4 × dev:squeezeH1,all,mean,284.2,17.7,16.1,14/19,-12.8,0.74
dev:volH4 × rank:volD1,all,mean,280.7,20.9,13.4,14/19,-13.3,0.73
dev:volH4 × dev:volD1,all,mean,312.1,20.8,15.0,15/19,-11.3,0.84
dev:volH4 × rank:adxH1,all,mean,317.9,17.0,18.7,13/19,-10.4,0.78
dev:volH4 × dev:adxH1,all,mean,289.4,14.5,20.0,14/19,-11.8,0.77
dev:volH4 × rank:adxH4,all,mean,298.7,17.9,16.7,14/19,-13.3,0.8
dev:volH4 × dev:adxH4,all,mean,280.2,18.4,15.2,15/19,-11.0,0.75
dev:volH4 × rank:adxD1,all,mean,280.0,20.8,13.5,15/19,-11.8,0.75
dev:volH4 × dev:adxD1,all,mean,289.6,20.5,14.1,13/19,-11.8,0.71
dev:volH4 × rank:effH1,all,mean,279.8,16.2,17.3,14/19,-13.0,0.77
dev:volH4 × dev:effH1,all,mean,292.5,19.7,14.8,15/19,-13.8,0.74
dev:volH4 × rank:effH4,all,mean,277.6,20.4,13.6,13/19,-12.3,0.74
dev:volH4 × dev:effH4,all,mean,277.4,18.6,14.9,13/19,-11.3,0.77
dev:volH4 × rank:stackH4,all,mean,282.2,19.1,14.8,13/19,-12.8,0.74
dev:volH4 × rank:ribbonD1,all,mean,305.5,18.6,16.4,14/19,-12.8,0.8
dev:volH4 × dev:ribbonD1,all,mean,302.4,18.5,16.3,14/19,-12.8,0.76
dev:volH4 × rank:dayrange,all,mean,290.2,18.8,15.4,14/19,-13.4,0.74
dev:volH4 × dev:dayrange,all,mean,288.4,18.4,15.7,14/19,-11.8,0.79
dev:volH4 × rank:hour,all,mean,295.6,18.7,15.8,14/19,-12.2,0.74
dev:volH4 × rank:posH4,all,mean,299.4,17.7,16.9,13/19,-10.9,0.73
dev:volH4 × dev:posH4,all,mean,265.8,21.0,12.7,13/19,-12.8,0.69
dev:volH4 × rank:distD1,all,mean,301.6,19.1,15.8,13/19,-12.8,0.77
dev:volH4 × dev:distD1,all,mean,276.2,16.8,16.4,13/19,-13.3,0.76
dev:volH4 × rank:volume,all,mean,282.2,18.3,15.4,14/19,-10.8,0.78
dev:volH4 × dev:volume,all,mean,274.7,19.4,14.2,13/19,-12.8,0.75
dev:volH4 × rank:squeezeH1,all,mean,277.0,19.8,14.0,15/19,-13.8,0.74
dev:volH4 × dev:squeezeH1,all,mean,283.1,20.5,13.8,14/19,-13.9,0.76
rank:volD1 × dev:volD1,all,mean,288.4,19.9,14.5,15/19,-12.5,0.78
rank:volD1 × rank:adxH1,all,mean,306.5,20.5,15.0,15/19,-9.5,0.81
rank:volD1 × dev:adxH1,all,mean,316.7,17.9,17.7,14/19,-10.8,0.82
rank:volD1 × rank:adxH4,all,mean,307.2,20.0,15.4,16/19,-12.8,0.83
rank:volD1 × dev:adxH4,all,mean,269.1,17.6,15.3,14/19,-11.4,0.71
rank:volD1 × rank:adxD1,all,mean,301.7,20.0,15.1,14/19,-13.8,0.75
rank:volD1 × dev:adxD1,all,mean,294.0,20.0,14.7,13/19,-12.8,0.75
rank:volD1 × rank:effH1,all,mean,276.5,18.6,14.9,13/19,-9.3,0.71
rank:volD1 × dev:effH1,all,mean,278.5,20.2,13.8,14/19,-12.8,0.74
rank:volD1 × rank:effH4,all,mean,299.4,20.0,15.0,14/19,-11.4,0.77
rank:volD1 × dev:effH4,all,mean,281.9,18.1,15.6,14/19,-11.4,0.76
rank:volD1 × rank:stackH4,all,mean,296.5,19.9,14.9,14/19,-11.8,0.77
rank:volD1 × rank:ribbonD1,all,mean,291.0,16.4,17.7,13/19,-11.7,0.8
rank:volD1 × dev:ribbonD1,all,mean,287.5,17.5,16.4,13/19,-10.2,0.77
rank:volD1 × rank:dayrange,all,mean,295.1,20.8,14.2,14/19,-11.3,0.73
rank:volD1 × dev:dayrange,all,mean,293.3,19.9,14.7,14/19,-12.2,0.76
rank:volD1 × rank:hour,all,mean,302.4,18.5,16.3,14/19,-13.8,0.77
rank:volD1 × rank:posH4,all,mean,290.8,19.6,14.8,14/19,-10.4,0.75
rank:volD1 × dev:posH4,all,mean,291.7,20.5,14.2,13/19,-12.8,0.72
rank:volD1 × rank:distD1,all,mean,295.7,19.0,15.6,13/19,-13.8,0.74
rank:volD1 × dev:distD1,all,mean,294.6,17.6,16.7,14/19,-13.8,0.78
rank:volD1 × rank:volume,all,mean,280.7,20.7,13.6,14/19,-11.3,0.71
rank:volD1 × dev:volume,all,mean,295.3,20.5,14.4,15/19,-12.3,0.76
rank:volD1 × rank:squeezeH1,all,mean,288.9,20.0,14.4,15/19,-12.8,0.82
rank:volD1 × dev:squeezeH1,all,mean,294.9,16.0,18.4,14/19,-11.8,0.81
dev:volD1 × rank:adxH1,all,mean,315.2,18.5,17.0,15/19,-10.9,0.86
dev:volD1 × dev:adxH1,all,mean,312.3,17.9,17.4,14/19,-11.0,0.85
dev:volD1 × rank:adxH4,all,mean,297.9,19.6,15.2,13/19,-9.5,0.77
dev:volD1 × dev:adxH4,all,mean,301.9,17.6,17.2,14/19,-9.5,0.81
dev:volD1 × rank:adxD1,all,mean,302.6,20.0,15.1,14/19,-13.1,0.84
dev:volD1 × dev:adxD1,all,mean,291.2,20.0,14.6,13/19,-11.4,0.78
dev:volD1 × rank:effH1,all,mean,291.0,19.9,14.6,15/19,-9.4,0.81
dev:volD1 × dev:effH1,all,mean,305.4,20.0,15.3,15/19,-11.2,0.79
dev:volD1 × rank:effH4,all,mean,296.8,20.0,14.8,15/19,-11.4,0.8
dev:volD1 × dev:effH4,all,mean,296.4,17.9,16.6,14/19,-10.4,0.82
dev:volD1 × rank:stackH4,all,mean,307.6,19.9,15.5,14/19,-11.8,0.85
dev:volD1 × rank:ribbonD1,all,mean,311.6,17.8,17.5,13/19,-10.3,0.81
dev:volD1 × dev:ribbonD1,all,mean,289.1,17.9,16.2,14/19,-10.3,0.8
dev:volD1 × rank:dayrange,all,mean,301.3,20.8,14.5,15/19,-10.6,0.8
dev:volD1 × dev:dayrange,all,mean,315.6,18.4,17.2,15/19,-10.4,0.81
dev:volD1 × rank:hour,all,mean,316.1,18.5,17.1,15/19,-11.2,0.85
dev:volD1 × rank:posH4,all,mean,303.3,19.6,15.5,14/19,-11.4,0.82
dev:volD1 × dev:posH4,all,mean,309.8,20.5,15.1,15/19,-10.3,0.79
dev:volD1 × rank:distD1,all,mean,304.9,17.7,17.2,14/19,-10.3,0.79
dev:volD1 × dev:distD1,all,mean,300.6,17.9,16.8,13/19,-10.8,0.8
dev:volD1 × rank:volume,all,mean,280.5,20.7,13.6,13/19,-12.0,0.75
dev:volD1 × dev:volume,all,mean,307.3,19.4,15.8,15/19,-10.5,0.81
dev:volD1 × rank:squeezeH1,all,mean,298.8,17.8,16.8,14/19,-11.3,0.88
dev:volD1 × dev:squeezeH1,all,mean,324.9,16.0,20.3,14/19,-11.8,0.86
rank:adxH1 × dev:adxH1,all,mean,301.8,15.4,19.6,13/19,-10.4,0.77
rank:adxH1 × rank:adxH4,all,mean,281.5,20.3,13.9,14/19,-13.0,0.72
rank:adxH1 × dev:adxH4,all,mean,295.3,20.1,14.7,13/19,-11.9,0.73
rank:adxH1 × rank:adxD1,all,mean,298.4,17.2,17.3,15/19,-12.9,0.77
rank:adxH1 × dev:adxD1,all,mean,328.5,18.5,17.8,14/19,-11.4,0.8
rank:adxH1 × rank:effH1,all,mean,280.9,16.9,16.6,15/19,-8.7,0.76
rank:adxH1 × dev:effH1,all,mean,295.2,15.5,19.0,14/19,-10.4,0.78
rank:adxH1 × rank:effH4,all,mean,306.8,17.2,17.8,15/19,-11.6,0.76
rank:adxH1 × dev:effH4,all,mean,304.9,17.2,17.7,13/19,-10.6,0.76
rank:adxH1 × rank:stackH4,all,mean,316.1,17.2,18.4,15/19,-10.4,0.76
rank:adxH1 × rank:ribbonD1,all,mean,290.9,16.1,18.1,14/19,-12.8,0.75
rank:adxH1 × dev:ribbonD1,all,mean,302.0,18.3,16.5,15/19,-11.2,0.76
rank:adxH1 × rank:dayrange,all,mean,308.1,17.0,18.1,16/19,-13.1,0.76
rank:adxH1 × dev:dayrange,all,mean,293.8,19.0,15.5,14/19,-10.4,0.75
rank:adxH1 × rank:hour,all,mean,335.3,19.7,17.0,13/19,-12.4,0.78
rank:adxH1 × rank:posH4,all,mean,302.4,16.2,18.7,14/19,-9.8,0.75
rank:adxH1 × dev:posH4,all,mean,297.1,16.6,17.9,14/19,-10.4,0.75
rank:adxH1 × rank:distD1,all,mean,286.6,20.5,14.0,13/19,-11.4,0.73
rank:adxH1 × dev:distD1,all,mean,309.8,20.0,15.5,14/19,-11.9,0.76
rank:adxH1 × rank:volume,all,mean,292.7,14.9,19.6,14/19,-8.5,0.73
rank:adxH1 × dev:volume,all,mean,311.0,15.2,20.5,14/19,-11.8,0.72
rank:adxH1 × rank:squeezeH1,all,mean,307.5,14.5,21.2,16/19,-12.9,0.82
rank:adxH1 × dev:squeezeH1,all,mean,300.8,18.3,16.4,14/19,-12.8,0.73
dev:adxH1 × rank:adxH4,all,mean,290.1,15.7,18.5,15/19,-12.4,0.82
dev:adxH1 × dev:adxH4,all,mean,291.9,14.1,20.7,14/19,-11.4,0.8
dev:adxH1 × rank:adxD1,all,mean,302.9,15.6,19.4,14/19,-12.1,0.83
dev:adxH1 × dev:adxD1,all,mean,291.8,16.7,17.5,13/19,-12.8,0.77
dev:adxH1 × rank:effH1,all,mean,289.6,18.9,15.3,14/19,-11.5,0.72
dev:adxH1 × dev:effH1,all,mean,291.9,14.1,20.7,13/19,-10.9,0.74
dev:adxH1 × rank:effH4,all,mean,310.1,17.4,17.8,14/19,-12.8,0.73
dev:adxH1 × dev:effH4,all,mean,292.9,17.4,16.8,14/19,-12.8,0.77
dev:adxH1 × rank:stackH4,all,mean,299.8,18.8,15.9,13/19,-11.8,0.73
dev:adxH1 × rank:ribbonD1,all,mean,289.6,15.5,18.7,15/19,-12.8,0.82
dev:adxH1 × dev:ribbonD1,all,mean,291.5,17.4,16.8,14/19,-12.8,0.79
dev:adxH1 × rank:dayrange,all,mean,298.2,15.2,19.6,14/19,-13.8,0.78
dev:adxH1 × dev:dayrange,all,mean,284.1,17.4,16.3,13/19,-11.8,0.75
dev:adxH1 × rank:hour,all,mean,319.0,16.9,18.9,14/19,-12.8,0.79
dev:adxH1 × rank:posH4,all,mean,300.3,16.3,18.4,13/19,-12.4,0.77
dev:adxH1 × dev:posH4,all,mean,303.1,19.4,15.6,14/19,-11.8,0.75
dev:adxH1 × rank:distD1,all,mean,306.1,19.3,15.9,14/19,-12.8,0.78
dev:adxH1 × dev:distD1,all,mean,296.3,15.5,19.1,14/19,-13.8,0.77
dev:adxH1 × rank:volume,all,mean,290.2,16.6,17.5,13/19,-10.3,0.71
dev:adxH1 × dev:volume,all,mean,298.8,15.9,18.8,13/19,-10.9,0.76
dev:adxH1 × rank:squeezeH1,all,mean,285.9,14.5,19.7,14/19,-11.8,0.78
dev:adxH1 × dev:squeezeH1,all,mean,284.9,17.4,16.4,13/19,-11.8,0.73
rank:adxH4 × dev:adxH4,all,mean,275.8,17.2,16.0,14/19,-10.0,0.74
rank:adxH4 × rank:adxD1,all,mean,288.3,16.0,18.0,14/19,-13.4,0.79
rank:adxH4 × dev:adxD1,all,mean,294.2,18.3,16.1,14/19,-13.8,0.78
rank:adxH4 × rank:effH1,all,mean,267.1,17.9,14.9,13/19,-11.0,0.74
rank:adxH4 × dev:effH1,all,mean,289.1,19.9,14.5,13/19,-10.4,0.76
rank:adxH4 × rank:effH4,all,mean,303.5,18.2,16.7,14/19,-11.4,0.81
rank:adxH4 × dev:effH4,all,mean,281.0,18.0,15.6,14/19,-11.8,0.83
rank:adxH4 × rank:stackH4,all,mean,293.0,19.5,15.0,14/19,-12.4,0.78
rank:adxH4 × rank:ribbonD1,all,mean,280.8,19.9,14.1,14/19,-12.8,0.75
rank:adxH4 × dev:ribbonD1,all,mean,297.3,18.8,15.8,14/19,-13.4,0.79
rank:adxH4 × rank:dayrange,all,mean,278.6,19.0,14.7,13/19,-12.4,0.78
rank:adxH4 × dev:dayrange,all,mean,293.4,19.2,15.3,14/19,-12.8,0.78
rank:adxH4 × rank:hour,all,mean,295.2,20.0,14.8,15/19,-12.4,0.81
rank:adxH4 × rank:posH4,all,mean,291.0,19.7,14.8,13/19,-9.5,0.78
rank:adxH4 × dev:posH4,all,mean,295.2,19.0,15.5,13/19,-11.4,0.77
rank:adxH4 × rank:distD1,all,mean,296.5,20.0,14.8,13/19,-11.4,0.79
rank:adxH4 × dev:distD1,all,mean,307.2,16.7,18.4,14/19,-12.8,0.78
rank:adxH4 × rank:volume,all,mean,275.8,20.8,13.3,13/19,-11.4,0.7
rank:adxH4 × dev:volume,all,mean,282.3,18.4,15.3,13/19,-12.4,0.74
rank:adxH4 × rank:squeezeH1,all,mean,308.7,16.9,18.3,13/19,-13.4,0.84
rank:adxH4 × dev:squeezeH1,all,mean,306.1,19.0,16.1,13/19,-12.8,0.76
dev:adxH4 × rank:adxD1,all,mean,283.7,19.6,14.5,13/19,-11.3,0.76
dev:adxH4 × dev:adxD1,all,mean,292.3,20.1,14.5,14/19,-11.0,0.76
dev:adxH4 × rank:effH1,all,mean,274.7,16.5,16.6,15/19,-12.0,0.8
dev:adxH4 × dev:effH1,all,mean,298.3,16.3,18.3,14/19,-10.0,0.79
dev:adxH4 × rank:effH4,all,mean,310.4,19.1,16.3,15/19,-10.4,0.79
dev:adxH4 × dev:effH4,all,mean,307.9,19.1,16.1,13/19,-11.4,0.77
dev:adxH4 × rank:stackH4,all,mean,281.9,19.6,14.4,14/19,-10.0,0.75
dev:adxH4 × rank:ribbonD1,all,mean,283.4,19.3,14.7,13/19,-12.5,0.72
dev:adxH4 × dev:ribbonD1,all,mean,274.2,20.2,13.6,13/19,-10.4,0.73
dev:adxH4 × rank:dayrange,all,mean,273.5,19.4,14.1,14/19,-12.4,0.73
dev:adxH4 × dev:dayrange,all,mean,295.1,17.0,17.4,14/19,-10.4,0.79
dev:adxH4 × rank:hour,all,mean,304.0,18.8,16.2,14/19,-12.0,0.74
dev:adxH4 × rank:posH4,all,mean,294.9,21.3,13.8,13/19,-13.0,0.7
dev:adxH4 × dev:posH4,all,mean,293.9,18.1,16.2,13/19,-9.4,0.75
dev:adxH4 × rank:distD1,all,mean,285.3,19.4,14.7,14/19,-10.4,0.76
dev:adxH4 × dev:distD1,all,mean,302.5,19.6,15.4,14/19,-11.5,0.76
dev:adxH4 × rank:volume,all,mean,295.1,20.3,14.5,14/19,-11.0,0.75
dev:adxH4 × dev:volume,all,mean,290.5,19.9,14.6,15/19,-11.0,0.74
dev:adxH4 × rank:squeezeH1,all,mean,296.9,20.3,14.6,13/19,-13.3,0.77
dev:adxH4 × dev:squeezeH1,all,mean,281.9,19.8,14.2,14/19,-12.8,0.74
rank:adxD1 × dev:adxD1,all,mean,269.9,19.4,13.9,14/19,-12.9,0.74
rank:adxD1 × rank:effH1,all,mean,302.0,16.5,18.3,14/19,-9.0,0.77
rank:adxD1 × dev:effH1,all,mean,316.7,17.6,18.0,14/19,-12.3,0.8
rank:adxD1 × rank:effH4,all,mean,306.3,15.8,19.4,14/19,-11.7,0.83
rank:adxD1 × dev:effH4,all,mean,293.3,18.6,15.8,13/19,-12.1,0.78
rank:adxD1 × rank:stackH4,all,mean,304.9,17.9,17.0,15/19,-12.1,0.8
rank:adxD1 × rank:ribbonD1,all,mean,282.2,20.7,13.6,14/19,-13.4,0.77
rank:adxD1 × dev:ribbonD1,all,mean,297.2,16.3,18.2,15/19,-11.6,0.86
rank:adxD1 × rank:dayrange,all,mean,279.7,17.7,15.8,14/19,-12.9,0.82
rank:adxD1 × dev:dayrange,all,mean,301.0,18.9,15.9,14/19,-12.7,0.81
rank:adxD1 × rank:hour,all,mean,290.6,20.3,14.3,14/19,-11.8,0.76
rank:adxD1 × rank:posH4,all,mean,302.1,17.8,17.0,13/19,-11.6,0.8
rank:adxD1 × dev:posH4,all,mean,301.0,19.0,15.8,13/19,-12.1,0.78
rank:adxD1 × rank:distD1,all,mean,307.5,15.8,19.5,14/19,-12.8,0.77
rank:adxD1 × dev:distD1,all,mean,278.6,15.9,17.5,14/19,-12.3,0.75
rank:adxD1 × rank:volume,all,mean,280.1,17.0,16.5,13/19,-11.8,0.75
rank:adxD1 × dev:volume,all,mean,306.8,16.4,18.7,15/19,-12.8,0.83
rank:adxD1 × rank:squeezeH1,all,mean,298.3,16.4,18.2,14/19,-12.4,0.83
rank:adxD1 × dev:squeezeH1,all,mean,290.3,18.7,15.5,14/19,-11.8,0.79
dev:adxD1 × rank:effH1,all,mean,294.2,18.4,16.0,13/19,-11.3,0.71
dev:adxD1 × dev:effH1,all,mean,288.5,16.6,17.4,14/19,-10.3,0.78
dev:adxD1 × rank:effH4,all,mean,312.5,19.4,16.1,15/19,-12.3,0.78
dev:adxD1 × dev:effH4,all,mean,295.9,16.4,18.0,13/19,-12.3,0.78
dev:adxD1 × rank:stackH4,all,mean,286.7,17.4,16.5,13/19,-11.8,0.72
dev:adxD1 × rank:ribbonD1,all,mean,271.4,19.3,14.1,13/19,-14.4,0.74
dev:adxD1 × dev:ribbonD1,all,mean,282.7,17.1,16.5,13/19,-11.8,0.79
dev:adxD1 × rank:dayrange,all,mean,296.0,18.1,16.4,15/19,-12.1,0.78
dev:adxD1 × dev:dayrange,all,mean,294.0,18.0,16.3,14/19,-12.8,0.73
dev:adxD1 × rank:hour,all,mean,283.7,20.4,13.9,13/19,-12.8,0.7
dev:adxD1 × rank:posH4,all,mean,310.7,16.6,18.7,14/19,-10.4,0.75
dev:adxD1 × dev:posH4,all,mean,253.2,19.4,13.1,12/19,-10.3,0.7
dev:adxD1 × rank:distD1,all,mean,311.0,18.7,16.6,13/19,-13.9,0.77
dev:adxD1 × dev:distD1,all,mean,273.6,19.9,13.7,13/19,-13.9,0.73
dev:adxD1 × rank:volume,all,mean,271.7,18.9,14.4,13/19,-13.3,0.69
dev:adxD1 × dev:volume,all,mean,289.1,19.5,14.8,13/19,-11.8,0.72
dev:adxD1 × rank:squeezeH1,all,mean,271.9,16.0,17.0,14/19,-12.9,0.76
dev:adxD1 × dev:squeezeH1,all,mean,279.9,18.0,15.6,14/19,-10.3,0.73
rank:effH1 × dev:effH1,all,mean,273.4,17.7,15.4,13/19,-10.0,0.71
rank:effH1 × rank:effH4,all,mean,266.9,16.9,15.8,13/19,-11.4,0.75
rank:effH1 × dev:effH4,all,mean,270.8,16.5,16.4,13/19,-11.0,0.75
rank:effH1 × rank:stackH4,all,mean,282.1,18.9,14.9,14/19,-10.0,0.73
rank:effH1 × rank:ribbonD1,all,mean,302.3,18.4,16.4,14/19,-11.2,0.82
rank:effH1 × dev:ribbonD1,all,mean,302.3,17.8,17.0,14/19,-11.5,0.83
rank:effH1 × rank:dayrange,all,mean,270.6,16.5,16.4,14/19,-13.8,0.71
rank:effH1 × dev:dayrange,all,mean,289.3,18.0,16.1,13/19,-9.0,0.72
rank:effH1 × rank:hour,all,mean,306.4,21.7,14.1,13/19,-11.3,0.7
rank:effH1 × rank:posH4,all,mean,294.8,18.3,16.1,13/19,-11.5,0.77
rank:effH1 × dev:posH4,all,mean,292.1,18.9,15.5,14/19,-11.3,0.76
rank:effH1 × rank:distD1,all,mean,271.2,19.2,14.1,13/19,-12.8,0.72
rank:effH1 × dev:distD1,all,mean,279.5,18.9,14.8,13/19,-12.3,0.69
rank:effH1 × rank:volume,all,mean,293.4,18.9,15.5,14/19,-10.4,0.7
rank:effH1 × dev:volume,all,mean,292.2,17.9,16.3,14/19,-10.5,0.75
rank:effH1 × rank:squeezeH1,all,mean,280.8,15.1,18.6,14/19,-12.4,0.74
rank:effH1 × dev:squeezeH1,all,mean,274.3,17.3,15.9,14/19,-10.0,0.72
dev:effH1 × rank:effH4,all,mean,274.2,16.6,16.5,13/19,-11.8,0.75
dev:effH1 × dev:effH4,all,mean,295.7,15.5,19.1,14/19,-11.4,0.78
dev:effH1 × rank:stackH4,all,mean,277.6,16.8,16.5,14/19,-11.8,0.73
dev:effH1 × rank:ribbonD1,all,mean,300.8,17.0,17.7,14/19,-10.3,0.75
dev:effH1 × dev:ribbonD1,all,mean,286.3,18.7,15.3,13/19,-13.8,0.76
dev:effH1 × rank:dayrange,all,mean,266.6,15.9,16.8,15/19,-12.3,0.71
dev:effH1 × dev:dayrange,all,mean,294.3,17.6,16.7,14/19,-11.8,0.73
dev:effH1 × rank:hour,all,mean,288.6,15.6,18.5,14/19,-12.8,0.71
dev:effH1 × rank:posH4,all,mean,293.8,15.1,19.5,13/19,-9.2,0.76
dev:effH1 × dev:posH4,all,mean,285.3,16.2,17.6,13/19,-12.9,0.73
dev:effH1 × rank:distD1,all,mean,280.0,18.8,14.9,13/19,-11.8,0.72
dev:effH1 × dev:distD1,all,mean,285.7,17.8,16.1,14/19,-11.3,0.76
dev:effH1 × rank:volume,all,mean,301.4,16.8,17.9,15/19,-10.3,0.73
dev:effH1 × dev:volume,all,mean,292.6,18.9,15.5,14/19,-11.8,0.72
dev:effH1 × rank:squeezeH1,all,mean,275.7,16.7,16.5,14/19,-13.8,0.73
dev:effH1 × dev:squeezeH1,all,mean,284.4,19.1,14.9,13/19,-11.8,0.74
rank:effH4 × dev:effH4,all,mean,297.9,18.7,15.9,14/19,-11.3,0.8
rank:effH4 × rank:stackH4,all,mean,305.4,20.1,15.2,14/19,-12.4,0.76
rank:effH4 × rank:ribbonD1,all,mean,318.8,16.7,19.1,15/19,-12.8,0.82
rank:effH4 × dev:ribbonD1,all,mean,288.8,18.4,15.7,14/19,-12.4,0.79
rank:effH4 × rank:dayrange,all,mean,296.5,18.4,16.1,14/19,-11.4,0.76
rank:effH4 × dev:dayrange,all,mean,283.4,17.4,16.3,13/19,-11.8,0.71
rank:effH4 × rank:hour,all,mean,285.2,19.6,14.6,14/19,-11.8,0.75
rank:effH4 × rank:posH4,all,mean,306.1,17.3,17.7,13/19,-11.4,0.79
rank:effH4 × dev:posH4,all,mean,295.0,19.0,15.5,13/19,-12.4,0.75
rank:effH4 × rank:distD1,all,mean,303.5,16.4,18.5,15/19,-12.4,0.79
rank:effH4 × dev:distD1,all,mean,303.3,19.5,15.6,14/19,-12.9,0.77
rank:effH4 × rank:volume,all,mean,310.2,19.8,15.7,15/19,-12.4,0.79
rank:effH4 × dev:volume,all,mean,295.2,20.4,14.5,15/19,-11.4,0.79
rank:effH4 × rank:squeezeH1,all,mean,333.6,16.0,20.8,15/19,-12.4,0.82
rank:effH4 × dev:squeezeH1,all,mean,285.4,20.0,14.3,14/19,-12.8,0.73
dev:effH4 × rank:stackH4,all,mean,287.7,16.0,18.0,13/19,-11.4,0.75
dev:effH4 × rank:ribbonD1,all,mean,302.4,17.7,17.1,14/19,-12.8,0.81
dev:effH4 × dev:ribbonD1,all,mean,282.9,16.9,16.7,14/19,-10.9,0.78
dev:effH4 × rank:dayrange,all,mean,289.2,15.9,18.2,13/19,-12.4,0.75
dev:effH4 × dev:dayrange,all,mean,282.3,16.7,16.9,13/19,-11.8,0.74
dev:effH4 × rank:hour,all,mean,296.5,19.7,15.1,13/19,-12.8,0.76
dev:effH4 × rank:posH4,all,mean,296.6,15.0,19.8,14/19,-12.4,0.81
dev:effH4 × dev:posH4,all,mean,291.9,19.4,15.0,13/19,-11.8,0.73
dev:effH4 × rank:distD1,all,mean,290.3,16.0,18.1,15/19,-12.4,0.83
dev:effH4 × dev:distD1,all,mean,310.0,17.4,17.8,13/19,-12.8,0.78
dev:effH4 × rank:volume,all,mean,272.4,17.0,16.0,13/19,-12.0,0.68
dev:effH4 × dev:volume,all,mean,278.6,18.5,15.1,13/19,-11.4,0.76
dev:effH4 × rank:squeezeH1,all,mean,288.2,16.8,17.2,13/19,-12.4,0.75
dev:effH4 × dev:squeezeH1,all,mean,275.1,18.2,15.1,13/19,-12.8,0.74
rank:stackH4 × rank:ribbonD1,all,mean,304.8,19.9,15.3,13/19,-12.8,0.75
rank:stackH4 × dev:ribbonD1,all,mean,304.4,17.0,17.9,13/19,-12.8,0.8
rank:stackH4 × rank:dayrange,all,mean,302.9,14.9,20.3,16/19,-11.8,0.81
rank:stackH4 × dev:dayrange,all,mean,306.5,16.9,18.1,13/19,-11.8,0.76
rank:stackH4 × rank:hour,all,mean,311.6,18.7,16.7,14/19,-12.8,0.76
rank:stackH4 × rank:posH4,all,mean,308.6,19.7,15.7,13/19,-13.0,0.74
rank:stackH4 × dev:posH4,all,mean,296.2,21.3,13.9,13/19,-12.5,0.7
rank:stackH4 × rank:distD1,all,mean,292.5,19.7,14.8,13/19,-11.8,0.74
rank:stackH4 × dev:distD1,all,mean,276.9,19.7,14.1,13/19,-12.9,0.68
rank:stackH4 × rank:volume,all,mean,298.4,18.4,16.2,13/19,-11.8,0.7
rank:stackH4 × dev:volume,all,mean,297.2,17.3,17.2,13/19,-11.8,0.73
rank:stackH4 × rank:squeezeH1,all,mean,290.9,14.7,19.8,13/19,-11.8,0.78
rank:stackH4 × dev:squeezeH1,all,mean,298.6,17.7,16.9,14/19,-11.8,0.77
rank:ribbonD1 × dev:ribbonD1,all,mean,295.2,19.9,14.8,13/19,-12.8,0.76
rank:ribbonD1 × rank:dayrange,all,mean,280.0,16.3,17.2,15/19,-11.8,0.79
rank:ribbonD1 × dev:dayrange,all,mean,295.6,20.2,14.6,13/19,-12.3,0.74
rank:ribbonD1 × rank:hour,all,mean,308.9,19.7,15.7,14/19,-11.5,0.75
rank:ribbonD1 × rank:posH4,all,mean,300.6,18.2,16.5,13/19,-9.8,0.77
rank:ribbonD1 × dev:posH4,all,mean,304.9,19.3,15.8,12/19,-9.3,0.73
rank:ribbonD1 × rank:distD1,all,mean,285.1,16.8,17.0,14/19,-12.4,0.76
rank:ribbonD1 × dev:distD1,all,mean,273.4,18.8,14.5,13/19,-12.3,0.73
rank:ribbonD1 × rank:volume,all,mean,310.6,17.2,18.1,14/19,-12.8,0.79
rank:ribbonD1 × dev:volume,all,mean,278.3,20.3,13.7,13/19,-12.8,0.74
rank:ribbonD1 × rank:squeezeH1,all,mean,294.9,16.0,18.4,13/19,-11.8,0.79
rank:ribbonD1 × dev:squeezeH1,all,mean,286.0,19.7,14.5,14/19,-12.8,0.74
dev:ribbonD1 × rank:dayrange,all,mean,301.2,18.1,16.6,13/19,-11.2,0.76
dev:ribbonD1 × dev:dayrange,all,mean,305.3,20.0,15.3,14/19,-12.8,0.78
dev:ribbonD1 × rank:hour,all,mean,310.9,18.5,16.8,15/19,-12.5,0.75
dev:ribbonD1 × rank:posH4,all,mean,305.9,17.6,17.4,13/19,-13.0,0.78
dev:ribbonD1 × dev:posH4,all,mean,300.8,20.4,14.7,13/19,-12.8,0.74
dev:ribbonD1 × rank:distD1,all,mean,288.3,17.8,16.2,15/19,-11.8,0.82
dev:ribbonD1 × dev:distD1,all,mean,286.8,18.5,15.5,13/19,-12.0,0.77
dev:ribbonD1 × rank:volume,all,mean,289.3,20.7,14.0,13/19,-12.4,0.76
dev:ribbonD1 × dev:volume,all,mean,295.4,17.7,16.7,14/19,-11.4,0.77
dev:ribbonD1 × rank:squeezeH1,all,mean,306.4,18.0,17.0,15/19,-11.8,0.8
dev:ribbonD1 × dev:squeezeH1,all,mean,271.1,19.9,13.6,14/19,-12.6,0.73
rank:dayrange × dev:dayrange,all,mean,288.9,18.0,16.0,15/19,-12.4,0.75
rank:dayrange × rank:hour,all,mean,294.0,20.0,14.7,14/19,-12.4,0.76
rank:dayrange × rank:posH4,all,mean,324.3,13.7,23.7,16/19,-11.4,0.84
rank:dayrange × dev:posH4,all,mean,315.3,17.2,18.3,15/19,-11.8,0.75
rank:dayrange × rank:distD1,all,mean,301.0,15.8,19.1,14/19,-12.4,0.83
rank:dayrange × dev:distD1,all,mean,291.9,17.7,16.5,14/19,-12.8,0.76
rank:dayrange × rank:volume,all,mean,293.0,17.4,16.8,14/19,-11.9,0.73
rank:dayrange × dev:volume,all,mean,319.2,15.2,21.0,16/19,-11.4,0.83
rank:dayrange × rank:squeezeH1,all,mean,300.8,15.8,19.0,14/19,-12.3,0.77
rank:dayrange × dev:squeezeH1,all,mean,284.9,18.7,15.2,14/19,-12.3,0.7
dev:dayrange × rank:hour,all,mean,306.0,18.7,16.4,13/19,-12.8,0.73
dev:dayrange × rank:posH4,all,mean,304.8,16.5,18.5,14/19,-10.3,0.76
dev:dayrange × dev:posH4,all,mean,301.2,17.5,17.2,14/19,-11.8,0.75
dev:dayrange × rank:distD1,all,mean,293.6,18.7,15.7,13/19,-12.8,0.77
dev:dayrange × dev:distD1,all,mean,301.1,16.4,18.4,14/19,-13.8,0.73
dev:dayrange × rank:volume,all,mean,285.6,19.5,14.6,14/19,-12.8,0.68
dev:dayrange × dev:volume,all,mean,303.4,16.6,18.3,14/19,-11.8,0.72
dev:dayrange × rank:squeezeH1,all,mean,292.3,18.1,16.1,14/19,-11.8,0.77
dev:dayrange × dev:squeezeH1,all,mean,284.0,18.6,15.3,14/19,-11.0,0.71
rank:hour × rank:posH4,all,mean,297.0,17.7,16.8,14/19,-15.6,0.73
rank:hour × dev:posH4,all,mean,313.8,19.8,15.8,13/19,-12.8,0.72
rank:hour × rank:distD1,all,mean,289.8,17.8,16.3,14/19,-12.8,0.75
rank:hour × dev:distD1,all,mean,296.0,17.7,16.7,14/19,-12.8,0.77
rank:hour × rank:volume,all,mean,279.4,17.8,15.7,13/19,-10.3,0.75
rank:hour × dev:volume,all,mean,314.3,18.9,16.6,14/19,-12.3,0.76
rank:hour × rank:squeezeH1,all,mean,309.5,18.7,16.6,14/19,-12.5,0.77
rank:hour × dev:squeezeH1,all,mean,275.6,18.6,14.8,14/19,-12.5,0.69
rank:posH4 × dev:posH4,all,mean,298.6,19.8,15.1,13/19,-10.7,0.73
rank:posH4 × rank:distD1,all,mean,302.9,18.7,16.2,13/19,-9.8,0.78
rank:posH4 × dev:distD1,all,mean,306.0,14.9,20.5,14/19,-9.9,0.77
rank:posH4 × rank:volume,all,mean,297.7,18.8,15.8,14/19,-10.7,0.74
rank:posH4 × dev:volume,all,mean,301.1,19.9,15.1,13/19,-11.9,0.74
rank:posH4 × rank:squeezeH1,all,mean,299.1,16.0,18.7,14/19,-11.4,0.79
rank:posH4 × dev:squeezeH1,all,mean,286.1,19.7,14.5,14/19,-11.4,0.72
dev:posH4 × rank:distD1,all,mean,294.7,19.7,15.0,14/19,-10.8,0.73
dev:posH4 × dev:distD1,all,mean,314.4,18.5,17.0,13/19,-11.8,0.75
dev:posH4 × rank:volume,all,mean,301.0,18.8,16.0,14/19,-10.2,0.73
dev:posH4 × dev:volume,all,mean,285.5,19.3,14.8,13/19,-11.4,0.73
dev:posH4 × rank:squeezeH1,all,mean,291.3,17.3,16.8,14/19,-11.8,0.77
dev:posH4 × dev:squeezeH1,all,mean,283.5,19.3,14.7,14/19,-12.3,0.73
rank:distD1 × dev:distD1,all,mean,279.8,16.7,16.8,13/19,-12.9,0.72
rank:distD1 × rank:volume,all,mean,285.6,18.4,15.5,13/19,-12.4,0.74
rank:distD1 × dev:volume,all,mean,284.3,19.7,14.4,13/19,-10.4,0.74
rank:distD1 × rank:squeezeH1,all,mean,283.0,17.5,16.2,13/19,-11.8,0.74
rank:distD1 × dev:squeezeH1,all,mean,299.4,18.4,16.3,14/19,-11.8,0.79
dev:distD1 × rank:volume,all,mean,288.6,18.4,15.7,13/19,-11.3,0.71
dev:distD1 × dev:volume,all,mean,291.5,18.4,15.8,14/19,-13.7,0.73
dev:distD1 × rank:squeezeH1,all,mean,286.0,17.4,16.4,13/19,-11.8,0.74
dev:distD1 × dev:squeezeH1,all,mean,283.5,19.7,14.4,13/19,-11.8,0.73
rank:volume × dev:volume,all,mean,276.6,19.4,14.3,13/19,-10.3,0.69
rank:volume × rank:squeezeH1,all,mean,305.7,14.5,21.1,14/19,-11.8,0.74
rank:volume × dev:squeezeH1,all,mean,277.3,18.7,14.8,14/19,-11.3,0.68
dev:volume × rank:squeezeH1,all,mean,314.6,15.0,21.0,15/19,-11.8,0.81
dev:volume × dev:squeezeH1,all,mean,280.4,18.4,15.2,13/19,-12.6,0.74
rank:squeezeH1 × dev:squeezeH1,all,mean,286.1,17.0,16.8,14/19,-11.8,0.77
none,all,sharpe,319.8,17.9,17.9,15/19,-11.7,0.83
rank:volH1,all,sharpe,279.7,18.5,15.1,15/19,-11.3,0.81
dev:volH1,all,sharpe,294.8,17.6,16.8,16/19,-11.3,0.84
rank:volH4,all,sharpe,279.3,16.4,17.0,15/19,-10.9,0.82
dev:volH4,all,sharpe,276.5,18.8,14.7,15/19,-11.7,0.79
rank:volD1,all,sharpe,258.5,20.0,12.9,15/19,-11.7,0.73
dev:volD1,all,sharpe,315.8,19.9,15.9,16/19,-10.8,0.96
rank:adxH1,all,sharpe,298.5,17.2,17.4,15/19,-9.8,0.85
dev:adxH1,all,sharpe,284.3,14.1,20.2,16/19,-13.0,0.88
rank:adxH4,all,sharpe,276.7,18.0,15.4,14/19,-11.3,0.78
dev:adxH4,all,sharpe,276.4,19.6,14.1,15/19,-10.0,0.77
rank:adxD1,all,sharpe,300.2,17.9,16.8,15/19,-9.5,0.84
dev:adxD1,all,sharpe,267.8,19.0,14.1,14/19,-12.7,0.76
rank:effH1,all,sharpe,272.7,18.0,15.2,14/19,-10.5,0.75
dev:effH1,all,sharpe,281.4,16.8,16.7,14/19,-8.9,0.77
rank:effH4,all,sharpe,293.4,19.2,15.3,15/19,-10.9,0.8
dev:effH4,all,sharpe,292.0,15.5,18.8,15/19,-10.3,0.82
rank:stackH4,all,sharpe,307.2,19.9,15.4,15/19,-11.2,0.81
rank:ribbonD1,all,sharpe,318.5,18.7,17.0,15/19,-12.3,0.84
dev:ribbonD1,all,sharpe,293.6,17.0,17.3,15/19,-13.2,0.85
rank:dayrange,all,sharpe,293.4,14.8,19.8,16/19,-12.1,0.86
dev:dayrange,all,sharpe,287.4,17.4,16.5,15/19,-11.2,0.78
rank:hour,all,sharpe,279.3,21.7,12.9,15/19,-10.2,0.76
rank:posH4,all,sharpe,296.6,20.0,14.8,14/19,-12.3,0.76
dev:posH4,all,sharpe,313.3,20.3,15.4,14/19,-11.8,0.8
rank:distD1,all,sharpe,266.1,17.5,15.2,15/19,-9.7,0.8
dev:distD1,all,sharpe,274.1,17.9,15.3,15/19,-10.7,0.79
rank:volume,all,sharpe,278.9,18.5,15.1,15/19,-11.9,0.79
dev:volume,all,sharpe,276.7,17.3,16.0,15/19,-11.4,0.82
rank:squeezeH1,all,sharpe,290.9,14.4,20.2,16/19,-11.9,0.79
dev:squeezeH1,all,sharpe,281.8,17.3,16.3,14/19,-12.3,0.75
rank:volH1 × dev:volH1,all,sharpe,300.8,15.6,19.3,16/19,-11.3,0.84
rank:volH1 × rank:volH4,all,sharpe,276.2,19.0,14.5,14/19,-10.6,0.83
rank:volH1 × dev:volH4,all,sharpe,281.1,18.2,15.4,16/19,-11.8,0.8
rank:volH1 × rank:volD1,all,sharpe,292.5,20.5,14.3,16/19,-11.8,0.86
rank:volH1 × dev:volD1,all,sharpe,278.0,20.4,13.6,16/19,-9.9,0.84
rank:volH1 × rank:adxH1,all,sharpe,307.6,14.7,20.9,15/19,-11.8,0.83
rank:volH1 × dev:adxH1,all,sharpe,287.9,15.3,18.8,15/19,-12.8,0.88
rank:volH1 × rank:adxH4,all,sharpe,314.0,18.0,17.4,15/19,-10.5,0.88
rank:volH1 × dev:adxH4,all,sharpe,283.0,18.9,15.0,16/19,-9.4,0.85
rank:volH1 × rank:adxD1,all,sharpe,301.5,17.0,17.7,16/19,-10.0,0.94
rank:volH1 × dev:adxD1,all,sharpe,273.3,16.4,16.7,15/19,-10.8,0.84
rank:volH1 × rank:effH1,all,sharpe,265.2,15.8,16.8,16/19,-9.5,0.83
rank:volH1 × dev:effH1,all,sharpe,279.4,16.2,17.2,16/19,-8.7,0.86
rank:volH1 × rank:effH4,all,sharpe,281.0,17.8,15.8,16/19,-11.4,0.77
rank:volH1 × dev:effH4,all,sharpe,271.7,15.5,17.5,15/19,-10.9,0.89
rank:volH1 × rank:stackH4,all,sharpe,270.7,18.5,14.6,15/19,-11.3,0.79
rank:volH1 × rank:ribbonD1,all,sharpe,294.9,18.6,15.9,15/19,-10.3,0.9
rank:volH1 × dev:ribbonD1,all,sharpe,307.6,18.4,16.7,16/19,-13.4,0.88
rank:volH1 × rank:dayrange,all,sharpe,276.5,18.9,14.6,15/19,-10.9,0.78
rank:volH1 × dev:dayrange,all,sharpe,267.5,19.0,14.1,16/19,-10.7,0.8
rank:volH1 × rank:hour,all,sharpe,288.7,18.9,15.3,16/19,-9.3,0.8
rank:volH1 × rank:posH4,all,sharpe,300.6,19.4,15.5,15/19,-9.3,0.83
rank:volH1 × dev:posH4,all,sharpe,304.0,15.4,19.7,15/19,-11.0,0.85
rank:volH1 × rank:distD1,all,sharpe,269.8,19.5,13.8,15/19,-9.7,0.8
rank:volH1 × dev:distD1,all,sharpe,257.1,17.2,14.9,14/19,-11.8,0.75
rank:volH1 × rank:volume,all,sharpe,301.6,15.5,19.5,15/19,-12.4,0.83
rank:volH1 × dev:volume,all,sharpe,277.3,18.5,15.0,16/19,-10.0,0.81
rank:volH1 × rank:squeezeH1,all,sharpe,310.7,16.6,18.7,15/19,-11.8,0.91
rank:volH1 × dev:squeezeH1,all,sharpe,290.4,17.7,16.4,15/19,-9.9,0.82
dev:volH1 × rank:volH4,all,sharpe,276.8,18.5,15.0,15/19,-9.9,0.85
dev:volH1 × dev:volH4,all,sharpe,284.5,16.6,17.1,16/19,-11.8,0.82
dev:volH1 × rank:volD1,all,sharpe,282.5,19.9,14.2,15/19,-10.3,0.8
dev:volH1 × dev:volD1,all,sharpe,312.0,20.0,15.6,16/19,-10.9,0.81
dev:volH1 × rank:adxH1,all,sharpe,301.5,16.2,18.6,16/19,-11.3,0.85
dev:volH1 × dev:adxH1,all,sharpe,293.8,16.3,18.0,16/19,-12.3,0.88
dev:volH1 × rank:adxH4,all,sharpe,298.6,17.7,16.9,15/19,-11.8,0.75
dev:volH1 × dev:adxH4,all,sharpe,283.8,17.1,16.6,16/19,-8.6,0.77
dev:volH1 × rank:adxD1,all,sharpe,292.6,17.7,16.5,17/19,-10.3,0.86
dev:volH1 × dev:adxD1,all,sharpe,277.3,17.5,15.8,16/19,-9.8,0.83
dev:volH1 × rank:effH1,all,sharpe,287.6,17.3,16.6,16/19,-8.5,0.85
dev:volH1 × dev:effH1,all,sharpe,306.4,16.9,18.1,16/19,-9.4,0.88
dev:volH1 × rank:effH4,all,sharpe,304.9,19.3,15.8,16/19,-10.3,0.84
dev:volH1 × dev:effH4,all,sharpe,270.9,15.1,17.9,15/19,-9.3,0.88
dev:volH1 × rank:stackH4,all,sharpe,304.2,16.8,18.1,16/19,-11.3,0.83
dev:volH1 × rank:ribbonD1,all,sharpe,285.3,17.0,16.8,16/19,-10.3,0.81
dev:volH1 × dev:ribbonD1,all,sharpe,286.1,17.2,16.6,16/19,-13.9,0.88
dev:volH1 × rank:dayrange,all,sharpe,290.5,16.5,17.6,16/19,-10.9,0.81
dev:volH1 × dev:dayrange,all,sharpe,273.3,18.6,14.7,16/19,-10.3,0.91
dev:volH1 × rank:hour,all,sharpe,315.7,16.5,19.1,16/19,-9.8,0.86
dev:volH1 × rank:posH4,all,sharpe,286.1,19.4,14.7,15/19,-10.2,0.84
dev:volH1 × dev:posH4,all,sharpe,317.0,18.1,17.5,16/19,-10.0,0.84
dev:volH1 × rank:distD1,all,sharpe,291.6,18.6,15.7,15/19,-10.7,0.78
dev:volH1 × dev:distD1,all,sharpe,300.7,17.8,16.9,16/19,-11.3,0.8
dev:volH1 × rank:volume,all,sharpe,297.2,16.0,18.6,16/19,-12.0,0.86
dev:volH1 × dev:volume,all,sharpe,285.9,17.2,16.6,16/19,-9.5,0.81
dev:volH1 × rank:squeezeH1,all,sharpe,276.1,17.9,15.4,15/19,-11.5,0.89
dev:volH1 × dev:squeezeH1,all,sharpe,292.0,16.8,17.4,16/19,-12.8,0.8
rank:volH4 × dev:volH4,all,sharpe,270.6,16.0,16.9,13/19,-11.9,0.8
rank:volH4 × rank:volD1,all,sharpe,283.3,19.2,14.8,15/19,-11.2,0.85
rank:volH4 × dev:volD1,all,sharpe,312.0,19.4,16.1,15/19,-9.4,0.9
rank:volH4 × rank:adxH1,all,sharpe,285.0,14.5,19.7,14/19,-9.8,0.82
rank:volH4 × dev:adxH1,all,sharpe,280.6,17.1,16.4,13/19,-9.3,0.78
rank:volH4 × rank:adxH4,all,sharpe,285.0,19.4,14.7,13/19,-11.7,0.78
rank:volH4 × dev:adxH4,all,sharpe,279.7,18.3,15.3,14/19,-11.4,0.78
rank:volH4 × rank:adxD1,all,sharpe,273.5,21.8,12.5,13/19,-11.8,0.78
rank:volH4 × dev:adxD1,all,sharpe,260.8,20.3,12.8,13/19,-14.3,0.74
rank:volH4 × rank:effH1,all,sharpe,282.2,16.0,17.6,15/19,-10.4,0.84
rank:volH4 × dev:effH1,all,sharpe,277.0,15.6,17.8,13/19,-11.3,0.76
rank:volH4 × rank:effH4,all,sharpe,279.7,17.3,16.2,14/19,-9.4,0.84
rank:volH4 × dev:effH4,all,sharpe,271.6,17.1,15.9,15/19,-11.4,0.8
rank:volH4 × rank:stackH4,all,sharpe,281.3,16.4,17.2,15/19,-10.9,0.84
rank:volH4 × rank:ribbonD1,all,sharpe,302.8,16.9,17.9,15/19,-11.4,0.82
rank:volH4 × dev:ribbonD1,all,sharpe,267.8,17.5,15.3,15/19,-9.2,0.85
rank:volH4 × rank:dayrange,all,sharpe,274.9,15.2,18.1,16/19,-12.4,0.84
rank:volH4 × dev:dayrange,all,sharpe,264.0,17.6,15.0,13/19,-10.8,0.77
rank:volH4 × rank:hour,all,sharpe,281.4,19.8,14.2,13/19,-12.4,0.76
rank:volH4 × rank:posH4,all,sharpe,279.1,16.3,17.1,14/19,-11.8,0.77
rank:volH4 × dev:posH4,all,sharpe,289.9,17.3,16.8,13/19,-10.3,0.75
rank:volH4 × rank:distD1,all,sharpe,285.8,17.2,16.6,15/19,-11.4,0.84
rank:volH4 × dev:distD1,all,sharpe,279.2,17.4,16.0,14/19,-11.9,0.82
rank:volH4 × rank:volume,all,sharpe,281.0,16.9,16.6,14/19,-10.9,0.81
rank:volH4 × dev:volume,all,sharpe,258.6,18.5,14.0,14/19,-10.9,0.79
rank:volH4 × rank:squeezeH1,all,sharpe,310.9,15.4,20.2,15/19,-10.2,0.86
rank:volH4 × dev:squeezeH1,all,sharpe,284.2,15.9,17.9,16/19,-12.0,0.81
dev:volH4 × rank:volD1,all,sharpe,280.1,21.9,12.8,16/19,-12.1,0.76
dev:volH4 × dev:volD1,all,sharpe,303.9,20.8,14.6,16/19,-10.3,0.85
dev:volH4 × rank:adxH1,all,sharpe,292.8,15.9,18.4,15/19,-8.8,0.82
dev:volH4 × dev:adxH1,all,sharpe,264.2,15.1,17.5,15/19,-10.8,0.79
dev:volH4 × rank:adxH4,all,sharpe,277.2,17.9,15.5,15/19,-12.8,0.8
dev:volH4 × dev:adxH4,all,sharpe,254.4,17.9,14.2,15/19,-10.5,0.8
dev:volH4 × rank:adxD1,all,sharpe,289.0,20.4,14.2,15/19,-9.8,0.82
dev:volH4 × dev:adxD1,all,sharpe,272.0,20.5,13.3,14/19,-13.7,0.77
dev:volH4 × rank:effH1,all,sharpe,260.3,13.6,19.1,15/19,-12.0,0.76
dev:volH4 × dev:effH1,all,sharpe,274.3,19.5,14.1,15/19,-11.3,0.76
dev:volH4 × rank:effH4,all,sharpe,279.5,20.4,13.7,14/19,-10.7,0.77
dev:volH4 × dev:effH4,all,sharpe,250.3,17.1,14.6,15/19,-10.8,0.78
dev:volH4 × rank:stackH4,all,sharpe,280.7,18.8,14.9,15/19,-11.7,0.8
dev:volH4 × rank:ribbonD1,all,sharpe,286.2,18.6,15.4,15/19,-13.2,0.81
dev:volH4 × dev:ribbonD1,all,sharpe,295.5,18.5,16.0,16/19,-10.8,0.81
dev:volH4 × rank:dayrange,all,sharpe,272.7,18.4,14.8,16/19,-12.0,0.86
dev:volH4 × dev:dayrange,all,sharpe,287.1,18.0,16.0,16/19,-11.7,0.79
dev:volH4 × rank:hour,all,sharpe,285.0,18.7,15.2,15/19,-11.7,0.8
dev:volH4 × rank:posH4,all,sharpe,292.8,19.7,14.9,14/19,-10.0,0.75
dev:volH4 × dev:posH4,all,sharpe,268.9,19.2,14.0,14/19,-9.8,0.78
dev:volH4 × rank:distD1,all,sharpe,272.6,19.7,13.8,15/19,-12.2,0.8
dev:volH4 × dev:distD1,all,sharpe,251.5,18.3,13.7,15/19,-12.8,0.75
dev:volH4 × rank:volume,all,sharpe,292.0,15.6,18.7,15/19,-11.9,0.81
dev:volH4 × dev:volume,all,sharpe,261.0,18.5,14.1,15/19,-10.8,0.82
dev:volH4 × rank:squeezeH1,all,sharpe,273.9,20.6,13.3,15/19,-14.3,0.7
dev:volH4 × dev:squeezeH1,all,sharpe,260.3,21.7,12.0,15/19,-12.8,0.74
rank:volD1 × dev:volD1,all,sharpe,276.6,19.9,13.9,15/19,-11.8,0.84
rank:volD1 × rank:adxH1,all,sharpe,281.6,19.9,14.2,15/19,-9.8,0.85
rank:volD1 × dev:adxH1,all,sharpe,308.1,17.9,17.2,16/19,-11.3,0.85
rank:volD1 × rank:adxH4,all,sharpe,288.5,20.8,13.9,15/19,-11.1,0.8
rank:volD1 × dev:adxH4,all,sharpe,270.0,18.6,14.5,15/19,-10.4,0.78
rank:volD1 × rank:adxD1,all,sharpe,280.6,20.5,13.7,14/19,-12.8,0.77
rank:volD1 × dev:adxD1,all,sharpe,281.1,20.0,14.1,13/19,-12.7,0.77
rank:volD1 × rank:effH1,all,sharpe,266.3,19.9,13.4,15/19,-11.7,0.78
rank:volD1 × dev:effH1,all,sharpe,272.0,19.2,14.2,14/19,-10.2,0.78
rank:volD1 × rank:effH4,all,sharpe,266.6,20.0,13.3,15/19,-9.9,0.81
rank:volD1 × dev:effH4,all,sharpe,277.5,18.0,15.4,15/19,-8.3,0.83
rank:volD1 × rank:stackH4,all,sharpe,251.8,19.9,12.7,15/19,-11.7,0.72
rank:volD1 × rank:ribbonD1,all,sharpe,304.4,16.7,18.2,16/19,-11.7,0.83
rank:volD1 × dev:ribbonD1,all,sharpe,292.1,17.5,16.7,15/19,-10.7,0.84
rank:volD1 × rank:dayrange,all,sharpe,288.2,20.5,14.1,15/19,-10.7,0.78
rank:volD1 × dev:dayrange,all,sharpe,250.3,18.4,13.6,15/19,-10.8,0.74
rank:volD1 × rank:hour,all,sharpe,271.8,17.9,15.2,15/19,-12.1,0.76
rank:volD1 × rank:posH4,all,sharpe,281.3,18.8,15.0,15/19,-10.7,0.82
rank:volD1 × dev:posH4,all,sharpe,252.5,19.6,12.9,15/19,-10.3,0.7
rank:volD1 × rank:distD1,all,sharpe,281.2,19.3,14.6,16/19,-12.4,0.81
rank:volD1 × dev:distD1,all,sharpe,277.4,18.9,14.7,15/19,-12.3,0.77
rank:volD1 × rank:volume,all,sharpe,272.9,20.5,13.3,16/19,-12.2,0.72
rank:volD1 × dev:volume,all,sharpe,283.6,20.5,13.8,15/19,-11.3,0.78
rank:volD1 × rank:squeezeH1,all,sharpe,265.8,17.5,15.2,15/19,-12.3,0.79
rank:volD1 × dev:squeezeH1,all,sharpe,291.0,17.4,16.7,16/19,-12.8,0.85
dev:volD1 × rank:adxH1,all,sharpe,303.2,17.9,16.9,15/19,-11.4,0.89
dev:volD1 × dev:adxH1,all,sharpe,306.3,17.9,17.1,15/19,-11.8,0.86
dev:volD1 × rank:adxH4,all,sharpe,288.0,19.5,14.8,15/19,-8.9,0.84
dev:volD1 × dev:adxH4,all,sharpe,294.5,16.5,17.8,15/19,-10.5,0.88
dev:volD1 × rank:adxD1,all,sharpe,281.2,20.5,13.7,14/19,-12.8,0.81
dev:volD1 × dev:adxD1,all,sharpe,277.4,20.5,13.5,14/19,-12.2,0.78
dev:volD1 × rank:effH1,all,sharpe,287.0,19.9,14.4,15/19,-10.0,0.83
dev:volD1 × dev:effH1,all,sharpe,297.9,20.0,14.9,14/19,-10.8,0.83
dev:volD1 × rank:effH4,all,sharpe,295.9,20.0,14.8,16/19,-10.9,0.88
dev:volD1 × dev:effH4,all,sharpe,286.7,17.9,16.0,15/19,-10.9,0.91
dev:volD1 × rank:stackH4,all,sharpe,307.4,19.9,15.4,15/19,-10.8,0.93
dev:volD1 × rank:ribbonD1,all,sharpe,308.6,17.1,18.0,15/19,-10.4,0.85
dev:volD1 × dev:ribbonD1,all,sharpe,286.2,17.9,16.0,16/19,-12.2,0.84
dev:volD1 × rank:dayrange,all,sharpe,280.2,20.4,13.7,15/19,-12.1,0.83
dev:volD1 × dev:dayrange,all,sharpe,292.1,18.4,15.9,15/19,-11.8,0.84
dev:volD1 × rank:hour,all,sharpe,314.2,17.7,17.8,15/19,-11.2,0.86
dev:volD1 × rank:posH4,all,sharpe,309.7,18.8,16.5,15/19,-9.0,0.88
dev:volD1 × dev:posH4,all,sharpe,300.4,20.5,14.7,15/19,-9.7,0.81
dev:volD1 × rank:distD1,all,sharpe,293.6,20.5,14.3,14/19,-10.5,0.81
dev:volD1 × dev:distD1,all,sharpe,300.0,17.9,16.8,14/19,-10.2,0.81
dev:volD1 × rank:volume,all,sharpe,286.4,20.7,13.8,15/19,-11.9,0.78
dev:volD1 × dev:volume,all,sharpe,305.1,19.4,15.7,15/19,-10.9,0.88
dev:volD1 × rank:squeezeH1,all,sharpe,289.9,17.8,16.3,15/19,-10.2,0.91
dev:volD1 × dev:squeezeH1,all,sharpe,322.2,15.2,21.2,16/19,-10.7,0.91
rank:adxH1 × dev:adxH1,all,sharpe,279.3,15.4,18.1,15/19,-10.9,0.86
rank:adxH1 × rank:adxH4,all,sharpe,282.8,19.0,14.9,14/19,-11.8,0.73
rank:adxH1 × dev:adxH4,all,sharpe,287.9,18.4,15.6,15/19,-12.0,0.79
rank:adxH1 × rank:adxD1,all,sharpe,275.5,17.1,16.1,15/19,-11.7,0.79
rank:adxH1 × dev:adxD1,all,sharpe,279.6,18.0,15.5,16/19,-11.3,0.85
rank:adxH1 × rank:effH1,all,sharpe,271.3,17.4,15.6,15/19,-9.2,0.79
rank:adxH1 × dev:effH1,all,sharpe,274.9,16.6,16.6,16/19,-9.1,0.79
rank:adxH1 × rank:effH4,all,sharpe,303.8,17.3,17.6,15/19,-12.0,0.82
rank:adxH1 × dev:effH4,all,sharpe,313.3,17.2,18.2,15/19,-12.4,0.86
rank:adxH1 × rank:stackH4,all,sharpe,308.3,17.2,17.9,15/19,-10.8,0.85
rank:adxH1 × rank:ribbonD1,all,sharpe,285.7,13.9,20.6,16/19,-10.7,0.85
rank:adxH1 × dev:ribbonD1,all,sharpe,276.0,18.3,15.1,16/19,-10.7,0.83
rank:adxH1 × rank:dayrange,all,sharpe,287.8,16.6,17.3,15/19,-11.0,0.75
rank:adxH1 × dev:dayrange,all,sharpe,267.3,19.0,14.1,15/19,-11.3,0.79
rank:adxH1 × rank:hour,all,sharpe,292.2,20.7,14.1,13/19,-11.6,0.73
rank:adxH1 × rank:posH4,all,sharpe,293.7,16.2,18.1,14/19,-10.1,0.8
rank:adxH1 × dev:posH4,all,sharpe,294.4,15.4,19.1,14/19,-8.9,0.79
rank:adxH1 × rank:distD1,all,sharpe,308.6,18.3,16.9,15/19,-11.9,0.82
rank:adxH1 × dev:distD1,all,sharpe,298.8,20.0,14.9,15/19,-10.8,0.8
rank:adxH1 × rank:volume,all,sharpe,292.1,13.5,21.6,14/19,-9.3,0.75
rank:adxH1 × dev:volume,all,sharpe,286.2,14.7,19.5,14/19,-13.4,0.76
rank:adxH1 × rank:squeezeH1,all,sharpe,307.6,13.7,22.5,16/19,-11.9,0.88
rank:adxH1 × dev:squeezeH1,all,sharpe,296.9,16.9,17.6,15/19,-11.8,0.84
dev:adxH1 × rank:adxH4,all,sharpe,279.4,15.7,17.8,15/19,-11.8,0.79
dev:adxH1 × dev:adxH4,all,sharpe,284.1,15.0,18.9,15/19,-10.0,0.84
dev:adxH1 × rank:adxD1,all,sharpe,305.0,12.9,23.6,15/19,-10.0,0.89
dev:adxH1 × dev:adxD1,all,sharpe,276.9,16.2,17.1,15/19,-12.2,0.82
dev:adxH1 × rank:effH1,all,sharpe,286.5,13.7,20.9,15/19,-10.8,0.81
dev:adxH1 × dev:effH1,all,sharpe,289.7,13.9,20.8,14/19,-10.7,0.77
dev:adxH1 × rank:effH4,all,sharpe,305.2,17.2,17.7,15/19,-12.3,0.8
dev:adxH1 × dev:effH4,all,sharpe,274.8,16.9,16.3,15/19,-11.4,0.82
dev:adxH1 × rank:stackH4,all,sharpe,289.5,14.1,20.5,16/19,-13.0,0.89
dev:adxH1 × rank:ribbonD1,all,sharpe,293.5,16.2,18.1,17/19,-12.2,0.9
dev:adxH1 × dev:ribbonD1,all,sharpe,285.3,17.2,16.6,15/19,-13.5,0.85
dev:adxH1 × rank:dayrange,all,sharpe,271.8,14.5,18.7,14/19,-10.7,0.8
dev:adxH1 × dev:dayrange,all,sharpe,275.4,17.4,15.8,14/19,-11.0,0.81
dev:adxH1 × rank:hour,all,sharpe,290.5,17.9,16.2,15/19,-12.7,0.87
dev:adxH1 × rank:posH4,all,sharpe,292.6,15.9,18.4,14/19,-10.8,0.78
dev:adxH1 × dev:posH4,all,sharpe,287.1,15.6,18.4,14/19,-10.9,0.79
dev:adxH1 × rank:distD1,all,sharpe,289.7,15.9,18.2,16/19,-12.0,0.85
dev:adxH1 × dev:distD1,all,sharpe,276.7,16.6,16.7,15/19,-14.3,0.77
dev:adxH1 × rank:volume,all,sharpe,284.7,13.8,20.6,15/19,-11.5,0.8
dev:adxH1 × dev:volume,all,sharpe,294.8,14.9,19.8,15/19,-11.5,0.88
dev:adxH1 × rank:squeezeH1,all,sharpe,273.5,14.9,18.4,14/19,-12.3,0.77
dev:adxH1 × dev:squeezeH1,all,sharpe,276.1,15.0,18.4,15/19,-9.4,0.81
rank:adxH4 × dev:adxH4,all,sharpe,271.2,17.2,15.8,15/19,-10.5,0.78
rank:adxH4 × rank:adxD1,all,sharpe,280.6,21.5,13.1,13/19,-11.7,0.79
rank:adxH4 × dev:adxD1,all,sharpe,274.4,18.3,15.0,14/19,-11.8,0.81
rank:adxH4 × rank:effH1,all,sharpe,272.4,17.7,15.4,14/19,-10.5,0.79
rank:adxH4 × dev:effH1,all,sharpe,282.1,19.3,14.6,14/19,-9.3,0.82
rank:adxH4 × rank:effH4,all,sharpe,282.4,17.0,16.6,15/19,-11.4,0.81
rank:adxH4 × dev:effH4,all,sharpe,258.6,17.0,15.2,14/19,-11.3,0.77
rank:adxH4 × rank:stackH4,all,sharpe,276.2,18.0,15.3,14/19,-11.3,0.78
rank:adxH4 × rank:ribbonD1,all,sharpe,288.4,19.4,14.9,15/19,-12.3,0.78
rank:adxH4 × dev:ribbonD1,all,sharpe,258.1,17.6,14.7,15/19,-11.8,0.76
rank:adxH4 × rank:dayrange,all,sharpe,258.0,19.0,13.6,16/19,-11.7,0.81
rank:adxH4 × dev:dayrange,all,sharpe,274.9,18.7,14.7,15/19,-11.3,0.76
rank:adxH4 × rank:hour,all,sharpe,275.5,20.0,13.8,14/19,-11.9,0.82
rank:adxH4 × rank:posH4,all,sharpe,283.9,19.7,14.4,14/19,-9.5,0.78
rank:adxH4 × dev:posH4,all,sharpe,300.6,18.2,16.5,15/19,-8.8,0.83
rank:adxH4 × rank:distD1,all,sharpe,272.3,17.7,15.4,15/19,-10.3,0.82
rank:adxH4 × dev:distD1,all,sharpe,292.2,16.1,18.1,16/19,-11.3,0.81
rank:adxH4 × rank:volume,all,sharpe,249.1,20.8,12.0,13/19,-12.9,0.69
rank:adxH4 × dev:volume,all,sharpe,294.1,18.4,16.0,15/19,-10.4,0.8
rank:adxH4 × rank:squeezeH1,all,sharpe,289.5,17.6,16.4,14/19,-12.4,0.82
rank:adxH4 × dev:squeezeH1,all,sharpe,276.0,19.0,14.5,14/19,-11.8,0.73
dev:adxH4 × rank:adxD1,all,sharpe,296.3,19.9,14.9,14/19,-11.7,0.76
dev:adxH4 × dev:adxD1,all,sharpe,290.9,19.2,15.2,15/19,-11.0,0.8
dev:adxH4 × rank:effH1,all,sharpe,261.9,14.4,18.2,15/19,-12.0,0.83
dev:adxH4 × dev:effH1,all,sharpe,292.8,14.6,20.1,15/19,-8.5,0.84
dev:adxH4 × rank:effH4,all,sharpe,309.5,18.1,17.1,16/19,-9.1,0.83
dev:adxH4 × dev:effH4,all,sharpe,273.2,19.1,14.3,16/19,-8.9,0.8
dev:adxH4 × rank:stackH4,all,sharpe,276.4,19.6,14.1,15/19,-10.0,0.79
dev:adxH4 × rank:ribbonD1,all,sharpe,276.6,17.7,15.6,15/19,-11.5,0.77
dev:adxH4 × dev:ribbonD1,all,sharpe,264.0,17.9,14.7,16/19,-11.3,0.79
dev:adxH4 × rank:dayrange,all,sharpe,260.6,17.4,15.0,16/19,-10.9,0.79
dev:adxH4 × dev:dayrange,all,sharpe,279.1,17.0,16.4,16/19,-10.9,0.81
dev:adxH4 × rank:hour,all,sharpe,294.6,18.8,15.7,15/19,-10.0,0.79
dev:adxH4 × rank:posH4,all,sharpe,290.5,19.8,14.7,15/19,-11.5,0.79
dev:adxH4 × dev:posH4,all,sharpe,307.1,18.1,17.0,15/19,-8.9,0.84
dev:adxH4 × rank:distD1,all,sharpe,267.3,20.2,13.2,15/19,-9.3,0.77
dev:adxH4 × dev:distD1,all,sharpe,278.7,19.6,14.2,14/19,-9.4,0.79
dev:adxH4 × rank:volume,all,sharpe,283.1,20.3,13.9,15/19,-10.9,0.77
dev:adxH4 × dev:volume,all,sharpe,285.9,19.2,14.9,15/19,-12.0,0.78
dev:adxH4 × rank:squeezeH1,all,sharpe,271.5,18.8,14.4,15/19,-11.6,0.77
dev:adxH4 × dev:squeezeH1,all,sharpe,267.0,19.4,13.8,16/19,-10.3,0.75
rank:adxD1 × dev:adxD1,all,sharpe,281.5,20.9,13.5,14/19,-10.5,0.8
rank:adxD1 × rank:effH1,all,sharpe,291.9,15.1,19.3,15/19,-8.6,0.84
rank:adxD1 × dev:effH1,all,sharpe,299.6,17.6,17.0,15/19,-8.3,0.82
rank:adxD1 × rank:effH4,all,sharpe,298.7,15.8,18.9,15/19,-10.7,0.89
rank:adxD1 × dev:effH4,all,sharpe,298.6,17.6,17.0,15/19,-12.6,0.87
rank:adxD1 × rank:stackH4,all,sharpe,299.3,17.9,16.7,15/19,-9.5,0.82
rank:adxD1 × rank:ribbonD1,all,sharpe,307.3,19.8,15.5,13/19,-12.9,0.78
rank:adxD1 × dev:ribbonD1,all,sharpe,292.7,19.2,15.2,15/19,-11.8,0.84
rank:adxD1 × rank:dayrange,all,sharpe,265.2,17.7,15.0,14/19,-11.0,0.85
rank:adxD1 × dev:dayrange,all,sharpe,289.7,19.5,14.9,14/19,-10.5,0.85
rank:adxD1 × rank:hour,all,sharpe,285.3,20.3,14.1,15/19,-12.8,0.79
rank:adxD1 × rank:posH4,all,sharpe,296.9,16.6,17.9,15/19,-8.5,0.83
rank:adxD1 × dev:posH4,all,sharpe,312.6,18.3,17.1,15/19,-10.5,0.82
rank:adxD1 × rank:distD1,all,sharpe,302.3,17.9,16.9,14/19,-13.4,0.82
rank:adxD1 × dev:distD1,all,sharpe,269.6,17.0,15.9,13/19,-11.0,0.8
rank:adxD1 × rank:volume,all,sharpe,268.9,22.4,12.0,13/19,-11.8,0.78
rank:adxD1 × dev:volume,all,sharpe,308.6,17.4,17.7,15/19,-11.2,0.87
rank:adxD1 × rank:squeezeH1,all,sharpe,288.1,16.4,17.6,15/19,-10.0,0.87
rank:adxD1 × dev:squeezeH1,all,sharpe,302.6,18.7,16.2,15/19,-10.5,0.84
dev:adxD1 × rank:effH1,all,sharpe,292.0,16.4,17.8,14/19,-12.1,0.78
dev:adxD1 × dev:effH1,all,sharpe,275.7,16.2,17.0,13/19,-10.2,0.79
dev:adxD1 × rank:effH4,all,sharpe,296.5,19.4,15.3,15/19,-10.3,0.8
dev:adxD1 × dev:effH4,all,sharpe,298.8,15.3,19.5,14/19,-10.9,0.86
dev:adxD1 × rank:stackH4,all,sharpe,267.4,18.6,14.4,14/19,-12.7,0.77
dev:adxD1 × rank:ribbonD1,all,sharpe,304.0,19.0,16.0,16/19,-14.4,0.84
dev:adxD1 × dev:ribbonD1,all,sharpe,267.3,19.0,14.1,16/19,-15.3,0.8
dev:adxD1 × rank:dayrange,all,sharpe,280.7,18.1,15.5,16/19,-11.0,0.8
dev:adxD1 × dev:dayrange,all,sharpe,289.6,17.4,16.6,13/19,-13.7,0.79
dev:adxD1 × rank:hour,all,sharpe,293.6,20.4,14.4,15/19,-13.3,0.77
dev:adxD1 × rank:posH4,all,sharpe,279.5,20.4,13.7,15/19,-9.5,0.79
dev:adxD1 × dev:posH4,all,sharpe,284.7,19.0,15.0,15/19,-10.7,0.8
dev:adxD1 × rank:distD1,all,sharpe,278.8,18.6,15.0,15/19,-12.7,0.83
dev:adxD1 × dev:distD1,all,sharpe,280.2,19.9,14.1,13/19,-12.7,0.78
dev:adxD1 × rank:volume,all,sharpe,272.7,18.1,15.1,14/19,-13.3,0.78
dev:adxD1 × dev:volume,all,sharpe,268.7,19.5,13.8,15/19,-11.9,0.78
dev:adxD1 × rank:squeezeH1,all,sharpe,249.4,15.9,15.7,14/19,-11.2,0.73
dev:adxD1 × dev:squeezeH1,all,sharpe,262.9,17.6,14.9,14/19,-12.1,0.74
rank:effH1 × dev:effH1,all,sharpe,266.6,17.5,15.2,13/19,-8.1,0.73
rank:effH1 × rank:effH4,all,sharpe,265.7,16.9,15.7,15/19,-11.0,0.84
rank:effH1 × dev:effH4,all,sharpe,273.9,15.5,17.7,15/19,-9.3,0.76
rank:effH1 × rank:stackH4,all,sharpe,274.9,18.0,15.3,13/19,-10.5,0.76
rank:effH1 × rank:ribbonD1,all,sharpe,308.4,16.9,18.2,16/19,-9.7,0.87
rank:effH1 × dev:ribbonD1,all,sharpe,293.0,16.0,18.3,15/19,-9.1,0.87
rank:effH1 × rank:dayrange,all,sharpe,285.2,14.7,19.4,16/19,-12.6,0.81
rank:effH1 × dev:dayrange,all,sharpe,268.0,18.0,14.9,13/19,-12.9,0.72
rank:effH1 × rank:hour,all,sharpe,279.1,20.5,13.6,14/19,-10.7,0.77
rank:effH1 × rank:posH4,all,sharpe,296.3,16.4,18.1,13/19,-11.2,0.79
rank:effH1 × dev:posH4,all,sharpe,301.8,21.7,13.9,15/19,-11.7,0.78
rank:effH1 × rank:distD1,all,sharpe,253.8,17.7,14.3,15/19,-10.5,0.77
rank:effH1 × dev:distD1,all,sharpe,264.1,18.0,14.7,14/19,-11.3,0.72
rank:effH1 × rank:volume,all,sharpe,301.6,15.0,20.1,16/19,-11.5,0.8
rank:effH1 × dev:volume,all,sharpe,286.3,16.6,17.2,14/19,-10.4,0.78
rank:effH1 × rank:squeezeH1,all,sharpe,300.2,16.9,17.8,15/19,-11.4,0.78
rank:effH1 × dev:squeezeH1,all,sharpe,264.7,15.9,16.6,14/19,-11.6,0.67
dev:effH1 × rank:effH4,all,sharpe,261.0,16.1,16.2,14/19,-10.8,0.82
dev:effH1 × dev:effH4,all,sharpe,289.5,15.2,19.0,15/19,-8.9,0.77
dev:effH1 × rank:stackH4,all,sharpe,272.8,16.2,16.8,14/19,-9.7,0.77
dev:effH1 × rank:ribbonD1,all,sharpe,302.8,16.7,18.1,15/19,-10.3,0.82
dev:effH1 × dev:ribbonD1,all,sharpe,274.7,18.7,14.7,15/19,-11.8,0.78
dev:effH1 × rank:dayrange,all,sharpe,287.8,14.7,19.6,15/19,-12.7,0.78
dev:effH1 × dev:dayrange,all,sharpe,267.3,18.0,14.8,14/19,-10.7,0.74
dev:effH1 × rank:hour,all,sharpe,280.9,17.0,16.5,13/19,-11.2,0.75
dev:effH1 × rank:posH4,all,sharpe,282.4,15.7,18.0,14/19,-10.3,0.77
dev:effH1 × dev:posH4,all,sharpe,308.1,16.2,19.0,16/19,-10.3,0.81
dev:effH1 × rank:distD1,all,sharpe,265.5,17.5,15.2,14/19,-10.6,0.75
dev:effH1 × dev:distD1,all,sharpe,290.0,18.0,16.1,15/19,-9.2,0.83
dev:effH1 × rank:volume,all,sharpe,293.9,16.4,17.9,14/19,-11.4,0.77
dev:effH1 × dev:volume,all,sharpe,263.5,15.4,17.1,14/19,-11.3,0.79
dev:effH1 × rank:squeezeH1,all,sharpe,288.6,16.7,17.3,14/19,-12.7,0.74
dev:effH1 × dev:squeezeH1,all,sharpe,278.1,15.1,18.4,15/19,-10.2,0.78
rank:effH4 × dev:effH4,all,sharpe,292.3,18.2,16.1,14/19,-12.6,0.81
rank:effH4 × rank:stackH4,all,sharpe,299.8,19.2,15.6,15/19,-10.9,0.8
rank:effH4 × rank:ribbonD1,all,sharpe,312.6,15.7,19.9,15/19,-11.8,0.86
rank:effH4 × dev:ribbonD1,all,sharpe,305.3,17.4,17.5,14/19,-13.4,0.84
rank:effH4 × rank:dayrange,all,sharpe,317.9,17.9,17.8,16/19,-11.7,0.87
rank:effH4 × dev:dayrange,all,sharpe,280.5,17.9,15.7,14/19,-11.0,0.71
rank:effH4 × rank:hour,all,sharpe,282.5,19.7,14.3,15/19,-13.1,0.75
rank:effH4 × rank:posH4,all,sharpe,283.1,16.3,17.4,15/19,-11.7,0.81
rank:effH4 × dev:posH4,all,sharpe,286.3,19.0,15.1,13/19,-9.9,0.79
rank:effH4 × rank:distD1,all,sharpe,273.2,16.4,16.7,15/19,-9.9,0.75
rank:effH4 × dev:distD1,all,sharpe,302.9,18.0,16.8,15/19,-14.9,0.77
rank:effH4 × rank:volume,all,sharpe,281.7,20.0,14.1,16/19,-12.9,0.78
rank:effH4 × dev:volume,all,sharpe,269.9,20.4,13.2,14/19,-11.9,0.84
rank:effH4 × rank:squeezeH1,all,sharpe,307.6,16.4,18.8,15/19,-13.4,0.81
rank:effH4 × dev:squeezeH1,all,sharpe,282.7,20.5,13.8,15/19,-11.8,0.78
dev:effH4 × rank:stackH4,all,sharpe,293.3,15.0,19.6,15/19,-9.9,0.82
dev:effH4 × rank:ribbonD1,all,sharpe,290.3,20.0,14.5,15/19,-12.3,0.81
dev:effH4 × dev:ribbonD1,all,sharpe,285.3,16.5,17.3,16/19,-12.3,0.86
dev:effH4 × rank:dayrange,all,sharpe,291.9,15.9,18.4,16/19,-11.9,0.84
dev:effH4 × dev:dayrange,all,sharpe,265.5,18.6,14.3,13/19,-11.6,0.7
dev:effH4 × rank:hour,all,sharpe,283.6,19.7,14.4,14/19,-10.2,0.75
dev:effH4 × rank:posH4,all,sharpe,288.2,14.5,19.9,14/19,-9.8,0.82
dev:effH4 × dev:posH4,all,sharpe,289.0,20.5,14.1,15/19,-10.6,0.79
dev:effH4 × rank:distD1,all,sharpe,276.1,16.4,16.8,15/19,-9.9,0.8
dev:effH4 × dev:distD1,all,sharpe,285.3,16.9,16.9,15/19,-12.3,0.84
dev:effH4 × rank:volume,all,sharpe,257.0,14.4,17.8,14/19,-11.9,0.78
dev:effH4 × dev:volume,all,sharpe,274.5,19.4,14.1,15/19,-12.9,0.79
dev:effH4 × rank:squeezeH1,all,sharpe,267.8,15.6,17.2,16/19,-12.8,0.78
dev:effH4 × dev:squeezeH1,all,sharpe,270.9,18.7,14.5,13/19,-11.3,0.72
rank:stackH4 × rank:ribbonD1,all,sharpe,324.3,19.6,16.5,15/19,-12.8,0.86
rank:stackH4 × dev:ribbonD1,all,sharpe,295.2,17.0,17.4,15/19,-13.2,0.85
rank:stackH4 × rank:dayrange,all,sharpe,281.1,14.5,19.4,16/19,-12.1,0.83
rank:stackH4 × dev:dayrange,all,sharpe,292.0,16.5,17.7,15/19,-11.2,0.79
rank:stackH4 × rank:hour,all,sharpe,292.3,21.4,13.7,15/19,-10.2,0.78
rank:stackH4 × rank:posH4,all,sharpe,305.3,19.7,15.5,14/19,-12.3,0.77
rank:stackH4 × dev:posH4,all,sharpe,311.7,20.8,15.0,14/19,-12.6,0.79
rank:stackH4 × rank:distD1,all,sharpe,267.6,17.5,15.3,15/19,-9.7,0.79
rank:stackH4 × dev:distD1,all,sharpe,269.4,17.9,15.1,15/19,-10.7,0.79
rank:stackH4 × rank:volume,all,sharpe,279.3,18.5,15.1,16/19,-11.9,0.79
rank:stackH4 × dev:volume,all,sharpe,288.8,17.3,16.7,15/19,-11.4,0.85
rank:stackH4 × rank:squeezeH1,all,sharpe,288.4,15.0,19.2,16/19,-11.9,0.78
rank:stackH4 × dev:squeezeH1,all,sharpe,293.8,17.3,17.0,14/19,-12.3,0.76
rank:ribbonD1 × dev:ribbonD1,all,sharpe,310.8,17.9,17.4,15/19,-13.4,0.82
rank:ribbonD1 × rank:dayrange,all,sharpe,274.5,15.2,18.1,15/19,-10.7,0.91
rank:ribbonD1 × dev:dayrange,all,sharpe,295.0,20.2,14.6,15/19,-12.7,0.84
rank:ribbonD1 × rank:hour,all,sharpe,295.0,19.7,15.0,15/19,-12.9,0.79
rank:ribbonD1 × rank:posH4,all,sharpe,295.5,16.2,18.2,15/19,-10.8,0.85
rank:ribbonD1 × dev:posH4,all,sharpe,316.3,20.3,15.6,16/19,-9.7,0.79
rank:ribbonD1 × rank:distD1,all,sharpe,294.4,15.9,18.5,15/19,-12.3,0.82
rank:ribbonD1 × dev:distD1,all,sharpe,288.8,17.1,16.9,15/19,-12.3,0.85
rank:ribbonD1 × rank:volume,all,sharpe,325.0,17.2,18.9,15/19,-11.8,0.79
rank:ribbonD1 × dev:volume,all,sharpe,302.4,17.4,17.4,15/19,-10.3,0.83
rank:ribbonD1 × rank:squeezeH1,all,sharpe,297.0,15.8,18.8,15/19,-12.3,0.89
rank:ribbonD1 × dev:squeezeH1,all,sharpe,293.3,19.7,14.9,15/19,-13.3,0.86
dev:ribbonD1 × rank:dayrange,all,sharpe,277.4,18.1,15.3,16/19,-12.2,0.84
dev:ribbonD1 × dev:dayrange,all,sharpe,303.5,18.0,16.9,16/19,-11.0,0.84
dev:ribbonD1 × rank:hour,all,sharpe,288.9,18.5,15.6,15/19,-11.5,0.84
dev:ribbonD1 × rank:posH4,all,sharpe,290.8,17.9,16.2,14/19,-11.4,0.78
dev:ribbonD1 × dev:posH4,all,sharpe,296.0,17.9,16.5,15/19,-9.0,0.84
dev:ribbonD1 × rank:distD1,all,sharpe,276.4,18.7,14.8,16/19,-11.8,0.85
dev:ribbonD1 × dev:distD1,all,sharpe,298.7,18.0,16.6,15/19,-11.0,0.89
dev:ribbonD1 × rank:volume,all,sharpe,285.6,18.1,15.8,15/19,-11.9,0.81
dev:ribbonD1 × dev:volume,all,sharpe,288.8,16.9,17.1,14/19,-12.8,0.82
dev:ribbonD1 × rank:squeezeH1,all,sharpe,286.8,18.0,15.9,15/19,-12.3,0.82
dev:ribbonD1 × dev:squeezeH1,all,sharpe,280.5,18.5,15.2,15/19,-10.0,0.8
rank:dayrange × dev:dayrange,all,sharpe,270.7,17.9,15.1,16/19,-11.9,0.81
rank:dayrange × rank:hour,all,sharpe,301.3,21.6,13.9,16/19,-12.0,0.83
rank:dayrange × rank:posH4,all,sharpe,320.9,15.7,20.4,15/19,-11.8,0.84
rank:dayrange × dev:posH4,all,sharpe,291.6,17.2,17.0,16/19,-11.8,0.84
rank:dayrange × rank:distD1,all,sharpe,281.7,18.8,15.0,16/19,-10.4,0.88
rank:dayrange × dev:distD1,all,sharpe,279.1,16.7,16.7,15/19,-12.3,0.79
rank:dayrange × rank:volume,all,sharpe,280.2,17.5,16.0,16/19,-12.3,0.76
rank:dayrange × dev:volume,all,sharpe,303.0,15.5,19.5,16/19,-12.1,0.85
rank:dayrange × rank:squeezeH1,all,sharpe,280.6,14.6,19.2,15/19,-12.0,0.78
rank:dayrange × dev:squeezeH1,all,sharpe,294.9,18.7,15.8,16/19,-11.7,0.76
dev:dayrange × rank:hour,all,sharpe,302.9,19.4,15.6,15/19,-12.2,0.79
dev:dayrange × rank:posH4,all,sharpe,303.8,16.4,18.5,13/19,-9.8,0.76
dev:dayrange × dev:posH4,all,sharpe,311.5,16.0,19.5,16/19,-11.6,0.79
dev:dayrange × rank:distD1,all,sharpe,262.2,16.4,16.0,15/19,-11.9,0.79
dev:dayrange × dev:distD1,all,sharpe,270.0,16.9,16.0,14/19,-10.7,0.75
dev:dayrange × rank:volume,all,sharpe,283.5,17.3,16.4,16/19,-12.4,0.79
dev:dayrange × dev:volume,all,sharpe,287.6,16.6,17.3,16/19,-12.9,0.75
dev:dayrange × rank:squeezeH1,all,sharpe,282.6,18.4,15.4,15/19,-13.4,0.72
dev:dayrange × dev:squeezeH1,all,sharpe,277.2,18.0,15.4,14/19,-13.7,0.72
rank:hour × rank:posH4,all,sharpe,302.3,19.7,15.3,14/19,-13.2,0.76
rank:hour × dev:posH4,all,sharpe,279.4,18.3,15.3,13/19,-12.4,0.73
rank:hour × rank:distD1,all,sharpe,271.9,18.7,14.5,15/19,-10.2,0.79
rank:hour × dev:distD1,all,sharpe,273.2,17.8,15.3,14/19,-10.1,0.75
rank:hour × rank:volume,all,sharpe,273.6,15.3,17.9,15/19,-10.7,0.75
rank:hour × dev:volume,all,sharpe,283.2,18.9,15.0,14/19,-10.7,0.79
rank:hour × rank:squeezeH1,all,sharpe,300.2,16.0,18.8,15/19,-11.5,0.76
rank:hour × dev:squeezeH1,all,sharpe,271.2,18.7,14.5,15/19,-13.0,0.78
rank:posH4 × dev:posH4,all,sharpe,297.2,19.8,15.0,15/19,-10.8,0.78
rank:posH4 × rank:distD1,all,sharpe,287.1,18.7,15.4,15/19,-9.8,0.82
rank:posH4 × dev:distD1,all,sharpe,303.5,16.7,18.2,14/19,-9.5,0.82
rank:posH4 × rank:volume,all,sharpe,291.6,18.9,15.4,15/19,-10.8,0.74
rank:posH4 × dev:volume,all,sharpe,296.9,19.4,15.3,14/19,-11.4,0.73
rank:posH4 × rank:squeezeH1,all,sharpe,312.6,16.0,19.5,15/19,-8.9,0.83
rank:posH4 × dev:squeezeH1,all,sharpe,275.1,19.8,13.9,13/19,-9.2,0.74
dev:posH4 × rank:distD1,all,sharpe,272.7,17.7,15.4,13/19,-10.3,0.72
dev:posH4 × dev:distD1,all,sharpe,314.1,16.3,19.3,14/19,-7.7,0.82
dev:posH4 × rank:volume,all,sharpe,294.0,18.8,15.6,15/19,-10.3,0.76
dev:posH4 × dev:volume,all,sharpe,293.7,20.5,14.3,15/19,-11.4,0.79
dev:posH4 × rank:squeezeH1,all,sharpe,282.0,17.7,15.9,15/19,-12.8,0.79
dev:posH4 × dev:squeezeH1,all,sharpe,289.0,18.7,15.5,14/19,-10.2,0.76
rank:distD1 × dev:distD1,all,sharpe,270.3,19.5,13.9,15/19,-11.7,0.79
rank:distD1 × rank:volume,all,sharpe,277.3,17.0,16.3,14/19,-9.8,0.76
rank:distD1 × dev:volume,all,sharpe,274.3,19.6,14.0,15/19,-11.4,0.77
rank:distD1 × rank:squeezeH1,all,sharpe,276.4,18.0,15.4,16/19,-10.9,0.77
rank:distD1 × dev:squeezeH1,all,sharpe,274.4,18.6,14.8,15/19,-10.2,0.78
dev:distD1 × rank:volume,all,sharpe,278.9,18.5,15.1,13/19,-12.3,0.69
dev:distD1 × dev:volume,all,sharpe,289.6,18.4,15.7,15/19,-12.4,0.79
dev:distD1 × rank:squeezeH1,all,sharpe,269.9,17.7,15.2,15/19,-10.7,0.73
dev:distD1 × dev:squeezeH1,all,sharpe,265.3,19.7,13.5,13/19,-10.3,0.73
rank:volume × dev:volume,all,sharpe,282.8,16.4,17.2,15/19,-11.9,0.8
rank:volume × rank:squeezeH1,all,sharpe,307.3,15.0,20.5,16/19,-13.3,0.79
rank:volume × dev:squeezeH1,all,sharpe,268.4,16.8,16.0,15/19,-12.9,0.71
dev:volume × rank:squeezeH1,all,sharpe,301.0,15.8,19.1,15/19,-11.8,0.81
dev:volume × dev:squeezeH1,all,sharpe,287.5,17.4,16.5,14/19,-12.9,0.73
rank:squeezeH1 × dev:squeezeH1,all,sharpe,275.5,17.3,15.9,14/19,-11.2,0.72
none,6,mean,310.9,19.2,16.2,13/19,-12.8,0.74
rank:volH1,6,mean,266.7,19.0,14.0,13/19,-11.8,0.74
dev:volH1,6,mean,292.9,17.5,16.7,15/19,-11.8,0.77
rank:volH4,6,mean,294.3,19.2,15.3,13/19,-12.8,0.79
dev:volH4,6,mean,282.1,19.1,14.8,13/19,-13.8,0.75
rank:volD1,6,mean,300.4,20.0,15.0,14/19,-12.8,0.78
dev:volD1,6,mean,307.4,20.0,15.4,13/19,-11.8,0.85
rank:adxH1,6,mean,308.1,17.2,17.9,14/19,-11.4,0.74
dev:adxH1,6,mean,302.6,18.9,16.0,13/19,-11.8,0.74
rank:adxH4,6,mean,302.5,19.5,15.5,13/19,-12.4,0.79
dev:adxH4,6,mean,295.1,19.6,15.1,13/19,-11.4,0.74
rank:adxD1,6,mean,304.1,17.9,17.0,14/19,-10.6,0.77
dev:adxD1,6,mean,302.3,19.2,15.7,13/19,-12.3,0.73
rank:effH1,6,mean,274.9,18.2,15.1,13/19,-11.0,0.71
dev:effH1,6,mean,280.6,16.6,16.9,14/19,-12.8,0.76
rank:effH4,6,mean,306.2,20.1,15.2,15/19,-11.4,0.79
dev:effH4,6,mean,290.8,18.9,15.4,13/19,-11.4,0.75
rank:stackH4,6,mean,301.1,20.8,14.5,13/19,-12.8,0.71
rank:ribbonD1,6,mean,298.4,19.9,15.0,13/19,-12.8,0.76
dev:ribbonD1,6,mean,290.9,20.3,14.3,13/19,-12.8,0.78
rank:dayrange,6,mean,285.4,17.2,16.6,14/19,-13.1,0.73
dev:dayrange,6,mean,297.1,19.4,15.3,14/19,-12.8,0.72
rank:hour,6,mean,306.4,19.0,16.1,13/19,-12.8,0.74
rank:posH4,6,mean,312.6,19.7,15.9,13/19,-10.9,0.75
dev:posH4,6,mean,296.0,20.3,14.6,13/19,-12.8,0.74
rank:distD1,6,mean,280.3,19.7,14.2,13/19,-11.8,0.74
dev:distD1,6,mean,295.5,19.7,15.0,13/19,-12.8,0.71
rank:volume,6,mean,299.5,19.5,15.4,13/19,-10.8,0.7
dev:volume,6,mean,296.3,19.2,15.4,13/19,-12.8,0.73
rank:squeezeH1,6,mean,294.5,15.5,19.0,14/19,-12.8,0.75
dev:squeezeH1,6,mean,286.7,20.4,14.1,13/19,-12.8,0.69
rank:volH1 × dev:volH1,6,mean,301.9,16.4,18.4,15/19,-11.8,0.77
rank:volH1 × rank:volH4,6,mean,285.8,19.8,14.4,14/19,-11.8,0.76
rank:volH1 × dev:volH4,6,mean,283.3,17.2,16.5,14/19,-11.8,0.78
rank:volH1 × rank:volD1,6,mean,295.1,22.5,13.1,14/19,-10.3,0.79
rank:volH1 × dev:volD1,6,mean,296.3,20.4,14.5,14/19,-8.9,0.81
rank:volH1 × rank:adxH1,6,mean,314.8,19.1,16.5,15/19,-12.8,0.8
rank:volH1 × dev:adxH1,6,mean,307.1,15.9,19.3,15/19,-12.8,0.84
rank:volH1 × rank:adxH4,6,mean,292.7,19.7,14.9,14/19,-12.0,0.78
rank:volH1 × dev:adxH4,6,mean,290.1,18.3,15.9,14/19,-12.4,0.76
rank:volH1 × rank:adxD1,6,mean,293.6,17.0,17.3,15/19,-12.8,0.79
rank:volH1 × dev:adxD1,6,mean,304.8,20.8,14.7,14/19,-11.8,0.74
rank:volH1 × rank:effH1,6,mean,280.6,19.0,14.8,14/19,-11.8,0.76
rank:volH1 × dev:effH1,6,mean,279.3,15.8,17.7,15/19,-12.4,0.76
rank:volH1 × rank:effH4,6,mean,292.8,17.8,16.4,15/19,-10.9,0.75
rank:volH1 × dev:effH4,6,mean,286.6,19.3,14.8,13/19,-9.9,0.75
rank:volH1 × rank:stackH4,6,mean,268.1,19.0,14.1,13/19,-11.8,0.72
rank:volH1 × rank:ribbonD1,6,mean,262.0,20.4,12.8,12/19,-9.6,0.69
rank:volH1 × dev:ribbonD1,6,mean,309.7,18.4,16.8,16/19,-12.8,0.83
rank:volH1 × rank:dayrange,6,mean,277.8,18.9,14.7,14/19,-11.2,0.74
rank:volH1 × dev:dayrange,6,mean,292.7,18.7,15.7,15/19,-11.8,0.76
rank:volH1 × rank:hour,6,mean,291.5,19.5,14.9,15/19,-12.8,0.76
rank:volH1 × rank:posH4,6,mean,302.7,19.7,15.4,16/19,-11.4,0.79
rank:volH1 × dev:posH4,6,mean,296.6,17.8,16.7,14/19,-11.8,0.75
rank:volH1 × rank:distD1,6,mean,280.4,20.4,13.7,14/19,-12.8,0.71
rank:volH1 × dev:distD1,6,mean,273.6,17.6,15.5,13/19,-11.3,0.7
rank:volH1 × rank:volume,6,mean,301.6,17.1,17.6,14/19,-11.4,0.76
rank:volH1 × dev:volume,6,mean,293.8,18.5,15.9,14/19,-9.3,0.79
rank:volH1 × rank:squeezeH1,6,mean,282.0,15.1,18.7,15/19,-11.8,0.8
rank:volH1 × dev:squeezeH1,6,mean,255.5,18.1,14.1,15/19,-11.8,0.75
dev:volH1 × rank:volH4,6,mean,307.3,19.8,15.5,15/19,-11.9,0.82
dev:volH1 × dev:volH4,6,mean,288.2,16.2,17.8,15/19,-11.8,0.81
dev:volH1 × rank:volD1,6,mean,312.5,20.0,15.6,14/19,-11.8,0.74
dev:volH1 × dev:volD1,6,mean,326.2,19.9,16.4,16/19,-11.0,0.83
dev:volH1 × rank:adxH1,6,mean,340.4,15.1,22.5,15/19,-11.8,0.82
dev:volH1 × dev:adxH1,6,mean,295.9,17.3,17.1,16/19,-11.8,0.8
dev:volH1 × rank:adxH4,6,mean,303.8,17.7,17.2,15/19,-12.8,0.77
dev:volH1 × dev:adxH4,6,mean,310.6,15.7,19.8,13/19,-12.3,0.76
dev:volH1 × rank:adxD1,6,mean,289.3,17.4,16.6,15/19,-12.8,0.76
dev:volH1 × dev:adxD1,6,mean,298.8,18.5,16.2,14/19,-11.8,0.76
dev:volH1 × rank:effH1,6,mean,287.6,17.7,16.2,15/19,-10.0,0.76
dev:volH1 × dev:effH1,6,mean,307.5,17.0,18.1,16/19,-11.8,0.79
dev:volH1 × rank:effH4,6,mean,302.1,19.3,15.7,15/19,-11.8,0.75
dev:volH1 × dev:effH4,6,mean,289.7,17.4,16.6,14/19,-11.8,0.78
dev:volH1 × rank:stackH4,6,mean,293.5,17.4,16.9,15/19,-11.8,0.77
dev:volH1 × rank:ribbonD1,6,mean,288.1,19.8,14.6,12/19,-10.3,0.72
dev:volH1 × dev:ribbonD1,6,mean,303.0,17.2,17.6,15/19,-12.8,0.82
dev:volH1 × rank:dayrange,6,mean,297.5,16.5,18.0,15/19,-11.3,0.77
dev:volH1 × dev:dayrange,6,mean,295.6,16.7,17.7,15/19,-11.8,0.85
dev:volH1 × rank:hour,6,mean,316.2,16.3,19.4,16/19,-12.8,0.76
dev:volH1 × rank:posH4,6,mean,310.1,16.9,18.3,14/19,-11.8,0.76
dev:volH1 × dev:posH4,6,mean,302.3,19.0,15.9,15/19,-11.8,0.77
dev:volH1 × rank:distD1,6,mean,299.9,20.0,15.0,14/19,-12.8,0.77
dev:volH1 × dev:distD1,6,mean,308.9,18.2,17.0,13/19,-10.7,0.73
dev:volH1 × rank:volume,6,mean,283.9,17.4,16.3,15/19,-11.3,0.75
dev:volH1 × dev:volume,6,mean,303.4,17.7,17.1,16/19,-10.9,0.8
dev:volH1 × rank:squeezeH1,6,mean,307.7,17.9,17.2,15/19,-11.8,0.85
dev:volH1 × dev:squeezeH1,6,mean,314.8,15.9,19.8,15/19,-11.8,0.82
rank:volH4 × dev:volH4,6,mean,296.3,17.4,17.0,13/19,-12.8,0.79
rank:volH4 × rank:volD1,6,mean,289.3,18.2,15.9,15/19,-12.7,0.84
rank:volH4 × dev:volD1,6,mean,294.5,17.9,16.5,14/19,-10.3,0.83
rank:volH4 × rank:adxH1,6,mean,314.4,18.4,17.1,14/19,-11.8,0.77
rank:volH4 × dev:adxH1,6,mean,287.2,16.5,17.4,13/19,-12.8,0.76
rank:volH4 × rank:adxH4,6,mean,286.3,19.7,14.5,13/19,-11.4,0.78
rank:volH4 × dev:adxH4,6,mean,298.3,20.4,14.6,13/19,-12.4,0.76
rank:volH4 × rank:adxD1,6,mean,303.5,20.2,15.0,14/19,-9.8,0.75
rank:volH4 × dev:adxD1,6,mean,285.4,19.9,14.3,13/19,-11.3,0.75
rank:volH4 × rank:effH1,6,mean,317.4,17.1,18.6,15/19,-12.2,0.8
rank:volH4 × dev:effH1,6,mean,298.8,17.0,17.6,14/19,-13.3,0.78
rank:volH4 × rank:effH4,6,mean,289.4,19.2,15.1,13/19,-12.4,0.75
rank:volH4 × dev:effH4,6,mean,280.1,18.8,14.9,13/19,-11.4,0.75
rank:volH4 × rank:stackH4,6,mean,292.2,19.2,15.2,13/19,-12.8,0.79
rank:volH4 × rank:ribbonD1,6,mean,313.2,19.3,16.2,13/19,-11.4,0.8
rank:volH4 × dev:ribbonD1,6,mean,284.6,18.6,15.3,13/19,-11.9,0.78
rank:volH4 × rank:dayrange,6,mean,288.8,15.5,18.6,14/19,-12.4,0.84
rank:volH4 × dev:dayrange,6,mean,304.9,17.8,17.1,13/19,-13.3,0.75
rank:volH4 × rank:hour,6,mean,294.9,19.8,14.9,13/19,-12.8,0.74
rank:volH4 × rank:posH4,6,mean,304.4,20.4,14.9,13/19,-11.8,0.75
rank:volH4 × dev:posH4,6,mean,309.6,19.8,15.6,14/19,-11.9,0.75
rank:volH4 × rank:distD1,6,mean,309.7,19.9,15.6,13/19,-10.9,0.8
rank:volH4 × dev:distD1,6,mean,279.8,19.2,14.6,13/19,-11.3,0.72
rank:volH4 × rank:volume,6,mean,298.5,16.8,17.8,13/19,-12.4,0.75
rank:volH4 × dev:volume,6,mean,286.9,19.7,14.6,13/19,-12.4,0.77
rank:volH4 × rank:squeezeH1,6,mean,305.8,17.9,17.1,14/19,-11.8,0.75
rank:volH4 × dev:squeezeH1,6,mean,278.8,17.0,16.4,14/19,-12.8,0.74
dev:volH4 × rank:volD1,6,mean,283.1,20.9,13.5,14/19,-13.3,0.72
dev:volH4 × dev:volD1,6,mean,308.7,20.8,14.8,14/19,-11.8,0.81
dev:volH4 × rank:adxH1,6,mean,311.3,17.0,18.3,13/19,-11.4,0.76
dev:volH4 × dev:adxH1,6,mean,290.0,14.5,20.0,14/19,-11.8,0.77
dev:volH4 × rank:adxH4,6,mean,295.7,18.6,15.9,14/19,-12.4,0.77
dev:volH4 × dev:adxH4,6,mean,275.7,18.4,15.0,14/19,-12.0,0.77
dev:volH4 × rank:adxD1,6,mean,276.4,20.8,13.3,13/19,-12.3,0.72
dev:volH4 × dev:adxD1,6,mean,293.2,20.9,14.0,13/19,-13.3,0.76
dev:volH4 × rank:effH1,6,mean,283.5,15.6,18.2,14/19,-14.0,0.73
dev:volH4 × dev:effH1,6,mean,289.1,21.1,13.7,15/19,-12.8,0.73
dev:volH4 × rank:effH4,6,mean,276.4,20.4,13.5,13/19,-12.4,0.73
dev:volH4 × dev:effH4,6,mean,278.8,18.6,15.0,13/19,-11.3,0.74
dev:volH4 × rank:stackH4,6,mean,273.7,19.1,14.3,13/19,-13.8,0.74
dev:volH4 × rank:ribbonD1,6,mean,288.1,19.0,15.2,13/19,-12.8,0.75
dev:volH4 × dev:ribbonD1,6,mean,266.2,18.5,14.4,13/19,-12.8,0.74
dev:volH4 × rank:dayrange,6,mean,299.5,18.8,15.9,15/19,-12.8,0.75
dev:volH4 × dev:dayrange,6,mean,281.9,18.4,15.3,14/19,-12.8,0.74
dev:volH4 × rank:hour,6,mean,296.5,18.7,15.9,15/19,-13.3,0.75
dev:volH4 × rank:posH4,6,mean,285.5,19.7,14.5,13/19,-10.4,0.7
dev:volH4 × dev:posH4,6,mean,273.3,21.0,13.0,13/19,-13.8,0.73
dev:volH4 × rank:distD1,6,mean,310.9,18.6,16.7,13/19,-12.8,0.8
dev:volH4 × dev:distD1,6,mean,281.0,19.8,14.2,14/19,-12.8,0.77
dev:volH4 × rank:volume,6,mean,260.2,17.2,15.1,14/19,-10.8,0.75
dev:volH4 × dev:volume,6,mean,269.6,19.4,13.9,14/19,-13.8,0.79
dev:volH4 × rank:squeezeH1,6,mean,272.0,19.8,13.7,14/19,-12.8,0.71
dev:volH4 × dev:squeezeH1,6,mean,270.1,20.5,13.2,14/19,-12.3,0.72
rank:volD1 × dev:volD1,6,mean,291.5,20.0,14.6,15/19,-11.9,0.77
rank:volD1 × rank:adxH1,6,mean,287.3,18.5,15.5,13/19,-11.4,0.8
rank:volD1 × dev:adxH1,6,mean,316.1,17.9,17.7,14/19,-11.4,0.79
rank:volD1 × rank:adxH4,6,mean,309.3,20.0,15.5,14/19,-12.4,0.76
rank:volD1 × dev:adxH4,6,mean,272.3,18.6,14.6,14/19,-11.4,0.73
rank:volD1 × rank:adxD1,6,mean,302.7,20.0,15.1,14/19,-12.5,0.76
rank:volD1 × dev:adxD1,6,mean,294.2,20.0,14.7,13/19,-12.3,0.73
rank:volD1 × rank:effH1,6,mean,274.0,19.9,13.8,13/19,-11.8,0.72
rank:volD1 × dev:effH1,6,mean,290.5,20.2,14.4,14/19,-12.8,0.76
rank:volD1 × rank:effH4,6,mean,285.8,20.0,14.3,13/19,-12.4,0.76
rank:volD1 × dev:effH4,6,mean,290.4,18.1,16.0,13/19,-11.4,0.74
rank:volD1 × rank:stackH4,6,mean,293.9,19.9,14.8,14/19,-12.8,0.76
rank:volD1 × rank:ribbonD1,6,mean,275.7,16.4,16.8,13/19,-13.4,0.74
rank:volD1 × dev:ribbonD1,6,mean,292.8,17.5,16.7,13/19,-11.9,0.8
rank:volD1 × rank:dayrange,6,mean,297.7,20.8,14.3,15/19,-10.5,0.74
rank:volD1 × dev:dayrange,6,mean,286.6,19.9,14.4,14/19,-13.1,0.74
rank:volD1 × rank:hour,6,mean,295.2,18.5,16.0,14/19,-12.8,0.79
rank:volD1 × rank:posH4,6,mean,305.3,19.6,15.6,14/19,-11.4,0.73
rank:volD1 × dev:posH4,6,mean,295.4,20.5,14.4,13/19,-12.4,0.73
rank:volD1 × rank:distD1,6,mean,302.4,18.4,16.4,14/19,-12.8,0.75
rank:volD1 × dev:distD1,6,mean,304.9,18.6,16.4,14/19,-12.8,0.79
rank:volD1 × rank:volume,6,mean,282.2,20.5,13.8,15/19,-11.3,0.71
rank:volD1 × dev:volume,6,mean,278.1,20.5,13.6,14/19,-11.4,0.73
rank:volD1 × rank:squeezeH1,6,mean,301.9,20.0,15.1,14/19,-13.8,0.78
rank:volD1 × dev:squeezeH1,6,mean,297.0,17.2,17.3,14/19,-12.8,0.78
dev:volD1 × rank:adxH1,6,mean,301.4,18.5,16.3,15/19,-11.7,0.78
dev:volD1 × dev:adxH1,6,mean,303.0,17.9,16.9,14/19,-11.3,0.82
dev:volD1 × rank:adxH4,6,mean,304.3,19.6,15.5,14/19,-11.5,0.78
dev:volD1 × dev:adxH4,6,mean,301.7,17.6,17.1,13/19,-11.4,0.8
dev:volD1 × rank:adxD1,6,mean,298.7,20.0,14.9,14/19,-12.1,0.83
dev:volD1 × dev:adxD1,6,mean,296.2,20.0,14.8,13/19,-11.8,0.8
dev:volD1 × rank:effH1,6,mean,296.4,19.9,14.9,15/19,-12.5,0.82
dev:volD1 × dev:effH1,6,mean,313.6,20.0,15.7,15/19,-10.3,0.8
dev:volD1 × rank:effH4,6,mean,298.2,20.0,14.9,14/19,-11.4,0.81
dev:volD1 × dev:effH4,6,mean,302.0,17.9,16.9,14/19,-10.4,0.84
dev:volD1 × rank:stackH4,6,mean,301.2,19.9,15.1,13/19,-11.8,0.83
dev:volD1 × rank:ribbonD1,6,mean,311.2,17.8,17.5,13/19,-10.3,0.8
dev:volD1 × dev:ribbonD1,6,mean,297.6,19.4,15.3,13/19,-11.3,0.79
dev:volD1 × rank:dayrange,6,mean,308.4,20.8,14.8,15/19,-9.4,0.79
dev:volD1 × dev:dayrange,6,mean,305.0,18.4,16.6,14/19,-11.9,0.77
dev:volD1 × rank:hour,6,mean,301.0,18.5,16.3,15/19,-12.3,0.82
dev:volD1 × rank:posH4,6,mean,310.3,19.6,15.8,13/19,-11.4,0.8
dev:volD1 × dev:posH4,6,mean,302.9,20.5,14.8,15/19,-11.8,0.78
dev:volD1 × rank:distD1,6,mean,304.3,17.7,17.2,14/19,-10.9,0.8
dev:volD1 × dev:distD1,6,mean,322.8,17.9,18.0,14/19,-11.9,0.82
dev:volD1 × rank:volume,6,mean,294.4,20.5,14.4,14/19,-12.5,0.74
dev:volD1 × dev:volume,6,mean,312.4,19.4,16.1,15/19,-12.5,0.83
dev:volD1 × rank:squeezeH1,6,mean,299.8,17.8,16.8,14/19,-12.3,0.8
dev:volD1 × dev:squeezeH1,6,mean,324.7,16.0,20.3,14/19,-11.3,0.85
rank:adxH1 × dev:adxH1,6,mean,317.2,14.4,22.0,13/19,-10.9,0.75
rank:adxH1 × rank:adxH4,6,mean,294.5,20.3,14.5,13/19,-13.0,0.72
rank:adxH1 × dev:adxH4,6,mean,300.9,20.1,15.0,13/19,-11.9,0.73
rank:adxH1 × rank:adxD1,6,mean,307.1,15.2,20.2,15/19,-11.8,0.78
rank:adxH1 × dev:adxD1,6,mean,310.1,16.5,18.8,14/19,-12.3,0.79
rank:adxH1 × rank:effH1,6,mean,278.3,18.5,15.0,14/19,-10.5,0.73
rank:adxH1 × dev:effH1,6,mean,290.6,15.5,18.7,14/19,-10.4,0.76
rank:adxH1 × rank:effH4,6,mean,309.7,17.2,18.0,13/19,-13.4,0.76
rank:adxH1 × dev:effH4,6,mean,304.5,17.2,17.7,14/19,-12.4,0.75
rank:adxH1 × rank:stackH4,6,mean,311.0,17.2,18.1,14/19,-11.4,0.75
rank:adxH1 × rank:ribbonD1,6,mean,296.3,15.5,19.1,15/19,-12.8,0.75
rank:adxH1 × dev:ribbonD1,6,mean,295.9,18.3,16.2,14/19,-12.8,0.76
rank:adxH1 × rank:dayrange,6,mean,297.0,16.6,17.9,14/19,-13.8,0.72
rank:adxH1 × dev:dayrange,6,mean,300.3,19.0,15.8,15/19,-11.4,0.75
rank:adxH1 × rank:hour,6,mean,324.8,17.7,18.4,14/19,-12.4,0.77
rank:adxH1 × rank:posH4,6,mean,309.5,17.2,18.0,14/19,-11.4,0.79
rank:adxH1 × dev:posH4,6,mean,297.4,16.0,18.6,14/19,-11.4,0.74
rank:adxH1 × rank:distD1,6,mean,281.4,17.9,15.7,13/19,-10.4,0.72
rank:adxH1 × dev:distD1,6,mean,300.8,20.0,15.0,13/19,-13.8,0.71
rank:adxH1 × rank:volume,6,mean,292.1,18.5,15.8,14/19,-9.9,0.71
rank:adxH1 × dev:volume,6,mean,305.1,15.2,20.1,14/19,-11.4,0.72
rank:adxH1 × rank:squeezeH1,6,mean,291.6,15.6,18.7,14/19,-12.8,0.73
rank:adxH1 × dev:squeezeH1,6,mean,293.5,18.3,16.0,15/19,-12.8,0.72
dev:adxH1 × rank:adxH4,6,mean,294.9,15.7,18.8,15/19,-12.4,0.79
dev:adxH1 × dev:adxH4,6,mean,297.8,14.1,21.1,14/19,-11.4,0.78
dev:adxH1 × rank:adxD1,6,mean,316.3,14.7,21.5,14/19,-9.7,0.82
dev:adxH1 × dev:adxD1,6,mean,300.9,17.2,17.5,13/19,-11.8,0.75
dev:adxH1 × rank:effH1,6,mean,286.4,18.3,15.7,14/19,-13.5,0.7
dev:adxH1 × dev:effH1,6,mean,288.9,14.0,20.6,14/19,-11.8,0.74
dev:adxH1 × rank:effH4,6,mean,315.9,17.4,18.2,14/19,-12.4,0.75
dev:adxH1 × dev:effH4,6,mean,291.9,16.9,17.3,13/19,-12.4,0.76
dev:adxH1 × rank:stackH4,6,mean,301.0,18.9,15.9,13/19,-11.8,0.74
dev:adxH1 × rank:ribbonD1,6,mean,297.9,15.5,19.2,14/19,-12.8,0.81
dev:adxH1 × dev:ribbonD1,6,mean,292.8,18.6,15.7,14/19,-12.4,0.77
dev:adxH1 × rank:dayrange,6,mean,283.1,16.0,17.7,14/19,-13.4,0.75
dev:adxH1 × dev:dayrange,6,mean,288.6,17.4,16.6,14/19,-12.8,0.74
dev:adxH1 × rank:hour,6,mean,310.5,15.4,20.2,14/19,-12.8,0.76
dev:adxH1 × rank:posH4,6,mean,304.6,15.9,19.2,13/19,-12.4,0.77
dev:adxH1 × dev:posH4,6,mean,294.1,18.8,15.6,13/19,-11.8,0.73
dev:adxH1 × rank:distD1,6,mean,304.9,19.3,15.8,13/19,-12.8,0.77
dev:adxH1 × dev:distD1,6,mean,274.0,17.4,15.7,13/19,-12.8,0.72
dev:adxH1 × rank:volume,6,mean,287.4,16.6,17.3,13/19,-10.3,0.69
dev:adxH1 × dev:volume,6,mean,296.3,15.9,18.6,14/19,-11.8,0.75
dev:adxH1 × rank:squeezeH1,6,mean,285.4,16.3,17.5,13/19,-12.8,0.73
dev:adxH1 × dev:squeezeH1,6,mean,282.2,17.1,16.5,13/19,-12.8,0.72
rank:adxH4 × dev:adxH4,6,mean,295.0,17.2,17.2,13/19,-11.4,0.76
rank:adxH4 × rank:adxD1,6,mean,301.4,16.0,18.8,14/19,-12.4,0.78
rank:adxH4 × dev:adxD1,6,mean,288.8,18.3,15.8,14/19,-12.4,0.77
rank:adxH4 × rank:effH1,6,mean,278.0,17.7,15.7,14/19,-12.0,0.77
rank:adxH4 × dev:effH1,6,mean,284.4,19.2,14.8,13/19,-12.4,0.76
rank:adxH4 × rank:effH4,6,mean,307.9,18.6,16.6,14/19,-12.4,0.81
rank:adxH4 × dev:effH4,6,mean,287.3,18.8,15.3,14/19,-11.4,0.79
rank:adxH4 × rank:stackH4,6,mean,306.5,19.5,15.7,13/19,-12.4,0.79
rank:adxH4 × rank:ribbonD1,6,mean,278.1,19.9,14.0,14/19,-12.8,0.72
rank:adxH4 × dev:ribbonD1,6,mean,298.6,19.6,15.2,14/19,-11.4,0.76
rank:adxH4 × rank:dayrange,6,mean,291.3,19.0,15.3,14/19,-12.4,0.74
rank:adxH4 × dev:dayrange,6,mean,280.1,19.0,14.7,13/19,-12.8,0.74
rank:adxH4 × rank:hour,6,mean,286.5,19.0,15.1,14/19,-12.4,0.73
rank:adxH4 × rank:posH4,6,mean,295.7,19.7,15.0,13/19,-12.4,0.76
rank:adxH4 × dev:posH4,6,mean,303.0,19.3,15.7,13/19,-12.4,0.77
rank:adxH4 × rank:distD1,6,mean,311.6,19.5,16.0,13/19,-11.4,0.8
rank:adxH4 × dev:distD1,6,mean,310.9,15.2,20.5,15/19,-12.9,0.79
rank:adxH4 × rank:volume,6,mean,283.1,20.8,13.6,13/19,-11.4,0.71
rank:adxH4 × dev:volume,6,mean,287.0,19.5,14.7,13/19,-11.4,0.75
rank:adxH4 × rank:squeezeH1,6,mean,306.8,16.9,18.2,13/19,-12.4,0.79
rank:adxH4 × dev:squeezeH1,6,mean,301.0,19.0,15.8,14/19,-12.4,0.77
dev:adxH4 × rank:adxD1,6,mean,285.5,19.5,14.6,13/19,-11.8,0.74
dev:adxH4 × dev:adxD1,6,mean,296.8,20.1,14.8,14/19,-11.4,0.79
dev:adxH4 × rank:effH1,6,mean,276.1,14.7,18.8,14/19,-12.0,0.75
dev:adxH4 × dev:effH1,6,mean,306.4,16.3,18.8,14/19,-11.4,0.8
dev:adxH4 × rank:effH4,6,mean,306.8,19.1,16.1,15/19,-10.4,0.81
dev:adxH4 × dev:effH4,6,mean,303.8,19.1,15.9,13/19,-11.4,0.75
dev:adxH4 × rank:stackH4,6,mean,293.5,19.6,15.0,13/19,-11.4,0.74
dev:adxH4 × rank:ribbonD1,6,mean,282.5,19.3,14.6,13/19,-12.8,0.7
dev:adxH4 × dev:ribbonD1,6,mean,281.7,19.2,14.7,13/19,-11.4,0.74
dev:adxH4 × rank:dayrange,6,mean,289.4,20.1,14.4,13/19,-12.4,0.73
dev:adxH4 × dev:dayrange,6,mean,303.8,17.0,17.9,15/19,-11.4,0.77
dev:adxH4 × rank:hour,6,mean,297.6,18.8,15.8,14/19,-12.4,0.74
dev:adxH4 × rank:posH4,6,mean,289.2,17.6,16.4,13/19,-9.4,0.75
dev:adxH4 × dev:posH4,6,mean,301.0,18.1,16.6,13/19,-10.4,0.77
dev:adxH4 × rank:distD1,6,mean,297.4,19.4,15.3,14/19,-10.4,0.77
dev:adxH4 × dev:distD1,6,mean,309.7,19.6,15.8,13/19,-12.0,0.77
dev:adxH4 × rank:volume,6,mean,297.7,20.3,14.7,14/19,-10.4,0.73
dev:adxH4 × dev:volume,6,mean,287.1,19.9,14.4,14/19,-10.4,0.74
dev:adxH4 × rank:squeezeH1,6,mean,298.1,20.3,14.7,13/19,-12.3,0.73
dev:adxH4 × dev:squeezeH1,6,mean,279.6,19.8,14.1,13/19,-12.8,0.72
rank:adxD1 × dev:adxD1,6,mean,283.8,19.4,14.6,14/19,-12.9,0.75
rank:adxD1 × rank:effH1,6,mean,290.7,16.4,17.7,13/19,-11.5,0.74
rank:adxD1 × dev:effH1,6,mean,303.8,17.6,17.3,15/19,-11.3,0.77
rank:adxD1 × rank:effH4,6,mean,301.8,15.8,19.1,14/19,-13.4,0.81
rank:adxD1 × dev:effH4,6,mean,292.9,15.6,18.8,13/19,-12.8,0.77
rank:adxD1 × rank:stackH4,6,mean,301.1,17.9,16.8,14/19,-10.6,0.76
rank:adxD1 × rank:ribbonD1,6,mean,296.8,20.6,14.4,14/19,-12.9,0.74
rank:adxD1 × dev:ribbonD1,6,mean,298.5,17.2,17.4,14/19,-11.9,0.81
rank:adxD1 × rank:dayrange,6,mean,292.8,17.7,16.5,14/19,-14.4,0.75
rank:adxD1 × dev:dayrange,6,mean,316.9,18.9,16.8,14/19,-12.8,0.76
rank:adxD1 × rank:hour,6,mean,288.1,18.3,15.7,13/19,-11.8,0.72
rank:adxD1 × rank:posH4,6,mean,289.2,16.6,17.4,13/19,-10.6,0.77
rank:adxD1 × dev:posH4,6,mean,298.5,19.0,15.7,13/19,-11.6,0.76
rank:adxD1 × rank:distD1,6,mean,308.5,15.8,19.5,14/19,-11.3,0.79
rank:adxD1 × dev:distD1,6,mean,281.7,15.9,17.7,13/19,-12.8,0.73
rank:adxD1 × rank:volume,6,mean,306.2,14.6,21.0,13/19,-11.3,0.74
rank:adxD1 × dev:volume,6,mean,309.9,16.4,18.9,13/19,-11.3,0.8
rank:adxD1 × rank:squeezeH1,6,mean,304.2,16.4,18.5,14/19,-13.4,0.79
rank:adxD1 × dev:squeezeH1,6,mean,281.2,18.7,15.0,13/19,-12.8,0.76
dev:adxD1 × rank:effH1,6,mean,296.5,18.3,16.2,13/19,-12.3,0.72
dev:adxD1 × dev:effH1,6,mean,293.1,16.6,17.7,13/19,-10.8,0.74
dev:adxD1 × rank:effH4,6,mean,314.7,20.0,15.7,15/19,-11.8,0.78
dev:adxD1 × dev:effH4,6,mean,296.0,15.6,19.0,13/19,-11.8,0.76
dev:adxD1 × rank:stackH4,6,mean,303.1,19.2,15.8,13/19,-12.3,0.73
dev:adxD1 × rank:ribbonD1,6,mean,281.2,19.3,14.6,13/19,-12.3,0.73
dev:adxD1 × dev:ribbonD1,6,mean,290.5,18.0,16.1,14/19,-11.8,0.75
dev:adxD1 × rank:dayrange,6,mean,295.2,18.1,16.3,14/19,-13.8,0.73
dev:adxD1 × dev:dayrange,6,mean,301.1,19.2,15.7,14/19,-13.3,0.74
dev:adxD1 × rank:hour,6,mean,287.6,20.4,14.1,13/19,-12.8,0.71
dev:adxD1 × rank:posH4,6,mean,300.3,20.4,14.7,14/19,-11.4,0.72
dev:adxD1 × dev:posH4,6,mean,268.5,19.9,13.5,13/19,-11.8,0.7
dev:adxD1 × rank:distD1,6,mean,298.8,18.7,16.0,13/19,-13.8,0.74
dev:adxD1 × dev:distD1,6,mean,291.6,19.9,14.7,13/19,-13.9,0.74
dev:adxD1 × rank:volume,6,mean,280.9,18.1,15.5,13/19,-12.3,0.7
dev:adxD1 × dev:volume,6,mean,286.5,18.7,15.3,13/19,-11.8,0.71
dev:adxD1 × rank:squeezeH1,6,mean,282.5,16.0,17.7,14/19,-12.8,0.71
dev:adxD1 × dev:squeezeH1,6,mean,277.4,19.5,14.2,13/19,-11.8,0.72
rank:effH1 × dev:effH1,6,mean,288.9,17.7,16.3,13/19,-10.2,0.72
rank:effH1 × rank:effH4,6,mean,281.8,16.9,16.7,13/19,-11.8,0.74
rank:effH1 × dev:effH4,6,mean,261.9,16.4,16.0,14/19,-9.9,0.73
rank:effH1 × rank:stackH4,6,mean,275.9,18.2,15.2,13/19,-11.0,0.71
rank:effH1 × rank:ribbonD1,6,mean,308.6,16.9,18.3,13/19,-10.8,0.79
rank:effH1 × dev:ribbonD1,6,mean,318.3,17.0,18.7,14/19,-12.8,0.81
rank:effH1 × rank:dayrange,6,mean,273.0,16.5,16.5,14/19,-13.8,0.72
rank:effH1 × dev:dayrange,6,mean,299.1,18.0,16.6,13/19,-13.6,0.71
rank:effH1 × rank:hour,6,mean,298.4,21.7,13.8,13/19,-12.8,0.71
rank:effH1 × rank:posH4,6,mean,301.9,19.5,15.5,13/19,-11.3,0.73
rank:effH1 × dev:posH4,6,mean,299.6,18.4,16.3,14/19,-11.3,0.79
rank:effH1 × rank:distD1,6,mean,287.4,18.2,15.8,13/19,-12.8,0.7
rank:effH1 × dev:distD1,6,mean,274.5,19.2,14.3,13/19,-13.3,0.69
rank:effH1 × rank:volume,6,mean,292.5,19.8,14.8,14/19,-10.3,0.71
rank:effH1 × dev:volume,6,mean,290.0,18.5,15.7,14/19,-11.0,0.74
rank:effH1 × rank:squeezeH1,6,mean,276.7,16.6,16.7,14/19,-12.8,0.71
rank:effH1 × dev:squeezeH1,6,mean,265.4,17.3,15.3,13/19,-13.5,0.67
dev:effH1 × rank:effH4,6,mean,270.9,17.3,15.7,13/19,-9.9,0.75
dev:effH1 × dev:effH4,6,mean,291.9,15.5,18.8,14/19,-9.9,0.79
dev:effH1 × rank:stackH4,6,mean,282.9,16.6,17.0,14/19,-12.8,0.76
dev:effH1 × rank:ribbonD1,6,mean,298.7,17.1,17.5,14/19,-11.3,0.77
dev:effH1 × dev:ribbonD1,6,mean,299.0,18.7,16.0,13/19,-12.8,0.77
dev:effH1 × rank:dayrange,6,mean,275.9,15.9,17.4,14/19,-10.6,0.74
dev:effH1 × dev:dayrange,6,mean,298.4,18.0,16.6,15/19,-12.8,0.69
dev:effH1 × rank:hour,6,mean,283.6,16.8,16.9,14/19,-12.8,0.75
dev:effH1 × rank:posH4,6,mean,282.6,15.1,18.7,13/19,-8.9,0.74
dev:effH1 × dev:posH4,6,mean,289.5,16.2,17.9,13/19,-12.8,0.75
dev:effH1 × rank:distD1,6,mean,284.3,19.7,14.4,13/19,-11.8,0.71
dev:effH1 × dev:distD1,6,mean,277.7,17.3,16.1,13/19,-12.5,0.73
dev:effH1 × rank:volume,6,mean,292.9,17.4,16.8,13/19,-10.3,0.71
dev:effH1 × dev:volume,6,mean,297.7,18.9,15.8,14/19,-13.8,0.73
dev:effH1 × rank:squeezeH1,6,mean,283.0,16.7,16.9,14/19,-12.8,0.72
dev:effH1 × dev:squeezeH1,6,mean,276.6,17.3,16.0,14/19,-14.0,0.69
rank:effH4 × dev:effH4,6,mean,305.0,17.7,17.2,15/19,-11.4,0.81
rank:effH4 × rank:stackH4,6,mean,305.0,20.1,15.2,15/19,-11.4,0.79
rank:effH4 × rank:ribbonD1,6,mean,293.4,16.7,17.6,14/19,-11.8,0.82
rank:effH4 × dev:ribbonD1,6,mean,292.3,18.4,15.9,13/19,-12.4,0.81
rank:effH4 × rank:dayrange,6,mean,285.5,17.9,15.9,14/19,-13.6,0.71
rank:effH4 × dev:dayrange,6,mean,284.5,17.5,16.3,13/19,-11.8,0.7
rank:effH4 × rank:hour,6,mean,295.8,19.3,15.3,14/19,-12.8,0.75
rank:effH4 × rank:posH4,6,mean,310.6,19.7,15.8,13/19,-11.4,0.75
rank:effH4 × dev:posH4,6,mean,298.1,20.1,14.8,14/19,-11.4,0.77
rank:effH4 × rank:distD1,6,mean,291.3,16.7,17.4,14/19,-12.4,0.83
rank:effH4 × dev:distD1,6,mean,292.2,19.5,15.0,13/19,-12.8,0.72
rank:effH4 × rank:volume,6,mean,305.2,19.4,15.7,15/19,-11.4,0.76
rank:effH4 × dev:volume,6,mean,291.5,20.4,14.3,15/19,-12.4,0.8
rank:effH4 × rank:squeezeH1,6,mean,324.0,16.0,20.2,15/19,-12.8,0.81
rank:effH4 × dev:squeezeH1,6,mean,293.8,20.0,14.7,14/19,-11.4,0.75
dev:effH4 × rank:stackH4,6,mean,291.4,16.0,18.2,13/19,-11.4,0.76
dev:effH4 × rank:ribbonD1,6,mean,301.0,17.7,17.0,14/19,-12.8,0.78
dev:effH4 × dev:ribbonD1,6,mean,276.1,19.7,14.0,13/19,-11.8,0.73
dev:effH4 × rank:dayrange,6,mean,268.1,17.4,15.4,13/19,-12.4,0.74
dev:effH4 × dev:dayrange,6,mean,284.0,16.8,16.9,13/19,-11.8,0.76
dev:effH4 × rank:hour,6,mean,294.6,18.7,15.8,13/19,-12.8,0.73
dev:effH4 × rank:posH4,6,mean,289.6,18.2,15.9,14/19,-11.4,0.8
dev:effH4 × dev:posH4,6,mean,281.4,20.0,14.1,13/19,-10.4,0.73
dev:effH4 × rank:distD1,6,mean,295.3,16.0,18.5,15/19,-11.4,0.84
dev:effH4 × dev:distD1,6,mean,301.7,17.4,17.3,13/19,-11.8,0.77
dev:effH4 × rank:volume,6,mean,279.5,18.4,15.2,13/19,-12.4,0.69
dev:effH4 × dev:volume,6,mean,277.7,18.5,15.0,13/19,-12.4,0.78
dev:effH4 × rank:squeezeH1,6,mean,295.8,18.3,16.2,13/19,-12.8,0.76
dev:effH4 × dev:squeezeH1,6,mean,283.0,18.2,15.5,13/19,-12.8,0.72
rank:stackH4 × rank:ribbonD1,6,mean,296.8,19.9,14.9,13/19,-12.8,0.75
rank:stackH4 × dev:ribbonD1,6,mean,298.4,17.3,17.2,13/19,-12.8,0.79
rank:stackH4 × rank:dayrange,6,mean,293.7,16.9,17.4,14/19,-13.1,0.73
rank:stackH4 × dev:dayrange,6,mean,306.0,19.4,15.8,14/19,-12.8,0.74
rank:stackH4 × rank:hour,6,mean,316.8,18.7,16.9,14/19,-12.8,0.77
rank:stackH4 × rank:posH4,6,mean,309.5,19.7,15.7,13/19,-10.9,0.74
rank:stackH4 × dev:posH4,6,mean,292.5,20.3,14.4,13/19,-12.8,0.73
rank:stackH4 × rank:distD1,6,mean,280.0,19.7,14.2,13/19,-11.8,0.74
rank:stackH4 × dev:distD1,6,mean,288.2,19.7,14.6,13/19,-12.8,0.71
rank:stackH4 × rank:volume,6,mean,297.6,19.5,15.3,13/19,-10.8,0.7
rank:stackH4 × dev:volume,6,mean,293.1,19.2,15.3,13/19,-12.8,0.72
rank:stackH4 × rank:squeezeH1,6,mean,292.4,15.5,18.9,14/19,-12.8,0.75
rank:stackH4 × dev:squeezeH1,6,mean,291.0,20.4,14.3,13/19,-12.8,0.7
rank:ribbonD1 × dev:ribbonD1,6,mean,289.3,19.9,14.5,13/19,-12.8,0.75
rank:ribbonD1 × rank:dayrange,6,mean,267.2,17.0,15.7,14/19,-12.8,0.79
rank:ribbonD1 × dev:dayrange,6,mean,288.0,20.2,14.3,14/19,-12.8,0.76
rank:ribbonD1 × rank:hour,6,mean,305.5,17.7,17.3,14/19,-12.8,0.76
rank:ribbonD1 × rank:posH4,6,mean,309.6,18.0,17.2,13/19,-9.3,0.77
rank:ribbonD1 × dev:posH4,6,mean,307.1,19.9,15.4,12/19,-9.3,0.74
rank:ribbonD1 × rank:distD1,6,mean,291.1,16.8,17.3,14/19,-12.8,0.74
rank:ribbonD1 × dev:distD1,6,mean,289.8,19.3,15.0,13/19,-12.3,0.74
rank:ribbonD1 × rank:volume,6,mean,319.7,16.0,20.0,14/19,-11.8,0.82
rank:ribbonD1 × dev:volume,6,mean,287.7,19.6,14.7,13/19,-11.8,0.72
rank:ribbonD1 × rank:squeezeH1,6,mean,292.7,19.4,15.1,13/19,-11.8,0.72
rank:ribbonD1 × dev:squeezeH1,6,mean,279.3,19.7,14.2,13/19,-12.8,0.72
dev:ribbonD1 × rank:dayrange,6,mean,278.3,18.1,15.4,13/19,-13.1,0.73
dev:ribbonD1 × dev:dayrange,6,mean,302.0,20.0,15.1,14/19,-12.8,0.8
dev:ribbonD1 × rank:hour,6,mean,302.8,18.5,16.4,14/19,-12.8,0.78
dev:ribbonD1 × rank:posH4,6,mean,302.0,18.7,16.1,13/19,-12.8,0.76
dev:ribbonD1 × dev:posH4,6,mean,287.9,20.4,14.1,13/19,-12.8,0.76
dev:ribbonD1 × rank:distD1,6,mean,278.9,17.8,15.7,15/19,-12.8,0.75
dev:ribbonD1 × dev:distD1,6,mean,292.9,18.5,15.8,13/19,-11.4,0.76
dev:ribbonD1 × rank:volume,6,mean,316.0,17.6,18.0,13/19,-12.8,0.78
dev:ribbonD1 × dev:volume,6,mean,304.6,17.6,17.3,13/19,-12.4,0.76
dev:ribbonD1 × rank:squeezeH1,6,mean,306.4,18.0,17.0,14/19,-12.4,0.77
dev:ribbonD1 × dev:squeezeH1,6,mean,277.6,18.7,14.8,14/19,-12.8,0.72
rank:dayrange × dev:dayrange,6,mean,291.6,18.0,16.2,15/19,-13.3,0.71
rank:dayrange × rank:hour,6,mean,277.2,20.0,13.9,15/19,-13.2,0.72
rank:dayrange × rank:posH4,6,mean,301.8,15.5,19.5,16/19,-15.0,0.76
rank:dayrange × dev:posH4,6,mean,291.3,18.4,15.8,13/19,-13.6,0.7
rank:dayrange × rank:distD1,6,mean,304.3,15.8,19.3,14/19,-13.4,0.77
rank:dayrange × dev:distD1,6,mean,289.9,17.7,16.4,14/19,-13.8,0.75
rank:dayrange × rank:volume,6,mean,292.4,17.4,16.8,13/19,-11.9,0.71
rank:dayrange × dev:volume,6,mean,310.9,16.1,19.3,14/19,-12.5,0.78
rank:dayrange × rank:squeezeH1,6,mean,296.5,17.9,16.6,15/19,-12.8,0.75
rank:dayrange × dev:squeezeH1,6,mean,291.9,18.7,15.6,14/19,-12.7,0.72
dev:dayrange × rank:hour,6,mean,310.6,18.7,16.6,13/19,-12.8,0.75
dev:dayrange × rank:posH4,6,mean,298.0,16.6,18.0,14/19,-13.2,0.74
dev:dayrange × dev:posH4,6,mean,305.6,18.5,16.5,14/19,-12.8,0.73
dev:dayrange × rank:distD1,6,mean,302.6,18.8,16.1,13/19,-12.8,0.74
dev:dayrange × dev:distD1,6,mean,303.5,16.4,18.5,14/19,-12.8,0.76
dev:dayrange × rank:volume,6,mean,289.8,19.5,14.9,13/19,-11.8,0.69
dev:dayrange × dev:volume,6,mean,297.7,16.6,17.9,13/19,-12.8,0.72
dev:dayrange × rank:squeezeH1,6,mean,279.7,18.1,15.5,15/19,-14.5,0.72
dev:dayrange × dev:squeezeH1,6,mean,281.2,19.8,14.2,14/19,-13.2,0.69
rank:hour × rank:posH4,6,mean,303.2,17.7,17.1,14/19,-14.0,0.71
rank:hour × dev:posH4,6,mean,315.4,19.2,16.4,14/19,-13.4,0.71
rank:hour × rank:distD1,6,mean,295.9,16.8,17.6,13/19,-12.8,0.75
rank:hour × dev:distD1,6,mean,305.0,17.7,17.2,14/19,-12.8,0.81
rank:hour × rank:volume,6,mean,293.2,18.1,16.2,13/19,-11.0,0.77
rank:hour × dev:volume,6,mean,313.8,18.9,16.6,14/19,-12.8,0.77
rank:hour × rank:squeezeH1,6,mean,291.0,18.7,15.6,14/19,-12.5,0.74
rank:hour × dev:squeezeH1,6,mean,292.4,18.6,15.7,14/19,-12.8,0.72
rank:posH4 × dev:posH4,6,mean,300.0,19.8,15.2,13/19,-9.8,0.74
rank:posH4 × rank:distD1,6,mean,310.8,18.7,16.6,13/19,-11.4,0.76
rank:posH4 × dev:distD1,6,mean,297.2,16.4,18.1,13/19,-12.4,0.72
rank:posH4 × rank:volume,6,mean,288.2,18.8,15.3,15/19,-10.7,0.73
rank:posH4 × dev:volume,6,mean,281.3,19.9,14.1,13/19,-12.2,0.74
rank:posH4 × rank:squeezeH1,6,mean,285.4,17.7,16.1,14/19,-10.8,0.73
rank:posH4 × dev:squeezeH1,6,mean,267.7,19.7,13.6,13/19,-10.8,0.71
dev:posH4 × rank:distD1,6,mean,289.9,19.7,14.7,14/19,-12.8,0.72
dev:posH4 × dev:distD1,6,mean,299.5,18.5,16.2,13/19,-12.3,0.72
dev:posH4 × rank:volume,6,mean,300.5,18.8,16.0,14/19,-10.3,0.73
dev:posH4 × dev:volume,6,mean,285.9,19.2,14.9,13/19,-12.4,0.71
dev:posH4 × rank:squeezeH1,6,mean,296.8,18.3,16.2,14/19,-12.8,0.74
dev:posH4 × dev:squeezeH1,6,mean,292.7,20.3,14.4,14/19,-13.3,0.74
rank:distD1 × dev:distD1,6,mean,282.6,19.7,14.3,13/19,-12.8,0.73
rank:distD1 × rank:volume,6,mean,309.1,18.4,16.8,13/19,-11.4,0.77
rank:distD1 × dev:volume,6,mean,284.4,19.7,14.4,13/19,-13.4,0.74
rank:distD1 × rank:squeezeH1,6,mean,292.8,18.5,15.8,14/19,-12.8,0.73
rank:distD1 × dev:squeezeH1,6,mean,296.5,19.7,15.1,14/19,-12.8,0.72
dev:distD1 × rank:volume,6,mean,283.4,20.4,13.9,13/19,-11.1,0.72
dev:distD1 × dev:volume,6,mean,299.0,18.4,16.2,14/19,-11.8,0.75
dev:distD1 × rank:squeezeH1,6,mean,287.9,17.4,16.5,14/19,-13.8,0.72
dev:distD1 × dev:squeezeH1,6,mean,280.6,19.4,14.5,13/19,-13.8,0.7
rank:volume × dev:volume,6,mean,291.3,19.2,15.2,13/19,-12.3,0.72
rank:volume × rank:squeezeH1,6,mean,292.5,15.7,18.6,14/19,-11.8,0.74
rank:volume × dev:squeezeH1,6,mean,291.4,18.2,16.0,14/19,-10.8,0.7
dev:volume × rank:squeezeH1,6,mean,313.3,14.5,21.6,15/19,-11.8,0.77
dev:volume × dev:squeezeH1,6,mean,279.0,18.4,15.2,13/19,-11.8,0.74
rank:squeezeH1 × dev:squeezeH1,6,mean,272.6,18.1,15.1,14/19,-12.8,0.7
none,6,sharpe,299.3,17.9,16.7,15/19,-10.7,0.85
rank:volH1,6,sharpe,286.5,18.5,15.5,15/19,-11.0,0.84
dev:volH1,6,sharpe,305.3,17.5,17.4,16/19,-11.8,0.9
rank:volH4,6,sharpe,296.5,16.4,18.1,15/19,-12.4,0.9
dev:volH4,6,sharpe,281.6,18.8,15.0,15/19,-11.7,0.82
rank:volD1,6,sharpe,257.6,20.0,12.9,15/19,-12.3,0.75
dev:volD1,6,sharpe,306.7,20.0,15.3,16/19,-11.8,0.94
rank:adxH1,6,sharpe,299.2,17.2,17.4,15/19,-10.3,0.83
dev:adxH1,6,sharpe,282.6,14.4,19.6,16/19,-14.4,0.85
rank:adxH4,6,sharpe,300.8,18.0,16.7,15/19,-12.9,0.84
dev:adxH4,6,sharpe,296.0,20.3,14.6,16/19,-10.3,0.8
rank:adxD1,6,sharpe,306.3,17.9,17.1,14/19,-7.5,0.86
dev:adxD1,6,sharpe,273.5,16.7,16.4,14/19,-12.7,0.79
rank:effH1,6,sharpe,263.4,18.0,14.6,14/19,-9.7,0.78
dev:effH1,6,sharpe,263.5,17.8,14.8,14/19,-9.2,0.77
rank:effH4,6,sharpe,297.0,19.8,15.0,15/19,-11.9,0.8
dev:effH4,6,sharpe,287.8,16.9,17.0,16/19,-9.9,0.84
rank:stackH4,6,sharpe,289.9,19.9,14.6,15/19,-10.7,0.83
rank:ribbonD1,6,sharpe,316.4,16.7,18.9,14/19,-12.3,0.84
dev:ribbonD1,6,sharpe,301.5,17.0,17.7,16/19,-12.3,0.9
rank:dayrange,6,sharpe,279.7,14.8,18.9,16/19,-11.0,0.87
dev:dayrange,6,sharpe,276.3,17.4,15.9,16/19,-12.2,0.81
rank:hour,6,sharpe,284.1,19.7,14.4,13/19,-11.0,0.76
rank:posH4,6,sharpe,292.2,19.8,14.8,14/19,-11.2,0.78
dev:posH4,6,sharpe,278.3,20.3,13.7,14/19,-11.4,0.73
rank:distD1,6,sharpe,274.0,17.5,15.7,16/19,-11.5,0.82
dev:distD1,6,sharpe,267.1,17.9,14.9,14/19,-10.7,0.8
rank:volume,6,sharpe,288.0,18.5,15.6,15/19,-12.5,0.8
dev:volume,6,sharpe,281.9,20.5,13.8,15/19,-11.0,0.82
rank:squeezeH1,6,sharpe,291.4,14.4,20.2,15/19,-10.7,0.76
dev:squeezeH1,6,sharpe,271.8,19.4,14.0,15/19,-12.3,0.74
rank:volH1 × dev:volH1,6,sharpe,304.4,16.4,18.6,16/19,-11.0,0.92
rank:volH1 × rank:volH4,6,sharpe,291.6,19.0,15.3,14/19,-13.5,0.83
rank:volH1 × dev:volH4,6,sharpe,287.6,18.2,15.8,16/19,-12.8,0.81
rank:volH1 × rank:volD1,6,sharpe,282.1,20.5,13.8,16/19,-11.4,0.85
rank:volH1 × dev:volD1,6,sharpe,283.9,20.4,13.9,16/19,-9.4,0.89
rank:volH1 × rank:adxH1,6,sharpe,295.0,14.7,20.1,15/19,-12.8,0.83
rank:volH1 × dev:adxH1,6,sharpe,289.3,15.9,18.2,17/19,-12.9,0.96
rank:volH1 × rank:adxH4,6,sharpe,317.9,18.7,17.0,15/19,-11.5,0.85
rank:volH1 × dev:adxH4,6,sharpe,307.2,18.9,16.3,16/19,-9.3,0.86
rank:volH1 × rank:adxD1,6,sharpe,299.2,17.0,17.6,16/19,-10.0,0.92
rank:volH1 × dev:adxD1,6,sharpe,297.2,16.4,18.1,15/19,-11.8,0.83
rank:volH1 × rank:effH1,6,sharpe,294.4,15.8,18.6,16/19,-9.5,0.81
rank:volH1 × dev:effH1,6,sharpe,283.5,16.6,17.1,16/19,-8.3,0.9
rank:volH1 × rank:effH4,6,sharpe,304.1,17.8,17.1,16/19,-10.4,0.83
rank:volH1 × dev:effH4,6,sharpe,287.3,13.6,21.1,15/19,-10.9,0.88
rank:volH1 × rank:stackH4,6,sharpe,273.7,18.5,14.8,15/19,-11.0,0.83
rank:volH1 × rank:ribbonD1,6,sharpe,314.0,16.2,19.4,16/19,-10.3,0.86
rank:volH1 × dev:ribbonD1,6,sharpe,306.6,18.4,16.7,16/19,-13.3,0.88
rank:volH1 × rank:dayrange,6,sharpe,276.6,18.9,14.6,16/19,-9.5,0.82
rank:volH1 × dev:dayrange,6,sharpe,266.2,18.9,14.1,16/19,-10.4,0.81
rank:volH1 × rank:hour,6,sharpe,285.5,19.4,14.7,16/19,-10.3,0.81
rank:volH1 × rank:posH4,6,sharpe,300.5,19.4,15.5,15/19,-10.8,0.8
rank:volH1 × dev:posH4,6,sharpe,304.5,15.4,19.8,15/19,-11.3,0.83
rank:volH1 × rank:distD1,6,sharpe,286.4,19.5,14.7,15/19,-9.7,0.81
rank:volH1 × dev:distD1,6,sharpe,269.8,17.0,15.9,14/19,-11.3,0.79
rank:volH1 × rank:volume,6,sharpe,316.4,14.4,22.0,15/19,-11.0,0.86
rank:volH1 × dev:volume,6,sharpe,285.9,18.5,15.5,16/19,-8.5,0.86
rank:volH1 × rank:squeezeH1,6,sharpe,275.8,16.6,16.6,15/19,-12.5,0.83
rank:volH1 × dev:squeezeH1,6,sharpe,283.9,17.7,16.0,15/19,-11.0,0.83
dev:volH1 × rank:volH4,6,sharpe,303.2,18.5,16.4,15/19,-11.4,0.9
dev:volH1 × dev:volH4,6,sharpe,294.1,16.2,18.2,16/19,-14.4,0.86
dev:volH1 × rank:volD1,6,sharpe,269.5,19.9,13.5,15/19,-9.8,0.78
dev:volH1 × dev:volD1,6,sharpe,305.1,20.0,15.3,16/19,-9.4,0.9
dev:volH1 × rank:adxH1,6,sharpe,308.9,14.2,21.8,16/19,-10.7,0.9
dev:volH1 × dev:adxH1,6,sharpe,296.5,16.3,18.2,16/19,-11.3,0.9
dev:volH1 × rank:adxH4,6,sharpe,303.1,17.7,17.1,15/19,-11.8,0.81
dev:volH1 × dev:adxH4,6,sharpe,284.9,15.3,18.6,16/19,-8.4,0.85
dev:volH1 × rank:adxD1,6,sharpe,285.3,16.7,17.1,17/19,-9.7,0.93
dev:volH1 × dev:adxD1,6,sharpe,272.6,18.3,14.9,16/19,-11.8,0.84
dev:volH1 × rank:effH1,6,sharpe,281.0,17.3,16.2,16/19,-9.0,0.82
dev:volH1 × dev:effH1,6,sharpe,298.2,17.6,16.9,16/19,-9.4,0.83
dev:volH1 × rank:effH4,6,sharpe,302.4,19.3,15.7,15/19,-9.3,0.85
dev:volH1 × dev:effH4,6,sharpe,273.2,14.1,19.4,16/19,-11.3,0.88
dev:volH1 × rank:stackH4,6,sharpe,308.7,16.7,18.5,16/19,-11.8,0.91
dev:volH1 × rank:ribbonD1,6,sharpe,305.3,18.0,17.0,16/19,-10.3,0.83
dev:volH1 × dev:ribbonD1,6,sharpe,295.6,17.2,17.2,16/19,-11.9,0.91
dev:volH1 × rank:dayrange,6,sharpe,280.2,16.5,17.0,16/19,-10.9,0.85
dev:volH1 × dev:dayrange,6,sharpe,281.4,16.3,17.3,16/19,-12.9,0.9
dev:volH1 × rank:hour,6,sharpe,309.3,15.8,19.6,16/19,-9.4,0.83
dev:volH1 × rank:posH4,6,sharpe,297.6,16.6,17.9,16/19,-11.8,0.82
dev:volH1 × dev:posH4,6,sharpe,310.1,18.1,17.1,16/19,-11.3,0.85
dev:volH1 × rank:distD1,6,sharpe,302.8,15.8,19.2,15/19,-9.0,0.82
dev:volH1 × dev:distD1,6,sharpe,293.7,18.3,16.0,15/19,-12.3,0.78
dev:volH1 × rank:volume,6,sharpe,278.4,16.0,17.4,16/19,-10.5,0.83
dev:volH1 × dev:volume,6,sharpe,302.1,17.2,17.6,16/19,-8.9,0.88
dev:volH1 × rank:squeezeH1,6,sharpe,284.3,17.9,15.9,15/19,-10.0,0.88
dev:volH1 × dev:squeezeH1,6,sharpe,288.4,15.8,18.3,15/19,-12.0,0.83
rank:volH4 × dev:volH4,6,sharpe,290.0,16.0,18.1,14/19,-11.4,0.83
rank:volH4 × rank:volD1,6,sharpe,270.1,19.2,14.1,15/19,-10.8,0.85
rank:volH4 × dev:volD1,6,sharpe,300.9,19.4,15.5,15/19,-10.4,0.95
rank:volH4 × rank:adxH1,6,sharpe,294.4,14.9,19.8,15/19,-10.8,0.84
rank:volH4 × dev:adxH1,6,sharpe,263.7,18.1,14.6,13/19,-10.8,0.79
rank:volH4 × rank:adxH4,6,sharpe,273.2,19.4,14.1,15/19,-10.9,0.78
rank:volH4 × dev:adxH4,6,sharpe,277.1,18.3,15.1,15/19,-10.4,0.82
rank:volH4 × rank:adxD1,6,sharpe,289.0,20.2,14.3,14/19,-10.8,0.81
rank:volH4 × dev:adxD1,6,sharpe,271.3,20.3,13.4,14/19,-14.3,0.86
rank:volH4 × rank:effH1,6,sharpe,295.9,17.1,17.3,16/19,-10.2,0.77
rank:volH4 × dev:effH1,6,sharpe,295.1,15.6,18.9,14/19,-13.8,0.81
rank:volH4 × rank:effH4,6,sharpe,280.6,17.3,16.2,14/19,-10.4,0.86
rank:volH4 × dev:effH4,6,sharpe,267.5,18.5,14.5,15/19,-10.9,0.86
rank:volH4 × rank:stackH4,6,sharpe,298.4,16.4,18.2,15/19,-12.4,0.92
rank:volH4 × rank:ribbonD1,6,sharpe,292.1,17.3,16.9,15/19,-11.4,0.81
rank:volH4 × dev:ribbonD1,6,sharpe,281.7,17.5,16.1,15/19,-10.2,0.9
rank:volH4 × rank:dayrange,6,sharpe,282.2,15.9,17.7,16/19,-10.8,0.94
rank:volH4 × dev:dayrange,6,sharpe,286.9,17.1,16.8,15/19,-12.4,0.83
rank:volH4 × rank:hour,6,sharpe,261.9,19.8,13.2,14/19,-11.2,0.76
rank:volH4 × rank:posH4,6,sharpe,286.2,20.4,14.0,13/19,-11.8,0.76
rank:volH4 × dev:posH4,6,sharpe,307.5,17.3,17.8,14/19,-10.4,0.82
rank:volH4 × rank:distD1,6,sharpe,281.9,19.3,14.6,16/19,-10.9,0.86
rank:volH4 × dev:distD1,6,sharpe,284.2,21.0,13.5,13/19,-12.3,0.84
rank:volH4 × rank:volume,6,sharpe,275.2,16.9,16.3,15/19,-11.9,0.85
rank:volH4 × dev:volume,6,sharpe,291.8,17.3,16.9,15/19,-11.9,0.84
rank:volH4 × rank:squeezeH1,6,sharpe,304.5,15.4,19.8,15/19,-11.2,0.82
rank:volH4 × dev:squeezeH1,6,sharpe,269.6,15.9,17.0,16/19,-11.5,0.8
dev:volH4 × rank:volD1,6,sharpe,274.3,21.9,12.5,16/19,-12.1,0.76
dev:volH4 × dev:volD1,6,sharpe,300.4,20.4,14.7,16/19,-11.3,0.84
dev:volH4 × rank:adxH1,6,sharpe,289.8,15.9,18.2,15/19,-9.3,0.84
dev:volH4 × dev:adxH1,6,sharpe,267.2,15.8,16.9,15/19,-10.8,0.81
dev:volH4 × rank:adxH4,6,sharpe,286.2,18.6,15.4,15/19,-12.5,0.82
dev:volH4 × dev:adxH4,6,sharpe,286.7,18.6,15.4,15/19,-11.5,0.84
dev:volH4 × rank:adxD1,6,sharpe,294.1,20.4,14.4,15/19,-13.2,0.82
dev:volH4 × dev:adxD1,6,sharpe,271.4,20.5,13.2,14/19,-14.3,0.8
dev:volH4 × rank:effH1,6,sharpe,265.3,15.6,17.0,14/19,-11.2,0.75
dev:volH4 × dev:effH1,6,sharpe,264.9,19.5,13.6,16/19,-11.3,0.77
dev:volH4 × rank:effH4,6,sharpe,278.7,20.4,13.7,14/19,-11.8,0.77
dev:volH4 × dev:effH4,6,sharpe,277.2,17.8,15.6,15/19,-11.3,0.83
dev:volH4 × rank:stackH4,6,sharpe,276.2,18.8,14.7,15/19,-11.7,0.81
dev:volH4 × rank:ribbonD1,6,sharpe,291.2,18.6,15.7,15/19,-13.7,0.81
dev:volH4 × dev:ribbonD1,6,sharpe,290.0,18.5,15.7,16/19,-11.6,0.87
dev:volH4 × rank:dayrange,6,sharpe,281.8,18.3,15.4,16/19,-12.0,0.84
dev:volH4 × dev:dayrange,6,sharpe,292.0,18.0,16.2,16/19,-12.2,0.83
dev:volH4 × rank:hour,6,sharpe,281.8,18.7,15.1,16/19,-9.8,0.83
dev:volH4 × rank:posH4,6,sharpe,279.3,19.7,14.2,14/19,-9.7,0.77
dev:volH4 × dev:posH4,6,sharpe,285.1,18.3,15.6,15/19,-9.8,0.81
dev:volH4 × rank:distD1,6,sharpe,263.3,19.7,13.4,15/19,-11.8,0.79
dev:volH4 × dev:distD1,6,sharpe,249.8,18.2,13.7,15/19,-12.8,0.77
dev:volH4 × rank:volume,6,sharpe,281.8,14.3,19.7,16/19,-11.4,0.87
dev:volH4 × dev:volume,6,sharpe,278.7,18.5,15.1,15/19,-13.3,0.83
dev:volH4 × rank:squeezeH1,6,sharpe,258.1,20.6,12.5,14/19,-12.4,0.65
dev:volH4 × dev:squeezeH1,6,sharpe,259.6,21.7,12.0,15/19,-13.2,0.73
rank:volD1 × dev:volD1,6,sharpe,269.1,20.0,13.5,15/19,-10.9,0.83
rank:volD1 × rank:adxH1,6,sharpe,278.3,18.5,15.0,15/19,-10.4,0.81
rank:volD1 × dev:adxH1,6,sharpe,291.3,17.9,16.3,16/19,-9.4,0.89
rank:volD1 × rank:adxH4,6,sharpe,281.0,20.8,13.5,15/19,-11.9,0.79
rank:volD1 × dev:adxH4,6,sharpe,274.6,18.6,14.8,16/19,-10.6,0.83
rank:volD1 × rank:adxD1,6,sharpe,275.6,20.5,13.4,14/19,-13.1,0.78
rank:volD1 × dev:adxD1,6,sharpe,286.2,20.0,14.3,15/19,-13.7,0.79
rank:volD1 × rank:effH1,6,sharpe,275.5,19.9,13.8,15/19,-11.8,0.8
rank:volD1 × dev:effH1,6,sharpe,280.3,19.2,14.6,14/19,-9.5,0.81
rank:volD1 × rank:effH4,6,sharpe,270.5,20.0,13.5,14/19,-9.9,0.83
rank:volD1 × dev:effH4,6,sharpe,287.7,17.9,16.1,15/19,-8.8,0.84
rank:volD1 × rank:stackH4,6,sharpe,255.3,19.9,12.8,15/19,-12.3,0.74
rank:volD1 × rank:ribbonD1,6,sharpe,281.5,16.7,16.9,16/19,-11.8,0.81
rank:volD1 × dev:ribbonD1,6,sharpe,288.9,17.5,16.5,15/19,-9.3,0.87
rank:volD1 × rank:dayrange,6,sharpe,264.3,20.5,12.9,15/19,-8.5,0.79
rank:volD1 × dev:dayrange,6,sharpe,264.0,18.4,14.3,14/19,-12.7,0.74
rank:volD1 × rank:hour,6,sharpe,268.1,18.9,14.2,15/19,-12.3,0.75
rank:volD1 × rank:posH4,6,sharpe,288.1,18.8,15.3,16/19,-8.8,0.84
rank:volD1 × dev:posH4,6,sharpe,264.2,19.6,13.5,15/19,-10.3,0.77
rank:volD1 × rank:distD1,6,sharpe,277.2,19.1,14.5,16/19,-12.4,0.81
rank:volD1 × dev:distD1,6,sharpe,260.6,19.0,13.7,16/19,-13.3,0.74
rank:volD1 × rank:volume,6,sharpe,257.2,20.5,12.5,15/19,-11.8,0.74
rank:volD1 × dev:volume,6,sharpe,274.0,20.5,13.4,15/19,-12.3,0.78
rank:volD1 × rank:squeezeH1,6,sharpe,263.2,19.5,13.5,15/19,-12.3,0.81
rank:volD1 × dev:squeezeH1,6,sharpe,288.4,17.3,16.7,16/19,-12.8,0.86
dev:volD1 × rank:adxH1,6,sharpe,305.9,18.5,16.5,15/19,-11.1,0.88
dev:volD1 × dev:adxH1,6,sharpe,315.2,17.9,17.6,15/19,-11.6,0.94
dev:volD1 × rank:adxH4,6,sharpe,289.8,19.5,14.9,15/19,-11.5,0.84
dev:volD1 × dev:adxH4,6,sharpe,302.9,16.5,18.4,15/19,-10.3,0.89
dev:volD1 × rank:adxD1,6,sharpe,265.5,20.5,13.0,14/19,-13.2,0.8
dev:volD1 × dev:adxD1,6,sharpe,285.1,20.5,13.9,14/19,-11.2,0.86
dev:volD1 × rank:effH1,6,sharpe,286.2,19.9,14.4,16/19,-9.4,0.91
dev:volD1 × dev:effH1,6,sharpe,294.4,20.0,14.7,16/19,-11.1,0.87
dev:volD1 × rank:effH4,6,sharpe,292.0,20.0,14.6,16/19,-10.4,0.9
dev:volD1 × dev:effH4,6,sharpe,281.3,17.9,15.7,16/19,-11.9,0.89
dev:volD1 × rank:stackH4,6,sharpe,309.1,20.0,15.5,16/19,-12.2,0.96
dev:volD1 × rank:ribbonD1,6,sharpe,313.6,17.1,18.3,16/19,-9.3,0.9
dev:volD1 × dev:ribbonD1,6,sharpe,290.2,17.9,16.2,16/19,-9.9,0.89
dev:volD1 × rank:dayrange,6,sharpe,289.6,20.4,14.2,16/19,-10.2,0.85
dev:volD1 × dev:dayrange,6,sharpe,297.2,18.4,16.2,15/19,-12.9,0.87
dev:volD1 × rank:hour,6,sharpe,295.9,17.7,16.7,16/19,-10.4,0.88
dev:volD1 × rank:posH4,6,sharpe,306.8,18.8,16.3,16/19,-9.3,0.89
dev:volD1 × dev:posH4,6,sharpe,293.6,20.5,14.3,15/19,-9.7,0.84
dev:volD1 × rank:distD1,6,sharpe,291.5,20.5,14.2,15/19,-9.4,0.84
dev:volD1 × dev:distD1,6,sharpe,299.9,17.9,16.8,15/19,-9.2,0.83
dev:volD1 × rank:volume,6,sharpe,288.5,20.5,14.1,15/19,-10.8,0.8
dev:volD1 × dev:volume,6,sharpe,323.7,19.4,16.7,16/19,-8.9,0.95
dev:volD1 × rank:squeezeH1,6,sharpe,290.4,17.8,16.3,15/19,-9.7,0.93
dev:volD1 × dev:squeezeH1,6,sharpe,302.5,15.2,19.9,15/19,-11.7,1.0
rank:adxH1 × dev:adxH1,6,sharpe,271.9,13.9,19.6,15/19,-9.4,0.87
rank:adxH1 × rank:adxH4,6,sharpe,288.8,19.2,15.0,15/19,-11.8,0.77
rank:adxH1 × dev:adxH4,6,sharpe,278.8,18.4,15.2,16/19,-11.8,0.81
rank:adxH1 × rank:adxD1,6,sharpe,289.3,14.8,19.5,16/19,-11.2,0.85
rank:adxH1 × dev:adxD1,6,sharpe,284.3,18.5,15.4,16/19,-10.8,0.83
rank:adxH1 × rank:effH1,6,sharpe,270.0,17.4,15.5,15/19,-9.2,0.78
rank:adxH1 × dev:effH1,6,sharpe,290.6,16.3,17.8,16/19,-8.3,0.83
rank:adxH1 × rank:effH4,6,sharpe,280.3,17.3,16.2,15/19,-10.8,0.87
rank:adxH1 × dev:effH4,6,sharpe,299.5,17.2,17.4,15/19,-12.2,0.9
rank:adxH1 × rank:stackH4,6,sharpe,310.3,17.2,18.0,16/19,-11.3,0.86
rank:adxH1 × rank:ribbonD1,6,sharpe,285.5,15.4,18.5,16/19,-11.2,0.83
rank:adxH1 × dev:ribbonD1,6,sharpe,290.7,18.5,15.7,16/19,-11.7,0.87
rank:adxH1 × rank:dayrange,6,sharpe,285.0,16.6,17.2,16/19,-10.8,0.79
rank:adxH1 × dev:dayrange,6,sharpe,279.6,19.0,14.7,15/19,-11.3,0.8
rank:adxH1 × rank:hour,6,sharpe,298.3,15.9,18.8,16/19,-11.4,0.79
rank:adxH1 × rank:posH4,6,sharpe,294.0,17.3,17.0,14/19,-11.8,0.82
rank:adxH1 × dev:posH4,6,sharpe,303.8,15.4,19.7,13/19,-9.7,0.77
rank:adxH1 × rank:distD1,6,sharpe,290.3,18.3,15.9,16/19,-11.9,0.82
rank:adxH1 × dev:distD1,6,sharpe,279.8,20.0,14.0,15/19,-11.8,0.81
rank:adxH1 × rank:volume,6,sharpe,295.4,14.9,19.8,15/19,-8.9,0.79
rank:adxH1 × dev:volume,6,sharpe,298.0,14.7,20.3,15/19,-9.8,0.81
rank:adxH1 × rank:squeezeH1,6,sharpe,286.6,13.9,20.6,15/19,-11.9,0.88
rank:adxH1 × dev:squeezeH1,6,sharpe,290.9,15.9,18.3,16/19,-10.3,0.82
dev:adxH1 × rank:adxH4,6,sharpe,282.0,15.7,18.0,14/19,-12.4,0.77
dev:adxH1 × dev:adxH4,6,sharpe,267.1,14.0,19.1,16/19,-10.8,0.89
dev:adxH1 × rank:adxD1,6,sharpe,290.0,15.8,18.4,16/19,-10.0,0.89
dev:adxH1 × dev:adxD1,6,sharpe,268.8,16.2,16.6,16/19,-14.4,0.85
dev:adxH1 × rank:effH1,6,sharpe,266.3,14.9,17.9,15/19,-10.5,0.81
dev:adxH1 × dev:effH1,6,sharpe,268.2,15.0,17.9,14/19,-8.8,0.8
dev:adxH1 × rank:effH4,6,sharpe,312.3,17.2,18.2,15/19,-13.4,0.81
dev:adxH1 × dev:effH4,6,sharpe,282.0,16.9,16.7,16/19,-10.9,0.87
dev:adxH1 × rank:stackH4,6,sharpe,287.8,14.4,20.0,16/19,-14.4,0.86
dev:adxH1 × rank:ribbonD1,6,sharpe,324.9,14.7,22.1,16/19,-13.2,0.92
dev:adxH1 × dev:ribbonD1,6,sharpe,293.4,17.2,17.1,15/19,-11.3,0.87
dev:adxH1 × rank:dayrange,6,sharpe,269.6,15.5,17.4,14/19,-9.2,0.77
dev:adxH1 × dev:dayrange,6,sharpe,297.6,18.7,15.9,14/19,-10.7,0.83
dev:adxH1 × rank:hour,6,sharpe,279.9,15.9,17.6,14/19,-11.7,0.88
dev:adxH1 × rank:posH4,6,sharpe,281.7,15.9,17.7,14/19,-10.8,0.78
dev:adxH1 × dev:posH4,6,sharpe,279.7,17.8,15.7,13/19,-11.9,0.76
dev:adxH1 × rank:distD1,6,sharpe,282.7,15.5,18.2,17/19,-12.0,0.84
dev:adxH1 × dev:distD1,6,sharpe,286.3,16.7,17.1,15/19,-13.5,0.8
dev:adxH1 × rank:volume,6,sharpe,291.2,14.2,20.5,16/19,-11.5,0.81
dev:adxH1 × dev:volume,6,sharpe,294.3,14.4,20.4,16/19,-11.0,0.85
dev:adxH1 × rank:squeezeH1,6,sharpe,261.5,14.9,17.6,14/19,-12.3,0.79
dev:adxH1 × dev:squeezeH1,6,sharpe,266.8,13.5,19.8,14/19,-8.4,0.82
rank:adxH4 × dev:adxH4,6,sharpe,295.3,17.9,16.5,16/19,-10.3,0.8
rank:adxH4 × rank:adxD1,6,sharpe,285.9,20.6,13.9,14/19,-12.9,0.8
rank:adxH4 × dev:adxD1,6,sharpe,278.2,18.3,15.2,14/19,-11.9,0.77
rank:adxH4 × rank:effH1,6,sharpe,286.4,17.7,16.2,14/19,-10.5,0.83
rank:adxH4 × dev:effH1,6,sharpe,276.8,21.1,13.1,14/19,-9.3,0.81
rank:adxH4 × rank:effH4,6,sharpe,293.7,17.0,17.3,14/19,-9.9,0.82
rank:adxH4 × dev:effH4,6,sharpe,261.0,17.0,15.4,15/19,-10.9,0.78
rank:adxH4 × rank:stackH4,6,sharpe,299.2,18.0,16.6,15/19,-12.9,0.84
rank:adxH4 × rank:ribbonD1,6,sharpe,300.1,19.0,15.8,15/19,-12.3,0.8
rank:adxH4 × dev:ribbonD1,6,sharpe,277.6,17.6,15.8,15/19,-12.8,0.8
rank:adxH4 × rank:dayrange,6,sharpe,252.8,19.0,13.3,15/19,-11.9,0.79
rank:adxH4 × dev:dayrange,6,sharpe,256.3,20.9,12.3,15/19,-12.8,0.72
rank:adxH4 × rank:hour,6,sharpe,275.9,20.0,13.8,14/19,-9.9,0.8
rank:adxH4 × rank:posH4,6,sharpe,279.9,19.7,14.2,14/19,-9.5,0.81
rank:adxH4 × dev:posH4,6,sharpe,320.4,18.2,17.6,15/19,-9.9,0.88
rank:adxH4 × rank:distD1,6,sharpe,284.0,17.7,16.0,16/19,-12.9,0.82
rank:adxH4 × dev:distD1,6,sharpe,290.4,16.4,17.7,16/19,-11.9,0.86
rank:adxH4 × rank:volume,6,sharpe,281.0,20.8,13.5,15/19,-11.9,0.77
rank:adxH4 × dev:volume,6,sharpe,280.7,18.4,15.3,15/19,-10.4,0.81
rank:adxH4 × rank:squeezeH1,6,sharpe,305.5,17.6,17.4,14/19,-12.9,0.83
rank:adxH4 × dev:squeezeH1,6,sharpe,291.7,19.0,15.4,15/19,-11.4,0.77
dev:adxH4 × rank:adxD1,6,sharpe,286.8,19.5,14.7,15/19,-12.1,0.8
dev:adxH4 × dev:adxD1,6,sharpe,284.7,19.2,14.8,15/19,-10.8,0.83
dev:adxH4 × rank:effH1,6,sharpe,265.2,15.6,17.0,14/19,-9.5,0.82
dev:adxH4 × dev:effH1,6,sharpe,288.8,14.6,19.8,15/19,-9.3,0.87
dev:adxH4 × rank:effH4,6,sharpe,296.1,18.1,16.4,16/19,-9.7,0.82
dev:adxH4 × dev:effH4,6,sharpe,287.4,19.1,15.0,16/19,-9.3,0.86
dev:adxH4 × rank:stackH4,6,sharpe,297.6,20.3,14.7,16/19,-10.3,0.8
dev:adxH4 × rank:ribbonD1,6,sharpe,295.7,17.7,16.7,15/19,-11.4,0.79
dev:adxH4 × dev:ribbonD1,6,sharpe,283.2,17.9,15.8,16/19,-11.8,0.81
dev:adxH4 × rank:dayrange,6,sharpe,262.5,18.5,14.2,16/19,-9.9,0.79
dev:adxH4 × dev:dayrange,6,sharpe,262.0,17.0,15.4,15/19,-11.4,0.77
dev:adxH4 × rank:hour,6,sharpe,282.7,18.8,15.0,15/19,-10.0,0.79
dev:adxH4 × rank:posH4,6,sharpe,287.2,19.8,14.5,16/19,-11.5,0.79
dev:adxH4 × dev:posH4,6,sharpe,315.4,18.1,17.4,16/19,-8.3,0.83
dev:adxH4 × rank:distD1,6,sharpe,278.8,19.4,14.4,16/19,-9.3,0.78
dev:adxH4 × dev:distD1,6,sharpe,284.0,19.6,14.5,14/19,-9.9,0.79
dev:adxH4 × rank:volume,6,sharpe,277.4,20.3,13.7,16/19,-11.3,0.77
dev:adxH4 × dev:volume,6,sharpe,307.8,19.2,16.0,16/19,-9.4,0.81
dev:adxH4 × rank:squeezeH1,6,sharpe,276.8,18.8,14.7,16/19,-12.3,0.76
dev:adxH4 × dev:squeezeH1,6,sharpe,284.6,19.4,14.7,15/19,-10.8,0.8
rank:adxD1 × dev:adxD1,6,sharpe,292.3,19.3,15.1,15/19,-13.2,0.83
rank:adxD1 × rank:effH1,6,sharpe,280.4,15.1,18.6,15/19,-8.5,0.86
rank:adxD1 × dev:effH1,6,sharpe,280.8,17.6,16.0,15/19,-9.5,0.82
rank:adxD1 × rank:effH4,6,sharpe,292.8,16.5,17.7,14/19,-8.9,0.86
rank:adxD1 × dev:effH4,6,sharpe,304.4,15.2,20.0,15/19,-8.6,0.92
rank:adxD1 × rank:stackH4,6,sharpe,302.4,17.9,16.9,14/19,-7.5,0.86
rank:adxD1 × rank:ribbonD1,6,sharpe,310.7,18.4,16.9,15/19,-13.9,0.82
rank:adxD1 × dev:ribbonD1,6,sharpe,297.6,17.6,16.9,15/19,-11.8,0.89
rank:adxD1 × rank:dayrange,6,sharpe,279.1,17.7,15.8,16/19,-13.4,0.8
rank:adxD1 × dev:dayrange,6,sharpe,282.7,18.9,15.0,15/19,-11.5,0.78
rank:adxD1 × rank:hour,6,sharpe,286.5,20.0,14.3,15/19,-12.8,0.82
rank:adxD1 × rank:posH4,6,sharpe,292.6,16.6,17.6,15/19,-9.9,0.83
rank:adxD1 × dev:posH4,6,sharpe,311.0,16.3,19.1,15/19,-9.5,0.81
rank:adxD1 × rank:distD1,6,sharpe,284.9,19.7,14.5,14/19,-12.2,0.84
rank:adxD1 × dev:distD1,6,sharpe,290.9,15.9,18.3,14/19,-10.5,0.85
rank:adxD1 × rank:volume,6,sharpe,291.3,17.0,17.1,15/19,-10.8,0.85
rank:adxD1 × dev:volume,6,sharpe,317.6,17.4,18.3,15/19,-12.8,0.84
rank:adxD1 × rank:squeezeH1,6,sharpe,286.3,16.4,17.5,15/19,-11.3,0.85
rank:adxD1 × dev:squeezeH1,6,sharpe,294.0,18.7,15.7,15/19,-10.0,0.82
dev:adxD1 × rank:effH1,6,sharpe,289.7,16.4,17.7,14/19,-11.4,0.78
dev:adxD1 × dev:effH1,6,sharpe,279.9,18.2,15.4,13/19,-12.2,0.76
dev:adxD1 × rank:effH4,6,sharpe,283.9,19.4,14.6,15/19,-10.8,0.83
dev:adxD1 × dev:effH4,6,sharpe,287.0,15.3,18.8,15/19,-11.4,0.84
dev:adxD1 × rank:stackH4,6,sharpe,270.3,16.6,16.3,14/19,-12.7,0.79
dev:adxD1 × rank:ribbonD1,6,sharpe,300.2,19.0,15.8,15/19,-14.3,0.81
dev:adxD1 × dev:ribbonD1,6,sharpe,261.0,17.6,14.8,16/19,-14.4,0.74
dev:adxD1 × rank:dayrange,6,sharpe,278.8,18.1,15.4,16/19,-13.0,0.77
dev:adxD1 × dev:dayrange,6,sharpe,289.6,17.4,16.6,14/19,-13.7,0.74
dev:adxD1 × rank:hour,6,sharpe,277.0,20.4,13.6,15/19,-12.7,0.75
dev:adxD1 × rank:posH4,6,sharpe,290.1,20.4,14.2,15/19,-12.1,0.76
dev:adxD1 × dev:posH4,6,sharpe,273.1,19.0,14.4,15/19,-11.1,0.78
dev:adxD1 × rank:distD1,6,sharpe,271.1,19.0,14.3,14/19,-13.0,0.81
dev:adxD1 × dev:distD1,6,sharpe,269.1,19.9,13.5,13/19,-12.5,0.75
dev:adxD1 × rank:volume,6,sharpe,288.2,18.1,15.9,15/19,-13.3,0.78
dev:adxD1 × dev:volume,6,sharpe,271.8,19.5,13.9,15/19,-13.3,0.75
dev:adxD1 × rank:squeezeH1,6,sharpe,263.2,15.9,16.6,14/19,-11.7,0.73
dev:adxD1 × dev:squeezeH1,6,sharpe,261.1,17.6,14.8,13/19,-11.3,0.72
rank:effH1 × dev:effH1,6,sharpe,263.8,16.3,16.2,12/19,-8.2,0.75
rank:effH1 × rank:effH4,6,sharpe,282.7,16.0,17.7,15/19,-10.5,0.81
rank:effH1 × dev:effH4,6,sharpe,277.2,14.5,19.1,14/19,-9.5,0.77
rank:effH1 × rank:stackH4,6,sharpe,268.2,18.0,14.9,15/19,-9.7,0.8
rank:effH1 × rank:ribbonD1,6,sharpe,307.8,16.9,18.2,16/19,-9.7,0.85
rank:effH1 × dev:ribbonD1,6,sharpe,294.8,16.0,18.4,14/19,-10.0,0.83
rank:effH1 × rank:dayrange,6,sharpe,279.5,14.7,19.0,15/19,-10.3,0.8
rank:effH1 × dev:dayrange,6,sharpe,289.8,18.0,16.1,14/19,-10.6,0.77
rank:effH1 × rank:hour,6,sharpe,268.6,19.5,13.8,14/19,-11.0,0.72
rank:effH1 × rank:posH4,6,sharpe,290.4,16.4,17.7,13/19,-11.8,0.8
rank:effH1 × dev:posH4,6,sharpe,279.8,17.1,16.4,14/19,-11.9,0.78
rank:effH1 × rank:distD1,6,sharpe,257.5,17.7,14.5,15/19,-10.5,0.77
rank:effH1 × dev:distD1,6,sharpe,272.7,18.0,15.2,13/19,-10.5,0.74
rank:effH1 × rank:volume,6,sharpe,284.4,17.4,16.3,15/19,-11.5,0.79
rank:effH1 × dev:volume,6,sharpe,280.7,16.7,16.8,15/19,-12.0,0.79
rank:effH1 × rank:squeezeH1,6,sharpe,285.7,16.9,16.9,15/19,-11.0,0.74
rank:effH1 × dev:squeezeH1,6,sharpe,259.4,15.9,16.3,14/19,-11.0,0.69
dev:effH1 × rank:effH4,6,sharpe,273.6,15.9,17.2,14/19,-10.9,0.83
dev:effH1 × dev:effH4,6,sharpe,279.4,17.4,16.1,15/19,-9.4,0.83
dev:effH1 × rank:stackH4,6,sharpe,264.6,17.8,14.9,14/19,-9.2,0.79
dev:effH1 × rank:ribbonD1,6,sharpe,299.5,14.8,20.2,16/19,-10.3,0.83
dev:effH1 × dev:ribbonD1,6,sharpe,283.1,18.7,15.1,15/19,-10.4,0.81
dev:effH1 × rank:dayrange,6,sharpe,290.9,15.1,19.3,14/19,-11.6,0.8
dev:effH1 × dev:dayrange,6,sharpe,272.8,18.0,15.2,15/19,-10.3,0.73
dev:effH1 × rank:hour,6,sharpe,262.3,21.4,12.3,13/19,-12.0,0.68
dev:effH1 × rank:posH4,6,sharpe,286.3,15.7,18.2,14/19,-9.9,0.77
dev:effH1 × dev:posH4,6,sharpe,282.2,18.0,15.7,16/19,-10.3,0.78
dev:effH1 × rank:distD1,6,sharpe,278.9,17.5,15.9,14/19,-9.3,0.78
dev:effH1 × dev:distD1,6,sharpe,305.1,18.0,17.0,15/19,-9.7,0.84
dev:effH1 × rank:volume,6,sharpe,297.1,16.3,18.2,14/19,-10.9,0.77
dev:effH1 × dev:volume,6,sharpe,264.2,17.5,15.1,14/19,-9.5,0.78
dev:effH1 × rank:squeezeH1,6,sharpe,272.6,16.7,16.3,15/19,-12.7,0.76
dev:effH1 × dev:squeezeH1,6,sharpe,281.7,15.1,18.7,14/19,-10.0,0.8
rank:effH4 × dev:effH4,6,sharpe,293.6,18.2,16.1,15/19,-12.3,0.79
rank:effH4 × rank:stackH4,6,sharpe,293.5,19.8,14.8,15/19,-10.9,0.78
rank:effH4 × rank:ribbonD1,6,sharpe,307.5,16.8,18.3,15/19,-11.8,0.87
rank:effH4 × dev:ribbonD1,6,sharpe,300.9,17.4,17.3,14/19,-11.4,0.85
rank:effH4 × rank:dayrange,6,sharpe,313.1,17.9,17.5,16/19,-12.2,0.87
rank:effH4 × dev:dayrange,6,sharpe,279.5,17.9,15.6,15/19,-11.7,0.74
rank:effH4 × rank:hour,6,sharpe,280.3,19.3,14.5,15/19,-10.4,0.79
rank:effH4 × rank:posH4,6,sharpe,286.2,19.3,14.8,16/19,-10.2,0.84
rank:effH4 × dev:posH4,6,sharpe,273.6,19.0,14.4,14/19,-9.0,0.82
rank:effH4 × rank:distD1,6,sharpe,284.4,16.4,17.3,15/19,-10.9,0.84
rank:effH4 × dev:distD1,6,sharpe,304.2,19.0,16.0,15/19,-12.3,0.79
rank:effH4 × rank:volume,6,sharpe,290.0,20.0,14.5,16/19,-12.9,0.85
rank:effH4 × dev:volume,6,sharpe,266.2,20.4,13.0,15/19,-9.9,0.8
rank:effH4 × rank:squeezeH1,6,sharpe,309.2,16.4,18.9,15/19,-12.8,0.8
rank:effH4 × dev:squeezeH1,6,sharpe,290.2,20.5,14.2,15/19,-11.8,0.78
dev:effH4 × rank:stackH4,6,sharpe,288.7,16.9,17.1,16/19,-9.9,0.84
dev:effH4 × rank:ribbonD1,6,sharpe,298.1,16.6,18.0,15/19,-11.3,0.81
dev:effH4 × dev:ribbonD1,6,sharpe,281.9,17.4,16.2,15/19,-11.9,0.87
dev:effH4 × rank:dayrange,6,sharpe,283.7,15.9,17.8,16/19,-11.9,0.86
dev:effH4 × dev:dayrange,6,sharpe,253.9,16.8,15.1,14/19,-10.3,0.75
dev:effH4 × rank:hour,6,sharpe,271.5,19.7,13.8,15/19,-12.6,0.75
dev:effH4 × rank:posH4,6,sharpe,290.2,16.5,17.6,15/19,-7.3,0.85
dev:effH4 × dev:posH4,6,sharpe,296.0,17.6,16.8,15/19,-9.9,0.83
dev:effH4 × rank:distD1,6,sharpe,268.6,16.4,16.4,15/19,-10.9,0.79
dev:effH4 × dev:distD1,6,sharpe,296.4,18.0,16.5,15/19,-12.3,0.85
dev:effH4 × rank:volume,6,sharpe,269.1,13.9,19.4,15/19,-11.9,0.79
dev:effH4 × dev:volume,6,sharpe,293.0,19.4,15.1,16/19,-10.9,0.83
dev:effH4 × rank:squeezeH1,6,sharpe,272.0,15.6,17.4,15/19,-11.3,0.76
dev:effH4 × dev:squeezeH1,6,sharpe,282.2,18.7,15.1,14/19,-12.8,0.72
rank:stackH4 × rank:ribbonD1,6,sharpe,324.5,17.6,18.4,15/19,-12.3,0.87
rank:stackH4 × dev:ribbonD1,6,sharpe,295.7,17.9,16.5,16/19,-11.8,0.86
rank:stackH4 × rank:dayrange,6,sharpe,272.2,14.5,18.8,16/19,-11.0,0.85
rank:stackH4 × dev:dayrange,6,sharpe,280.2,17.0,16.5,16/19,-12.2,0.83
rank:stackH4 × rank:hour,6,sharpe,292.0,19.4,15.1,14/19,-11.0,0.78
rank:stackH4 × rank:posH4,6,sharpe,292.6,19.8,14.8,14/19,-11.2,0.78
rank:stackH4 × dev:posH4,6,sharpe,283.7,20.3,14.0,14/19,-11.4,0.74
rank:stackH4 × rank:distD1,6,sharpe,272.9,17.5,15.6,16/19,-11.5,0.82
rank:stackH4 × dev:distD1,6,sharpe,264.6,17.9,14.8,14/19,-10.7,0.8
rank:stackH4 × rank:volume,6,sharpe,276.8,18.5,15.0,15/19,-12.9,0.79
rank:stackH4 × dev:volume,6,sharpe,282.0,20.5,13.8,16/19,-11.0,0.83
rank:stackH4 × rank:squeezeH1,6,sharpe,290.7,15.0,19.4,15/19,-10.7,0.78
rank:stackH4 × dev:squeezeH1,6,sharpe,283.4,19.4,14.6,15/19,-12.3,0.77
rank:ribbonD1 × dev:ribbonD1,6,sharpe,315.2,17.9,17.6,15/19,-12.5,0.84
rank:ribbonD1 × rank:dayrange,6,sharpe,295.4,15.2,19.4,16/19,-10.7,0.9
rank:ribbonD1 × dev:dayrange,6,sharpe,313.4,20.2,15.5,16/19,-12.7,0.87
rank:ribbonD1 × rank:hour,6,sharpe,286.9,19.7,14.6,16/19,-13.9,0.8
rank:ribbonD1 × rank:posH4,6,sharpe,318.0,15.1,21.1,15/19,-9.9,0.85
rank:ribbonD1 × dev:posH4,6,sharpe,320.3,18.3,17.5,16/19,-10.3,0.79
rank:ribbonD1 × rank:distD1,6,sharpe,281.8,15.9,17.7,16/19,-12.3,0.8
rank:ribbonD1 × dev:distD1,6,sharpe,288.8,16.4,17.6,14/19,-11.3,0.78
rank:ribbonD1 × rank:volume,6,sharpe,311.6,16.7,18.7,16/19,-12.8,0.81
rank:ribbonD1 × dev:volume,6,sharpe,307.7,17.4,17.7,15/19,-10.3,0.82
rank:ribbonD1 × rank:squeezeH1,6,sharpe,302.1,14.3,21.1,14/19,-12.3,0.85
rank:ribbonD1 × dev:squeezeH1,6,sharpe,288.0,17.7,16.3,15/19,-12.8,0.8
dev:ribbonD1 × rank:dayrange,6,sharpe,286.8,18.1,15.8,16/19,-11.2,0.84
dev:ribbonD1 × dev:dayrange,6,sharpe,296.1,18.0,16.5,16/19,-11.0,0.86
dev:ribbonD1 × rank:hour,6,sharpe,287.2,18.5,15.5,15/19,-11.2,0.85
dev:ribbonD1 × rank:posH4,6,sharpe,299.7,17.9,16.7,15/19,-10.4,0.81
dev:ribbonD1 × dev:posH4,6,sharpe,294.0,17.9,16.4,16/19,-8.6,0.85
dev:ribbonD1 × rank:distD1,6,sharpe,286.2,18.7,15.3,16/19,-11.2,0.87
dev:ribbonD1 × dev:distD1,6,sharpe,291.1,18.0,16.2,15/19,-9.8,0.88
dev:ribbonD1 × rank:volume,6,sharpe,283.6,18.1,15.7,15/19,-12.9,0.78
dev:ribbonD1 × dev:volume,6,sharpe,305.3,16.9,18.1,15/19,-11.9,0.85
dev:ribbonD1 × rank:squeezeH1,6,sharpe,297.9,17.3,17.2,15/19,-10.4,0.85
dev:ribbonD1 × dev:squeezeH1,6,sharpe,279.9,18.5,15.1,14/19,-13.0,0.77
rank:dayrange × dev:dayrange,6,sharpe,261.5,18.0,14.5,16/19,-11.3,0.82
rank:dayrange × rank:hour,6,sharpe,295.5,19.6,15.1,16/19,-12.4,0.82
rank:dayrange × rank:posH4,6,sharpe,325.8,13.7,23.8,15/19,-9.1,0.83
rank:dayrange × dev:posH4,6,sharpe,284.3,17.2,16.5,16/19,-11.8,0.85
rank:dayrange × rank:distD1,6,sharpe,300.9,18.1,16.6,16/19,-11.8,0.91
rank:dayrange × dev:distD1,6,sharpe,271.3,16.7,16.2,15/19,-10.7,0.79
rank:dayrange × rank:volume,6,sharpe,273.4,15.9,17.2,16/19,-11.8,0.77
rank:dayrange × dev:volume,6,sharpe,318.4,15.5,20.5,16/19,-11.8,0.91
rank:dayrange × rank:squeezeH1,6,sharpe,277.9,16.7,16.6,16/19,-9.9,0.77
rank:dayrange × dev:squeezeH1,6,sharpe,293.4,18.7,15.7,15/19,-11.0,0.79
dev:dayrange × rank:hour,6,sharpe,298.6,19.4,15.4,16/19,-12.4,0.85
dev:dayrange × rank:posH4,6,sharpe,296.8,16.4,18.1,14/19,-10.8,0.77
dev:dayrange × dev:posH4,6,sharpe,294.4,16.0,18.4,16/19,-12.9,0.8
dev:dayrange × rank:distD1,6,sharpe,272.9,18.7,14.6,15/19,-13.4,0.82
dev:dayrange × dev:distD1,6,sharpe,283.6,16.4,17.3,14/19,-11.4,0.76
dev:dayrange × rank:volume,6,sharpe,300.8,17.3,17.4,16/19,-10.8,0.79
dev:dayrange × dev:volume,6,sharpe,301.5,16.6,18.2,16/19,-12.4,0.83
dev:dayrange × rank:squeezeH1,6,sharpe,266.3,18.4,14.5,14/19,-11.1,0.75
dev:dayrange × dev:squeezeH1,6,sharpe,274.4,18.0,15.2,15/19,-11.5,0.73
rank:hour × rank:posH4,6,sharpe,297.6,16.6,17.9,14/19,-13.0,0.76
rank:hour × dev:posH4,6,sharpe,288.0,18.3,15.7,16/19,-10.0,0.73
rank:hour × rank:distD1,6,sharpe,273.7,18.9,14.5,14/19,-10.8,0.83
rank:hour × dev:distD1,6,sharpe,283.1,17.7,16.0,14/19,-10.2,0.8
rank:hour × rank:volume,6,sharpe,278.0,16.6,16.7,15/19,-10.4,0.81
rank:hour × dev:volume,6,sharpe,284.1,18.9,15.0,15/19,-8.8,0.82
rank:hour × rank:squeezeH1,6,sharpe,275.1,16.0,17.2,15/19,-11.4,0.8
rank:hour × dev:squeezeH1,6,sharpe,271.3,18.7,14.5,15/19,-12.3,0.75
rank:posH4 × dev:posH4,6,sharpe,286.1,19.8,14.4,15/19,-10.7,0.76
rank:posH4 × rank:distD1,6,sharpe,299.3,19.2,15.6,14/19,-10.9,0.8
rank:posH4 × dev:distD1,6,sharpe,294.5,15.2,19.4,14/19,-8.7,0.86
rank:posH4 × rank:volume,6,sharpe,290.5,18.4,15.8,14/19,-9.9,0.76
rank:posH4 × dev:volume,6,sharpe,282.6,19.4,14.6,14/19,-10.4,0.77
rank:posH4 × rank:squeezeH1,6,sharpe,304.6,16.5,18.5,15/19,-8.3,0.84
rank:posH4 × dev:squeezeH1,6,sharpe,285.1,19.8,14.4,14/19,-9.2,0.75
dev:posH4 × rank:distD1,6,sharpe,271.3,17.1,15.9,14/19,-10.9,0.74
dev:posH4 × dev:distD1,6,sharpe,316.3,15.8,20.0,14/19,-10.3,0.79
dev:posH4 × rank:volume,6,sharpe,290.5,18.8,15.5,16/19,-10.9,0.77
dev:posH4 × dev:volume,6,sharpe,297.5,20.0,14.9,15/19,-11.9,0.81
dev:posH4 × rank:squeezeH1,6,sharpe,274.0,17.7,15.5,15/19,-13.4,0.8
dev:posH4 × dev:squeezeH1,6,sharpe,295.1,18.7,15.8,14/19,-9.7,0.75
rank:distD1 × dev:distD1,6,sharpe,270.5,16.9,16.0,15/19,-12.0,0.82
rank:distD1 × rank:volume,6,sharpe,284.4,17.0,16.7,14/19,-11.5,0.79
rank:distD1 × dev:volume,6,sharpe,279.6,19.2,14.6,14/19,-12.0,0.8
rank:distD1 × rank:squeezeH1,6,sharpe,280.1,18.7,15.0,15/19,-13.4,0.77
rank:distD1 × dev:squeezeH1,6,sharpe,287.1,18.6,15.4,16/19,-10.9,0.85
dev:distD1 × rank:volume,6,sharpe,274.7,18.4,14.9,13/19,-10.7,0.71
dev:distD1 × dev:volume,6,sharpe,291.5,18.4,15.8,16/19,-11.9,0.87
dev:distD1 × rank:squeezeH1,6,sharpe,260.3,14.8,17.6,13/19,-10.7,0.72
dev:distD1 × dev:squeezeH1,6,sharpe,253.1,19.7,12.8,14/19,-9.7,0.72
rank:volume × dev:volume,6,sharpe,291.8,16.4,17.8,15/19,-11.5,0.83
rank:volume × rank:squeezeH1,6,sharpe,306.3,13.8,22.2,16/19,-12.4,0.76
rank:volume × dev:squeezeH1,6,sharpe,285.6,17.0,16.8,14/19,-13.2,0.73
dev:volume × rank:squeezeH1,6,sharpe,289.9,15.3,18.9,15/19,-9.7,0.81
dev:volume × dev:squeezeH1,6,sharpe,282.7,17.4,16.2,15/19,-13.2,0.79
rank:squeezeH1 × dev:squeezeH1,6,sharpe,272.3,18.4,14.8,14/19,-11.2,0.71
none,3,mean,297.7,19.2,15.5,13/19,-12.8,0.75
rank:volH1,3,mean,273.8,19.0,14.4,13/19,-11.8,0.74
dev:volH1,3,mean,277.3,16.6,16.7,15/19,-11.8,0.77
rank:volH4,3,mean,303.6,19.2,15.8,13/19,-12.8,0.8
dev:volH4,3,mean,278.4,19.1,14.6,13/19,-12.8,0.74
rank:volD1,3,mean,309.2,20.0,15.5,14/19,-12.8,0.79
dev:volD1,3,mean,298.7,20.0,14.9,13/19,-12.8,0.83
rank:adxH1,3,mean,300.2,15.2,19.8,15/19,-11.4,0.74
dev:adxH1,3,mean,285.0,17.8,16.0,13/19,-12.8,0.7
rank:adxH4,3,mean,304.5,19.7,15.5,14/19,-12.4,0.79
dev:adxH4,3,mean,286.7,20.3,14.1,13/19,-12.4,0.72
rank:adxD1,3,mean,296.1,15.9,18.6,14/19,-10.6,0.76
dev:adxD1,3,mean,305.2,16.7,18.3,13/19,-12.3,0.75
rank:effH1,3,mean,273.8,18.2,15.0,13/19,-12.4,0.7
dev:effH1,3,mean,274.3,16.6,16.5,13/19,-12.8,0.7
rank:effH4,3,mean,309.2,20.1,15.4,15/19,-12.4,0.76
dev:effH4,3,mean,287.7,18.9,15.2,13/19,-11.4,0.74
rank:stackH4,3,mean,288.0,20.8,13.8,13/19,-12.8,0.72
rank:ribbonD1,3,mean,306.1,19.3,15.9,13/19,-12.8,0.76
dev:ribbonD1,3,mean,283.0,19.7,14.4,13/19,-12.8,0.77
rank:dayrange,3,mean,280.2,17.2,16.3,14/19,-13.0,0.72
dev:dayrange,3,mean,276.2,19.4,14.2,13/19,-13.7,0.7
rank:hour,3,mean,283.9,19.0,14.9,13/19,-12.8,0.7
rank:posH4,3,mean,298.1,19.8,15.1,13/19,-11.4,0.75
dev:posH4,3,mean,285.2,20.3,14.0,13/19,-12.8,0.72
rank:distD1,3,mean,280.2,19.7,14.2,13/19,-12.8,0.73
dev:distD1,3,mean,297.1,19.7,15.1,13/19,-13.8,0.72
rank:volume,3,mean,309.7,19.2,16.1,13/19,-12.8,0.74
dev:volume,3,mean,280.9,20.5,13.7,13/19,-12.8,0.7
rank:squeezeH1,3,mean,300.3,15.5,19.4,14/19,-12.8,0.74
dev:squeezeH1,3,mean,279.1,20.4,13.7,14/19,-12.8,0.71
rank:volH1 × dev:volH1,3,mean,296.1,16.4,18.1,15/19,-11.8,0.82
rank:volH1 × rank:volH4,3,mean,282.6,19.8,14.3,14/19,-12.8,0.75
rank:volH1 × dev:volH4,3,mean,280.3,18.2,15.4,15/19,-11.8,0.77
rank:volH1 × rank:volD1,3,mean,311.0,20.4,15.2,16/19,-10.8,0.81
rank:volH1 × dev:volD1,3,mean,293.9,20.4,14.4,15/19,-10.3,0.78
rank:volH1 × rank:adxH1,3,mean,313.9,16.9,18.6,15/19,-12.8,0.77
rank:volH1 × dev:adxH1,3,mean,301.7,18.0,16.8,15/19,-12.8,0.83
rank:volH1 × rank:adxH4,3,mean,298.0,19.7,15.1,14/19,-12.0,0.76
rank:volH1 × dev:adxH4,3,mean,302.8,19.0,15.9,14/19,-12.4,0.77
rank:volH1 × rank:adxD1,3,mean,285.7,17.1,16.7,13/19,-12.8,0.74
rank:volH1 × dev:adxD1,3,mean,292.9,18.5,15.8,13/19,-12.8,0.76
rank:volH1 × rank:effH1,3,mean,276.8,15.9,17.4,15/19,-11.8,0.75
rank:volH1 × dev:effH1,3,mean,278.9,17.1,16.3,14/19,-11.3,0.75
rank:volH1 × rank:effH4,3,mean,295.6,17.8,16.6,15/19,-10.9,0.74
rank:volH1 × dev:effH4,3,mean,284.2,18.9,15.0,14/19,-10.9,0.78
rank:volH1 × rank:stackH4,3,mean,264.7,19.0,13.9,13/19,-11.8,0.72
rank:volH1 × rank:ribbonD1,3,mean,287.3,18.4,15.6,15/19,-11.8,0.71
rank:volH1 × dev:ribbonD1,3,mean,305.9,18.4,16.6,15/19,-12.8,0.8
rank:volH1 × rank:dayrange,3,mean,279.2,18.9,14.8,13/19,-11.0,0.71
rank:volH1 × dev:dayrange,3,mean,277.6,18.7,14.8,13/19,-12.4,0.7
rank:volH1 × rank:hour,3,mean,298.1,19.5,15.3,14/19,-12.8,0.73
rank:volH1 × rank:posH4,3,mean,291.1,19.7,14.8,15/19,-11.4,0.78
rank:volH1 × dev:posH4,3,mean,284.7,17.1,16.6,14/19,-11.8,0.78
rank:volH1 × rank:distD1,3,mean,283.9,20.4,13.9,14/19,-12.8,0.72
rank:volH1 × dev:distD1,3,mean,275.7,17.6,15.7,13/19,-11.8,0.72
rank:volH1 × rank:volume,3,mean,294.5,18.0,16.4,14/19,-11.4,0.74
rank:volH1 × dev:volume,3,mean,284.3,18.5,15.4,14/19,-9.9,0.8
rank:volH1 × rank:squeezeH1,3,mean,282.1,16.1,17.5,15/19,-12.8,0.77
rank:volH1 × dev:squeezeH1,3,mean,251.5,18.5,13.6,13/19,-11.8,0.72
dev:volH1 × rank:volH4,3,mean,302.9,19.8,15.3,15/19,-12.8,0.81
dev:volH1 × dev:volH4,3,mean,288.7,16.2,17.8,15/19,-11.8,0.79
dev:volH1 × rank:volD1,3,mean,322.2,20.0,16.1,14/19,-11.8,0.76
dev:volH1 × dev:volD1,3,mean,330.1,19.9,16.6,16/19,-11.9,0.83
dev:volH1 × rank:adxH1,3,mean,322.3,15.6,20.7,15/19,-11.8,0.77
dev:volH1 × dev:adxH1,3,mean,293.3,17.3,17.0,15/19,-11.8,0.78
dev:volH1 × rank:adxH4,3,mean,300.7,17.7,17.0,15/19,-12.8,0.76
dev:volH1 × dev:adxH4,3,mean,304.5,15.4,19.8,14/19,-12.8,0.79
dev:volH1 × rank:adxD1,3,mean,281.8,17.4,16.2,15/19,-12.8,0.76
dev:volH1 × dev:adxD1,3,mean,291.3,19.3,15.1,13/19,-11.8,0.73
dev:volH1 × rank:effH1,3,mean,280.2,17.7,15.8,15/19,-10.3,0.74
dev:volH1 × dev:effH1,3,mean,308.7,17.0,18.2,15/19,-11.3,0.79
dev:volH1 × rank:effH4,3,mean,299.5,18.2,16.5,15/19,-11.8,0.76
dev:volH1 × dev:effH4,3,mean,298.6,16.7,17.9,14/19,-12.3,0.82
dev:volH1 × rank:stackH4,3,mean,283.0,17.3,16.4,15/19,-11.8,0.79
dev:volH1 × rank:ribbonD1,3,mean,299.2,16.1,18.6,14/19,-12.3,0.76
dev:volH1 × dev:ribbonD1,3,mean,293.2,17.2,17.0,15/19,-12.8,0.83
dev:volH1 × rank:dayrange,3,mean,286.1,16.5,17.3,15/19,-10.3,0.78
dev:volH1 × dev:dayrange,3,mean,282.0,17.3,16.3,15/19,-13.5,0.79
dev:volH1 × rank:hour,3,mean,302.3,16.3,18.5,14/19,-12.8,0.77
dev:volH1 × rank:posH4,3,mean,303.2,16.9,17.9,14/19,-11.4,0.78
dev:volH1 × dev:posH4,3,mean,289.9,19.0,15.3,15/19,-11.8,0.78
dev:volH1 × rank:distD1,3,mean,309.4,20.0,15.5,14/19,-12.5,0.77
dev:volH1 × dev:distD1,3,mean,314.0,18.5,17.0,13/19,-11.8,0.76
dev:volH1 × rank:volume,3,mean,257.1,17.5,14.7,14/19,-11.3,0.72
dev:volH1 × dev:volume,3,mean,283.5,17.0,16.7,14/19,-12.8,0.74
dev:volH1 × rank:squeezeH1,3,mean,299.1,17.9,16.7,15/19,-11.8,0.78
dev:volH1 × dev:squeezeH1,3,mean,305.6,15.7,19.5,15/19,-11.8,0.79
rank:volH4 × dev:volH4,3,mean,299.5,17.0,17.6,13/19,-12.8,0.8
rank:volH4 × rank:volD1,3,mean,288.3,19.3,14.9,14/19,-10.7,0.79
rank:volH4 × dev:volD1,3,mean,303.5,18.8,16.1,14/19,-10.8,0.82
rank:volH4 × rank:adxH1,3,mean,310.5,18.4,16.9,14/19,-12.4,0.77
rank:volH4 × dev:adxH1,3,mean,279.0,16.1,17.3,13/19,-12.8,0.77
rank:volH4 × rank:adxH4,3,mean,295.4,19.7,15.0,14/19,-12.4,0.8
rank:volH4 × dev:adxH4,3,mean,293.5,18.8,15.6,13/19,-12.4,0.78
rank:volH4 × rank:adxD1,3,mean,292.1,20.4,14.3,13/19,-10.9,0.75
rank:volH4 × dev:adxD1,3,mean,305.5,19.9,15.4,14/19,-12.3,0.81
rank:volH4 × rank:effH1,3,mean,304.3,17.1,17.8,13/19,-13.0,0.76
rank:volH4 × dev:effH1,3,mean,282.1,16.5,17.1,13/19,-12.4,0.73
rank:volH4 × rank:effH4,3,mean,279.0,18.2,15.3,13/19,-12.4,0.77
rank:volH4 × dev:effH4,3,mean,275.2,18.8,14.6,14/19,-12.4,0.77
rank:volH4 × rank:stackH4,3,mean,302.2,19.2,15.7,13/19,-12.8,0.79
rank:volH4 × rank:ribbonD1,3,mean,305.7,17.3,17.7,13/19,-12.4,0.8
rank:volH4 × dev:ribbonD1,3,mean,302.5,18.6,16.3,15/19,-11.9,0.81
rank:volH4 × rank:dayrange,3,mean,290.5,16.1,18.0,14/19,-12.9,0.84
rank:volH4 × dev:dayrange,3,mean,305.3,19.0,16.1,13/19,-13.3,0.77
rank:volH4 × rank:hour,3,mean,293.1,19.8,14.8,13/19,-12.8,0.74
rank:volH4 × rank:posH4,3,mean,301.8,20.4,14.8,13/19,-11.8,0.72
rank:volH4 × dev:posH4,3,mean,283.3,18.2,15.6,13/19,-12.8,0.74
rank:volH4 × rank:distD1,3,mean,305.1,18.1,16.9,13/19,-12.8,0.79
rank:volH4 × dev:distD1,3,mean,272.5,18.8,14.5,13/19,-11.8,0.72
rank:volH4 × rank:volume,3,mean,291.8,17.4,16.8,14/19,-12.4,0.77
rank:volH4 × dev:volume,3,mean,286.2,17.7,16.2,13/19,-12.4,0.77
rank:volH4 × rank:squeezeH1,3,mean,287.9,17.9,16.1,14/19,-12.8,0.73
rank:volH4 × dev:squeezeH1,3,mean,275.8,17.5,15.8,14/19,-12.8,0.79
dev:volH4 × rank:volD1,3,mean,275.4,20.9,13.2,13/19,-13.3,0.69
dev:volH4 × dev:volD1,3,mean,294.0,20.8,14.1,13/19,-12.3,0.77
dev:volH4 × rank:adxH1,3,mean,309.0,16.2,19.1,13/19,-11.4,0.75
dev:volH4 × dev:adxH1,3,mean,292.6,15.4,19.0,15/19,-12.8,0.78
dev:volH4 × rank:adxH4,3,mean,293.8,18.9,15.5,14/19,-12.4,0.76
dev:volH4 × dev:adxH4,3,mean,284.8,19.1,14.9,14/19,-12.4,0.78
dev:volH4 × rank:adxD1,3,mean,269.3,18.8,14.3,13/19,-11.3,0.71
dev:volH4 × dev:adxD1,3,mean,281.6,20.9,13.5,14/19,-12.8,0.76
dev:volH4 × rank:effH1,3,mean,284.6,15.6,18.2,14/19,-12.8,0.75
dev:volH4 × dev:effH1,3,mean,275.1,21.1,13.0,14/19,-12.8,0.72
dev:volH4 × rank:effH4,3,mean,276.5,20.4,13.6,13/19,-12.4,0.72
dev:volH4 × dev:effH4,3,mean,273.2,18.6,14.7,14/19,-11.9,0.74
dev:volH4 × rank:stackH4,3,mean,274.1,19.1,14.4,13/19,-12.8,0.73
dev:volH4 × rank:ribbonD1,3,mean,294.9,19.0,15.5,14/19,-12.8,0.75
dev:volH4 × dev:ribbonD1,3,mean,257.7,18.5,13.9,14/19,-12.8,0.75
dev:volH4 × rank:dayrange,3,mean,281.9,18.8,15.0,13/19,-12.8,0.72
dev:volH4 × dev:dayrange,3,mean,277.9,18.4,15.1,14/19,-12.8,0.73
dev:volH4 × rank:hour,3,mean,298.5,18.7,16.0,15/19,-12.3,0.75
dev:volH4 × rank:posH4,3,mean,294.6,19.7,15.0,13/19,-9.9,0.69
dev:volH4 × dev:posH4,3,mean,274.2,19.9,13.8,14/19,-12.8,0.71
dev:volH4 × rank:distD1,3,mean,310.4,18.6,16.7,14/19,-12.8,0.81
dev:volH4 × dev:distD1,3,mean,283.0,19.2,14.7,14/19,-12.8,0.77
dev:volH4 × rank:volume,3,mean,274.3,19.1,14.4,15/19,-11.8,0.76
dev:volH4 × dev:volume,3,mean,258.3,19.4,13.3,14/19,-13.8,0.76
dev:volH4 × rank:squeezeH1,3,mean,270.2,19.8,13.6,13/19,-12.3,0.68
dev:volH4 × dev:squeezeH1,3,mean,265.2,20.5,12.9,14/19,-13.3,0.74
rank:volD1 × dev:volD1,3,mean,287.8,20.0,14.4,15/19,-11.9,0.79
rank:volD1 × rank:adxH1,3,mean,277.6,18.5,15.0,13/19,-11.4,0.77
rank:volD1 × dev:adxH1,3,mean,315.5,17.9,17.6,14/19,-11.4,0.81
rank:volD1 × rank:adxH4,3,mean,320.7,20.0,16.0,14/19,-12.4,0.79
rank:volD1 × dev:adxH4,3,mean,271.3,17.6,15.4,14/19,-12.4,0.72
rank:volD1 × rank:adxD1,3,mean,297.2,20.0,14.9,13/19,-10.0,0.76
rank:volD1 × dev:adxD1,3,mean,307.1,20.0,15.4,14/19,-10.3,0.75
rank:volD1 × rank:effH1,3,mean,266.1,19.5,13.6,13/19,-12.8,0.69
rank:volD1 × dev:effH1,3,mean,298.5,20.2,14.8,15/19,-11.8,0.76
rank:volD1 × rank:effH4,3,mean,286.5,20.0,14.3,13/19,-12.4,0.77
rank:volD1 × dev:effH4,3,mean,299.6,18.1,16.6,13/19,-12.4,0.77
rank:volD1 × rank:stackH4,3,mean,302.7,19.9,15.2,14/19,-12.8,0.78
rank:volD1 × rank:ribbonD1,3,mean,287.7,17.5,16.4,13/19,-12.9,0.74
rank:volD1 × dev:ribbonD1,3,mean,287.3,17.5,16.4,13/19,-12.4,0.78
rank:volD1 × rank:dayrange,3,mean,310.5,20.8,14.9,15/19,-11.4,0.77
rank:volD1 × dev:dayrange,3,mean,306.3,19.9,15.4,14/19,-12.8,0.74
rank:volD1 × rank:hour,3,mean,293.5,18.5,15.9,13/19,-12.8,0.78
rank:volD1 × rank:posH4,3,mean,311.6,19.6,15.9,14/19,-12.4,0.75
rank:volD1 × dev:posH4,3,mean,304.0,20.5,14.8,13/19,-12.8,0.74
rank:volD1 × rank:distD1,3,mean,300.4,18.4,16.3,13/19,-12.8,0.74
rank:volD1 × dev:distD1,3,mean,293.9,17.6,16.7,15/19,-13.8,0.76
rank:volD1 × rank:volume,3,mean,287.6,20.5,14.0,15/19,-11.9,0.71
rank:volD1 × dev:volume,3,mean,289.9,20.5,14.1,13/19,-12.4,0.73
rank:volD1 × rank:squeezeH1,3,mean,295.6,20.0,14.8,13/19,-13.8,0.77
rank:volD1 × dev:squeezeH1,3,mean,279.3,18.3,15.3,13/19,-12.8,0.76
dev:volD1 × rank:adxH1,3,mean,292.9,18.5,15.8,15/19,-11.4,0.8
dev:volD1 × dev:adxH1,3,mean,313.3,17.9,17.5,14/19,-11.3,0.84
dev:volD1 × rank:adxH4,3,mean,305.0,19.6,15.6,14/19,-11.0,0.81
dev:volD1 × dev:adxH4,3,mean,299.4,17.6,17.0,13/19,-12.4,0.82
dev:volD1 × rank:adxD1,3,mean,304.9,20.0,15.2,14/19,-12.8,0.81
dev:volD1 × dev:adxD1,3,mean,300.8,20.0,15.0,13/19,-12.8,0.82
dev:volD1 × rank:effH1,3,mean,300.1,19.9,15.1,15/19,-13.0,0.83
dev:volD1 × dev:effH1,3,mean,318.4,20.0,15.9,15/19,-10.3,0.82
dev:volD1 × rank:effH4,3,mean,295.5,20.0,14.8,14/19,-12.4,0.84
dev:volD1 × dev:effH4,3,mean,293.9,17.9,16.4,14/19,-11.4,0.82
dev:volD1 × rank:stackH4,3,mean,295.5,19.9,14.8,13/19,-12.8,0.82
dev:volD1 × rank:ribbonD1,3,mean,291.7,18.7,15.6,13/19,-10.9,0.77
dev:volD1 × dev:ribbonD1,3,mean,291.8,17.9,16.3,13/19,-12.4,0.78
dev:volD1 × rank:dayrange,3,mean,294.1,20.8,14.1,14/19,-11.9,0.79
dev:volD1 × dev:dayrange,3,mean,314.5,19.9,15.8,14/19,-13.3,0.78
dev:volD1 × rank:hour,3,mean,297.6,18.5,16.1,14/19,-12.3,0.79
dev:volD1 × rank:posH4,3,mean,311.8,19.6,15.9,13/19,-10.4,0.79
dev:volD1 × dev:posH4,3,mean,300.5,20.5,14.7,14/19,-10.3,0.81
dev:volD1 × rank:distD1,3,mean,300.8,19.1,15.7,14/19,-10.9,0.8
dev:volD1 × dev:distD1,3,mean,312.3,17.9,17.4,14/19,-12.3,0.78
dev:volD1 × rank:volume,3,mean,289.9,20.5,14.1,14/19,-13.0,0.74
dev:volD1 × dev:volume,3,mean,303.7,20.5,14.8,15/19,-12.8,0.84
dev:volD1 × rank:squeezeH1,3,mean,290.1,19.9,14.6,14/19,-12.3,0.77
dev:volD1 × dev:squeezeH1,3,mean,315.8,18.0,17.5,14/19,-12.3,0.81
rank:adxH1 × dev:adxH1,3,mean,292.4,14.5,20.2,15/19,-11.9,0.72
rank:adxH1 × rank:adxH4,3,mean,301.3,20.3,14.8,13/19,-13.0,0.73
rank:adxH1 × dev:adxH4,3,mean,301.3,20.1,15.0,14/19,-11.9,0.74
rank:adxH1 × rank:adxD1,3,mean,309.1,14.7,21.0,14/19,-11.8,0.76
rank:adxH1 × dev:adxD1,3,mean,304.4,16.5,18.4,13/19,-12.3,0.77
rank:adxH1 × rank:effH1,3,mean,303.6,15.4,19.7,15/19,-12.8,0.76
rank:adxH1 × dev:effH1,3,mean,282.9,15.5,18.3,14/19,-11.8,0.73
rank:adxH1 × rank:effH4,3,mean,313.1,17.2,18.2,14/19,-12.4,0.76
rank:adxH1 × dev:effH4,3,mean,295.8,17.2,17.2,13/19,-12.4,0.77
rank:adxH1 × rank:stackH4,3,mean,304.7,15.8,19.3,14/19,-11.4,0.75
rank:adxH1 × rank:ribbonD1,3,mean,305.0,15.5,19.7,15/19,-12.8,0.8
rank:adxH1 × dev:ribbonD1,3,mean,299.7,18.3,16.4,14/19,-12.8,0.77
rank:adxH1 × rank:dayrange,3,mean,281.4,17.7,15.9,14/19,-12.8,0.69
rank:adxH1 × dev:dayrange,3,mean,302.4,19.0,15.9,15/19,-12.5,0.73
rank:adxH1 × rank:hour,3,mean,322.7,17.7,18.2,15/19,-12.4,0.78
rank:adxH1 × rank:posH4,3,mean,304.0,17.2,17.7,14/19,-11.4,0.76
rank:adxH1 × dev:posH4,3,mean,292.8,17.3,16.9,14/19,-11.4,0.73
rank:adxH1 × rank:distD1,3,mean,288.6,17.9,16.1,14/19,-11.4,0.72
rank:adxH1 × dev:distD1,3,mean,303.1,20.0,15.2,13/19,-12.8,0.7
rank:adxH1 × rank:volume,3,mean,288.2,14.8,19.5,14/19,-11.3,0.7
rank:adxH1 × dev:volume,3,mean,293.4,15.7,18.7,15/19,-12.7,0.71
rank:adxH1 × rank:squeezeH1,3,mean,291.4,16.3,17.9,13/19,-12.8,0.7
rank:adxH1 × dev:squeezeH1,3,mean,289.4,18.2,15.9,14/19,-12.8,0.7
dev:adxH1 × rank:adxH4,3,mean,304.7,15.7,19.4,15/19,-12.4,0.8
dev:adxH1 × dev:adxH4,3,mean,294.5,15.0,19.6,15/19,-12.4,0.74
dev:adxH1 × rank:adxD1,3,mean,303.4,17.7,17.1,14/19,-12.4,0.8
dev:adxH1 × dev:adxD1,3,mean,296.1,16.2,18.3,13/19,-10.8,0.75
dev:adxH1 × rank:effH1,3,mean,282.2,17.9,15.8,14/19,-12.5,0.71
dev:adxH1 × dev:effH1,3,mean,278.3,15.8,17.6,13/19,-11.8,0.72
dev:adxH1 × rank:effH4,3,mean,305.0,17.4,17.5,13/19,-12.4,0.74
dev:adxH1 × dev:effH4,3,mean,295.7,16.4,18.0,13/19,-12.4,0.77
dev:adxH1 × rank:stackH4,3,mean,285.9,15.5,18.4,13/19,-12.8,0.72
dev:adxH1 × rank:ribbonD1,3,mean,303.1,15.5,19.6,14/19,-12.8,0.81
dev:adxH1 × dev:ribbonD1,3,mean,294.4,18.6,15.8,14/19,-12.4,0.75
dev:adxH1 × rank:dayrange,3,mean,280.5,15.3,18.3,13/19,-12.4,0.73
dev:adxH1 × dev:dayrange,3,mean,273.0,19.0,14.4,14/19,-14.1,0.68
dev:adxH1 × rank:hour,3,mean,299.0,15.4,19.4,14/19,-12.8,0.74
dev:adxH1 × rank:posH4,3,mean,305.7,15.9,19.2,13/19,-12.4,0.75
dev:adxH1 × dev:posH4,3,mean,282.5,18.3,15.4,14/19,-11.8,0.73
dev:adxH1 × rank:distD1,3,mean,297.1,19.3,15.4,13/19,-12.8,0.75
dev:adxH1 × dev:distD1,3,mean,284.3,18.3,15.5,13/19,-11.8,0.73
dev:adxH1 × rank:volume,3,mean,291.3,14.9,19.6,14/19,-10.8,0.71
dev:adxH1 × dev:volume,3,mean,292.4,15.0,19.5,13/19,-12.4,0.72
dev:adxH1 × rank:squeezeH1,3,mean,265.7,16.3,16.3,14/19,-12.8,0.73
dev:adxH1 × dev:squeezeH1,3,mean,281.6,17.1,16.5,13/19,-12.8,0.74
rank:adxH4 × dev:adxH4,3,mean,286.0,17.9,16.0,14/19,-12.4,0.74
rank:adxH4 × rank:adxD1,3,mean,293.8,16.0,18.4,14/19,-11.4,0.76
rank:adxH4 × dev:adxD1,3,mean,298.9,18.3,16.3,14/19,-12.4,0.79
rank:adxH4 × rank:effH1,3,mean,292.3,17.7,16.5,15/19,-12.4,0.76
rank:adxH4 × dev:effH1,3,mean,297.0,20.8,14.3,14/19,-12.4,0.75
rank:adxH4 × rank:effH4,3,mean,298.4,18.1,16.5,14/19,-12.4,0.79
rank:adxH4 × dev:effH4,3,mean,296.9,18.0,16.5,14/19,-12.4,0.78
rank:adxH4 × rank:stackH4,3,mean,303.8,19.7,15.4,14/19,-12.4,0.78
rank:adxH4 × rank:ribbonD1,3,mean,296.2,19.9,14.9,14/19,-12.8,0.71
rank:adxH4 × dev:ribbonD1,3,mean,299.8,19.3,15.5,14/19,-12.4,0.78
rank:adxH4 × rank:dayrange,3,mean,267.9,19.0,14.1,14/19,-12.4,0.71
rank:adxH4 × dev:dayrange,3,mean,287.0,18.9,15.2,14/19,-12.8,0.73
rank:adxH4 × rank:hour,3,mean,274.4,19.0,14.4,13/19,-12.4,0.74
rank:adxH4 × rank:posH4,3,mean,297.7,19.7,15.1,14/19,-12.4,0.76
rank:adxH4 × dev:posH4,3,mean,306.8,19.3,15.9,13/19,-12.4,0.78
rank:adxH4 × rank:distD1,3,mean,312.6,17.7,17.7,15/19,-12.4,0.84
rank:adxH4 × dev:distD1,3,mean,291.3,18.9,15.4,13/19,-12.8,0.75
rank:adxH4 × rank:volume,3,mean,273.4,20.8,13.1,14/19,-11.4,0.73
rank:adxH4 × dev:volume,3,mean,300.6,18.4,16.3,13/19,-12.4,0.75
rank:adxH4 × rank:squeezeH1,3,mean,301.1,16.9,17.8,13/19,-12.4,0.79
rank:adxH4 × dev:squeezeH1,3,mean,293.5,19.0,15.4,14/19,-12.4,0.77
dev:adxH4 × rank:adxD1,3,mean,286.7,19.6,14.6,13/19,-11.8,0.73
dev:adxH4 × dev:adxD1,3,mean,285.0,20.1,14.2,13/19,-12.4,0.77
dev:adxH4 × rank:effH1,3,mean,281.8,15.9,17.7,14/19,-12.4,0.74
dev:adxH4 × dev:effH1,3,mean,304.3,17.0,17.9,14/19,-12.4,0.77
dev:adxH4 × rank:effH4,3,mean,293.8,19.1,15.4,15/19,-12.4,0.77
dev:adxH4 × dev:effH4,3,mean,299.9,19.1,15.7,13/19,-12.4,0.77
dev:adxH4 × rank:stackH4,3,mean,289.9,20.3,14.3,13/19,-12.4,0.72
dev:adxH4 × rank:ribbonD1,3,mean,300.5,18.7,16.1,13/19,-12.8,0.73
dev:adxH4 × dev:ribbonD1,3,mean,274.5,19.4,14.1,14/19,-12.8,0.72
dev:adxH4 × rank:dayrange,3,mean,285.8,18.9,15.1,14/19,-12.4,0.72
dev:adxH4 × dev:dayrange,3,mean,313.1,17.0,18.4,15/19,-12.8,0.75
dev:adxH4 × rank:hour,3,mean,292.4,18.8,15.6,13/19,-12.8,0.73
dev:adxH4 × rank:posH4,3,mean,282.0,17.6,16.0,14/19,-12.4,0.75
dev:adxH4 × dev:posH4,3,mean,300.9,18.3,16.4,13/19,-12.4,0.77
dev:adxH4 × rank:distD1,3,mean,293.4,19.4,15.1,14/19,-12.4,0.75
dev:adxH4 × dev:distD1,3,mean,288.8,19.7,14.7,13/19,-13.4,0.73
dev:adxH4 × rank:volume,3,mean,285.3,20.9,13.7,14/19,-11.4,0.71
dev:adxH4 × dev:volume,3,mean,283.6,20.6,13.8,14/19,-11.4,0.76
dev:adxH4 × rank:squeezeH1,3,mean,287.9,20.3,14.2,13/19,-12.8,0.71
dev:adxH4 × dev:squeezeH1,3,mean,288.1,19.8,14.6,13/19,-12.8,0.71
rank:adxD1 × dev:adxD1,3,mean,285.6,19.4,14.7,14/19,-10.8,0.73
rank:adxD1 × rank:effH1,3,mean,297.4,15.6,19.1,15/19,-11.8,0.77
rank:adxD1 × dev:effH1,3,mean,289.5,17.6,16.4,14/19,-10.6,0.77
rank:adxD1 × rank:effH4,3,mean,300.6,15.8,19.0,14/19,-12.4,0.82
rank:adxD1 × dev:effH4,3,mean,286.4,15.6,18.4,14/19,-12.8,0.77
rank:adxD1 × rank:stackH4,3,mean,292.2,15.9,18.4,14/19,-10.6,0.75
rank:adxD1 × rank:ribbonD1,3,mean,288.6,19.7,14.6,14/19,-12.9,0.74
rank:adxD1 × dev:ribbonD1,3,mean,286.9,17.2,16.7,14/19,-11.9,0.76
rank:adxD1 × rank:dayrange,3,mean,278.4,17.7,15.7,13/19,-14.9,0.7
rank:adxD1 × dev:dayrange,3,mean,303.4,16.9,18.0,14/19,-12.8,0.76
rank:adxD1 × rank:hour,3,mean,284.8,18.9,15.1,14/19,-12.8,0.72
rank:adxD1 × rank:posH4,3,mean,277.9,17.0,16.3,13/19,-11.3,0.71
rank:adxD1 × dev:posH4,3,mean,289.0,17.2,16.8,13/19,-11.6,0.73
rank:adxD1 × rank:distD1,3,mean,283.5,17.1,16.6,13/19,-12.8,0.73
rank:adxD1 × dev:distD1,3,mean,267.9,15.9,16.8,13/19,-12.4,0.72
rank:adxD1 × rank:volume,3,mean,303.5,14.8,20.5,13/19,-10.3,0.73
rank:adxD1 × dev:volume,3,mean,312.1,16.4,19.0,14/19,-10.3,0.78
rank:adxD1 × rank:squeezeH1,3,mean,283.9,16.4,17.3,14/19,-12.4,0.72
rank:adxD1 × dev:squeezeH1,3,mean,278.7,16.7,16.7,13/19,-12.4,0.76
dev:adxD1 × rank:effH1,3,mean,291.5,17.4,16.8,13/19,-13.3,0.77
dev:adxD1 × dev:effH1,3,mean,285.3,16.6,17.2,13/19,-11.8,0.77
dev:adxD1 × rank:effH4,3,mean,311.3,20.0,15.6,13/19,-11.8,0.77
dev:adxD1 × dev:effH4,3,mean,281.8,18.1,15.6,13/19,-12.8,0.75
dev:adxD1 × rank:stackH4,3,mean,298.1,16.7,17.9,13/19,-12.3,0.74
dev:adxD1 × rank:ribbonD1,3,mean,280.0,19.3,14.5,14/19,-10.3,0.72
dev:adxD1 × dev:ribbonD1,3,mean,288.8,19.4,14.9,13/19,-12.8,0.75
dev:adxD1 × rank:dayrange,3,mean,285.2,18.5,15.4,13/19,-13.1,0.71
dev:adxD1 × dev:dayrange,3,mean,295.9,19.4,15.3,13/19,-13.3,0.7
dev:adxD1 × rank:hour,3,mean,292.8,20.4,14.4,13/19,-12.8,0.72
dev:adxD1 × rank:posH4,3,mean,291.8,20.4,14.3,14/19,-11.4,0.68
dev:adxD1 × dev:posH4,3,mean,266.2,19.0,14.0,13/19,-10.8,0.68
dev:adxD1 × rank:distD1,3,mean,307.3,18.7,16.4,13/19,-11.8,0.77
dev:adxD1 × dev:distD1,3,mean,288.2,20.0,14.4,13/19,-12.8,0.71
dev:adxD1 × rank:volume,3,mean,310.0,16.4,18.9,14/19,-10.8,0.77
dev:adxD1 × dev:volume,3,mean,290.2,18.7,15.5,13/19,-11.8,0.74
dev:adxD1 × rank:squeezeH1,3,mean,273.8,16.3,16.8,13/19,-12.8,0.71
dev:adxD1 × dev:squeezeH1,3,mean,281.7,21.7,13.0,13/19,-11.8,0.73
rank:effH1 × dev:effH1,3,mean,283.2,16.6,17.1,13/19,-12.3,0.7
rank:effH1 × rank:effH4,3,mean,270.8,18.8,14.4,13/19,-11.3,0.73
rank:effH1 × dev:effH4,3,mean,267.3,17.9,14.9,14/19,-11.8,0.77
rank:effH1 × rank:stackH4,3,mean,277.4,18.2,15.2,13/19,-12.4,0.71
rank:effH1 × rank:ribbonD1,3,mean,311.6,16.9,18.4,14/19,-12.8,0.81
rank:effH1 × dev:ribbonD1,3,mean,307.0,17.0,18.1,13/19,-12.8,0.8
rank:effH1 × rank:dayrange,3,mean,257.9,15.5,16.6,13/19,-13.1,0.69
rank:effH1 × dev:dayrange,3,mean,276.0,17.3,16.0,13/19,-14.5,0.7
rank:effH1 × rank:hour,3,mean,286.4,17.5,16.4,13/19,-12.8,0.69
rank:effH1 × rank:posH4,3,mean,281.8,16.9,16.7,14/19,-11.3,0.73
rank:effH1 × dev:posH4,3,mean,281.8,16.9,16.7,13/19,-11.3,0.74
rank:effH1 × rank:distD1,3,mean,295.8,17.0,17.4,13/19,-12.8,0.72
rank:effH1 × dev:distD1,3,mean,281.6,18.9,14.9,13/19,-12.8,0.71
rank:effH1 × rank:volume,3,mean,293.0,20.8,14.1,14/19,-11.3,0.72
rank:effH1 × dev:volume,3,mean,282.1,19.6,14.4,14/19,-11.9,0.74
rank:effH1 × rank:squeezeH1,3,mean,270.4,17.9,15.1,13/19,-13.8,0.72
rank:effH1 × dev:squeezeH1,3,mean,268.9,16.5,16.3,13/19,-12.2,0.68
dev:effH1 × rank:effH4,3,mean,266.7,17.3,15.4,13/19,-10.9,0.73
dev:effH1 × dev:effH4,3,mean,283.9,15.8,18.0,13/19,-10.9,0.77
dev:effH1 × rank:stackH4,3,mean,281.2,16.6,16.9,13/19,-12.8,0.71
dev:effH1 × rank:ribbonD1,3,mean,303.8,19.0,16.0,14/19,-12.8,0.75
dev:effH1 × dev:ribbonD1,3,mean,294.1,18.7,15.7,13/19,-12.8,0.73
dev:effH1 × rank:dayrange,3,mean,265.8,15.9,16.7,13/19,-11.4,0.71
dev:effH1 × dev:dayrange,3,mean,296.4,18.0,16.5,15/19,-12.8,0.69
dev:effH1 × rank:hour,3,mean,274.9,18.9,14.5,14/19,-12.8,0.74
dev:effH1 × rank:posH4,3,mean,280.5,18.7,15.0,13/19,-10.3,0.68
dev:effH1 × dev:posH4,3,mean,273.4,18.3,14.9,13/19,-12.8,0.71
dev:effH1 × rank:distD1,3,mean,296.2,19.7,15.0,13/19,-12.3,0.72
dev:effH1 × dev:distD1,3,mean,289.5,17.3,16.7,13/19,-12.8,0.75
dev:effH1 × rank:volume,3,mean,276.2,18.4,15.0,14/19,-10.8,0.69
dev:effH1 × dev:volume,3,mean,282.8,17.9,15.8,13/19,-12.8,0.75
dev:effH1 × rank:squeezeH1,3,mean,293.1,16.7,17.6,15/19,-11.8,0.74
dev:effH1 × dev:squeezeH1,3,mean,277.9,18.3,15.2,14/19,-12.8,0.7
rank:effH4 × dev:effH4,3,mean,307.2,17.7,17.4,15/19,-11.4,0.79
rank:effH4 × rank:stackH4,3,mean,305.6,20.1,15.2,15/19,-12.4,0.76
rank:effH4 × rank:ribbonD1,3,mean,291.1,16.7,17.4,13/19,-12.8,0.77
rank:effH4 × dev:ribbonD1,3,mean,285.2,20.2,14.1,13/19,-12.4,0.76
rank:effH4 × rank:dayrange,3,mean,280.9,17.9,15.7,14/19,-12.9,0.72
rank:effH4 × dev:dayrange,3,mean,285.7,17.5,16.3,13/19,-12.8,0.73
rank:effH4 × rank:hour,3,mean,286.6,20.4,14.0,15/19,-11.8,0.75
rank:effH4 × rank:posH4,3,mean,296.5,20.4,14.5,14/19,-11.6,0.75
rank:effH4 × dev:posH4,3,mean,276.2,20.1,13.7,13/19,-10.9,0.75
rank:effH4 × rank:distD1,3,mean,282.3,17.2,16.4,14/19,-12.4,0.82
rank:effH4 × dev:distD1,3,mean,283.8,19.5,14.6,13/19,-12.8,0.7
rank:effH4 × rank:volume,3,mean,286.2,19.4,14.8,15/19,-12.4,0.8
rank:effH4 × dev:volume,3,mean,291.8,20.4,14.3,15/19,-12.4,0.79
rank:effH4 × rank:squeezeH1,3,mean,309.7,16.0,19.4,14/19,-12.5,0.77
rank:effH4 × dev:squeezeH1,3,mean,297.0,20.0,14.8,14/19,-12.4,0.75
dev:effH4 × rank:stackH4,3,mean,287.7,16.5,17.4,13/19,-11.4,0.74
dev:effH4 × rank:ribbonD1,3,mean,303.2,17.7,17.1,14/19,-12.8,0.75
dev:effH4 × dev:ribbonD1,3,mean,275.3,19.7,14.0,13/19,-12.8,0.73
dev:effH4 × rank:dayrange,3,mean,271.3,18.9,14.4,13/19,-11.4,0.76
dev:effH4 × dev:dayrange,3,mean,282.7,16.4,17.2,13/19,-12.8,0.79
dev:effH4 × rank:hour,3,mean,281.0,18.7,15.0,13/19,-11.8,0.73
dev:effH4 × rank:posH4,3,mean,285.6,18.1,15.8,14/19,-11.4,0.77
dev:effH4 × dev:posH4,3,mean,275.6,20.0,13.8,13/19,-10.9,0.72
dev:effH4 × rank:distD1,3,mean,299.4,16.0,18.7,16/19,-12.4,0.84
dev:effH4 × dev:distD1,3,mean,298.4,18.0,16.6,13/19,-12.8,0.76
dev:effH4 × rank:volume,3,mean,270.2,18.0,15.0,14/19,-12.4,0.69
dev:effH4 × dev:volume,3,mean,289.5,16.5,17.5,13/19,-12.4,0.8
dev:effH4 × rank:squeezeH1,3,mean,289.1,19.0,15.2,13/19,-12.8,0.71
dev:effH4 × dev:squeezeH1,3,mean,271.8,19.1,14.2,13/19,-12.8,0.71
rank:stackH4 × rank:ribbonD1,3,mean,301.9,19.3,15.6,13/19,-12.8,0.75
rank:stackH4 × dev:ribbonD1,3,mean,280.2,19.7,14.2,13/19,-12.8,0.76
rank:stackH4 × rank:dayrange,3,mean,286.5,16.9,17.0,14/19,-13.0,0.73
rank:stackH4 × dev:dayrange,3,mean,284.7,19.4,14.7,13/19,-13.7,0.71
rank:stackH4 × rank:hour,3,mean,284.5,18.7,15.2,13/19,-12.8,0.71
rank:stackH4 × rank:posH4,3,mean,302.7,19.8,15.3,13/19,-11.4,0.75
rank:stackH4 × dev:posH4,3,mean,280.9,20.3,13.8,13/19,-12.8,0.71
rank:stackH4 × rank:distD1,3,mean,283.1,19.7,14.4,13/19,-12.8,0.73
rank:stackH4 × dev:distD1,3,mean,300.6,19.7,15.3,13/19,-13.8,0.72
rank:stackH4 × rank:volume,3,mean,308.8,19.2,16.1,13/19,-12.8,0.74
rank:stackH4 × dev:volume,3,mean,279.7,20.5,13.6,13/19,-12.8,0.7
rank:stackH4 × rank:squeezeH1,3,mean,295.2,15.9,18.6,14/19,-12.8,0.73
rank:stackH4 × dev:squeezeH1,3,mean,283.4,20.4,13.9,14/19,-12.8,0.71
rank:ribbonD1 × dev:ribbonD1,3,mean,294.2,19.2,15.3,13/19,-12.8,0.77
rank:ribbonD1 × rank:dayrange,3,mean,275.0,17.4,15.8,14/19,-12.8,0.73
rank:ribbonD1 × dev:dayrange,3,mean,299.3,18.3,16.4,15/19,-12.8,0.79
rank:ribbonD1 × rank:hour,3,mean,301.7,17.7,17.0,15/19,-12.9,0.78
rank:ribbonD1 × rank:posH4,3,mean,300.8,18.9,15.9,13/19,-10.4,0.74
rank:ribbonD1 × dev:posH4,3,mean,298.6,19.9,15.0,13/19,-10.3,0.73
rank:ribbonD1 × rank:distD1,3,mean,276.3,16.8,16.4,14/19,-12.8,0.72
rank:ribbonD1 × dev:distD1,3,mean,276.6,19.7,14.0,13/19,-13.1,0.71
rank:ribbonD1 × rank:volume,3,mean,317.7,16.4,19.4,14/19,-11.8,0.76
rank:ribbonD1 × dev:volume,3,mean,297.2,19.6,15.2,13/19,-12.8,0.74
rank:ribbonD1 × rank:squeezeH1,3,mean,299.0,19.8,15.1,14/19,-12.8,0.74
rank:ribbonD1 × dev:squeezeH1,3,mean,268.6,18.8,14.3,13/19,-12.8,0.73
dev:ribbonD1 × rank:dayrange,3,mean,276.2,18.1,15.3,13/19,-12.8,0.71
dev:ribbonD1 × dev:dayrange,3,mean,274.9,20.0,13.7,13/19,-12.8,0.72
dev:ribbonD1 × rank:hour,3,mean,286.8,18.5,15.5,13/19,-12.8,0.74
dev:ribbonD1 × rank:posH4,3,mean,300.2,18.4,16.3,13/19,-12.8,0.78
dev:ribbonD1 × dev:posH4,3,mean,291.9,19.7,14.8,14/19,-12.8,0.77
dev:ribbonD1 × rank:distD1,3,mean,284.6,17.8,16.0,15/19,-12.8,0.77
dev:ribbonD1 × dev:distD1,3,mean,284.8,18.5,15.4,13/19,-12.4,0.76
dev:ribbonD1 × rank:volume,3,mean,310.7,17.6,17.7,13/19,-12.8,0.76
dev:ribbonD1 × dev:volume,3,mean,287.7,17.9,16.1,13/19,-12.8,0.74
dev:ribbonD1 × rank:squeezeH1,3,mean,296.9,18.0,16.5,14/19,-13.1,0.75
dev:ribbonD1 × dev:squeezeH1,3,mean,277.3,18.5,15.0,14/19,-12.8,0.73
rank:dayrange × dev:dayrange,3,mean,277.1,17.9,15.5,14/19,-14.0,0.72
rank:dayrange × rank:hour,3,mean,263.3,20.0,13.2,14/19,-11.7,0.69
rank:dayrange × rank:posH4,3,mean,288.5,15.7,18.4,15/19,-11.5,0.74
rank:dayrange × dev:posH4,3,mean,275.3,17.2,16.0,13/19,-14.1,0.71
rank:dayrange × rank:distD1,3,mean,289.0,16.7,17.3,13/19,-13.4,0.75
rank:dayrange × dev:distD1,3,mean,293.0,17.6,16.6,13/19,-13.8,0.72
rank:dayrange × rank:volume,3,mean,282.0,17.4,16.2,15/19,-10.4,0.71
rank:dayrange × dev:volume,3,mean,305.5,16.1,19.0,14/19,-12.4,0.78
rank:dayrange × rank:squeezeH1,3,mean,298.0,17.9,16.6,14/19,-13.3,0.7
rank:dayrange × dev:squeezeH1,3,mean,290.0,18.7,15.5,14/19,-12.4,0.73
dev:dayrange × rank:hour,3,mean,306.9,18.7,16.4,13/19,-12.8,0.74
dev:dayrange × rank:posH4,3,mean,291.3,17.4,16.7,13/19,-14.6,0.72
dev:dayrange × dev:posH4,3,mean,296.6,18.5,16.0,14/19,-13.8,0.73
dev:dayrange × rank:distD1,3,mean,316.1,19.5,16.2,14/19,-12.8,0.75
dev:dayrange × dev:distD1,3,mean,297.1,18.5,16.1,13/19,-12.8,0.75
dev:dayrange × rank:volume,3,mean,286.3,19.5,14.7,13/19,-11.8,0.7
dev:dayrange × dev:volume,3,mean,282.1,16.6,17.0,13/19,-12.8,0.69
dev:dayrange × rank:squeezeH1,3,mean,272.0,19.3,14.1,14/19,-14.5,0.69
dev:dayrange × dev:squeezeH1,3,mean,284.0,19.8,14.3,13/19,-13.7,0.66
rank:hour × rank:posH4,3,mean,315.8,17.7,17.8,14/19,-11.4,0.71
rank:hour × dev:posH4,3,mean,295.0,19.2,15.4,14/19,-12.8,0.74
rank:hour × rank:distD1,3,mean,292.5,16.8,17.4,14/19,-12.8,0.75
rank:hour × dev:distD1,3,mean,298.7,17.7,16.9,13/19,-12.8,0.76
rank:hour × rank:volume,3,mean,282.3,17.5,16.1,13/19,-12.8,0.75
rank:hour × dev:volume,3,mean,304.3,18.9,16.1,14/19,-12.8,0.79
rank:hour × rank:squeezeH1,3,mean,295.4,18.7,15.8,15/19,-12.8,0.72
rank:hour × dev:squeezeH1,3,mean,279.9,19.2,14.6,14/19,-12.8,0.68
rank:posH4 × dev:posH4,3,mean,292.1,20.8,14.0,13/19,-11.4,0.73
rank:posH4 × rank:distD1,3,mean,313.6,19.7,15.9,13/19,-12.4,0.75
rank:posH4 × dev:distD1,3,mean,293.7,18.5,15.9,13/19,-11.8,0.76
rank:posH4 × rank:volume,3,mean,286.3,18.8,15.2,14/19,-10.7,0.74
rank:posH4 × dev:volume,3,mean,278.8,19.9,14.0,13/19,-9.9,0.78
rank:posH4 × rank:squeezeH1,3,mean,292.9,19.2,15.3,14/19,-10.8,0.75
rank:posH4 × dev:squeezeH1,3,mean,266.0,19.7,13.5,13/19,-10.8,0.72
dev:posH4 × rank:distD1,3,mean,291.6,18.5,15.8,13/19,-12.8,0.72
dev:posH4 × dev:distD1,3,mean,289.7,18.4,15.7,13/19,-11.8,0.73
dev:posH4 × rank:volume,3,mean,304.9,18.8,16.2,14/19,-11.8,0.74
dev:posH4 × dev:volume,3,mean,282.2,19.2,14.7,13/19,-12.4,0.73
dev:posH4 × rank:squeezeH1,3,mean,301.8,18.3,16.5,14/19,-12.8,0.77
dev:posH4 × dev:squeezeH1,3,mean,282.7,19.3,14.6,13/19,-12.8,0.72
rank:distD1 × dev:distD1,3,mean,295.4,19.7,15.0,14/19,-13.8,0.76
rank:distD1 × rank:volume,3,mean,295.1,17.2,17.2,13/19,-11.4,0.74
rank:distD1 × dev:volume,3,mean,285.3,19.7,14.5,13/19,-12.4,0.74
rank:distD1 × rank:squeezeH1,3,mean,271.7,18.5,14.7,13/19,-12.8,0.72
rank:distD1 × dev:squeezeH1,3,mean,292.0,19.7,14.8,13/19,-12.8,0.72
dev:distD1 × rank:volume,3,mean,286.3,20.5,14.0,13/19,-10.3,0.7
dev:distD1 × dev:volume,3,mean,287.0,20.4,14.1,13/19,-12.8,0.73
dev:distD1 × rank:squeezeH1,3,mean,280.8,17.4,16.1,13/19,-12.8,0.71
dev:distD1 × dev:squeezeH1,3,mean,271.4,19.6,13.8,13/19,-12.8,0.69
rank:volume × dev:volume,3,mean,301.2,18.1,16.6,14/19,-12.8,0.73
rank:volume × rank:squeezeH1,3,mean,293.9,15.0,19.6,13/19,-11.8,0.73
rank:volume × dev:squeezeH1,3,mean,280.4,19.6,14.3,13/19,-11.3,0.68
dev:volume × rank:squeezeH1,3,mean,299.8,18.7,16.0,14/19,-12.8,0.73
dev:volume × dev:squeezeH1,3,mean,293.8,18.5,15.9,13/19,-12.8,0.75
rank:squeezeH1 × dev:squeezeH1,3,mean,280.3,19.8,14.2,14/19,-12.8,0.7
none,3,sharpe,295.9,17.9,16.5,15/19,-12.7,0.89
rank:volH1,3,sharpe,286.6,18.5,15.5,15/19,-11.0,0.85
dev:volH1,3,sharpe,305.2,15.4,19.8,16/19,-12.9,0.94
rank:volH4,3,sharpe,297.2,16.4,18.1,15/19,-12.4,0.91
dev:volH4,3,sharpe,288.0,19.1,15.1,15/19,-14.2,0.83
rank:volD1,3,sharpe,282.3,20.0,14.1,15/19,-11.2,0.81
dev:volD1,3,sharpe,311.6,20.0,15.6,16/19,-11.2,1.0
rank:adxH1,3,sharpe,295.6,15.2,19.4,15/19,-9.8,0.83
dev:adxH1,3,sharpe,277.7,16.6,16.7,15/19,-12.3,0.84
rank:adxH4,3,sharpe,314.1,18.0,17.5,15/19,-12.9,0.88
dev:adxH4,3,sharpe,291.8,20.3,14.4,15/19,-10.3,0.82
rank:adxD1,3,sharpe,305.9,15.9,19.2,14/19,-8.5,0.88
dev:adxD1,3,sharpe,274.0,16.7,16.4,14/19,-12.7,0.79
rank:effH1,3,sharpe,282.6,16.0,17.7,15/19,-8.5,0.84
dev:effH1,3,sharpe,288.3,16.6,17.4,14/19,-8.7,0.81
rank:effH4,3,sharpe,296.8,19.8,15.0,15/19,-10.4,0.85
dev:effH4,3,sharpe,285.3,16.9,16.9,15/19,-10.9,0.81
rank:stackH4,3,sharpe,292.8,19.9,14.7,15/19,-12.7,0.86
rank:ribbonD1,3,sharpe,308.3,16.7,18.5,15/19,-12.3,0.86
dev:ribbonD1,3,sharpe,310.3,18.5,16.8,15/19,-12.1,0.84
rank:dayrange,3,sharpe,277.1,16.8,16.5,16/19,-11.0,0.92
dev:dayrange,3,sharpe,292.8,18.5,15.8,16/19,-11.2,0.84
rank:hour,3,sharpe,298.4,19.7,15.1,15/19,-10.2,0.8
rank:posH4,3,sharpe,298.4,19.8,15.1,15/19,-9.2,0.81
dev:posH4,3,sharpe,292.8,20.3,14.4,15/19,-11.4,0.8
rank:distD1,3,sharpe,278.2,17.5,15.9,14/19,-12.5,0.75
dev:distD1,3,sharpe,267.9,17.9,15.0,14/19,-10.7,0.78
rank:volume,3,sharpe,278.1,18.5,15.0,15/19,-10.3,0.78
dev:volume,3,sharpe,317.7,20.5,15.5,16/19,-11.0,0.86
rank:squeezeH1,3,sharpe,280.2,14.4,19.5,15/19,-9.7,0.77
dev:squeezeH1,3,sharpe,277.8,19.4,14.3,15/19,-12.3,0.76
rank:volH1 × dev:volH1,3,sharpe,317.4,15.6,20.3,16/19,-11.0,0.95
rank:volH1 × rank:volH4,3,sharpe,300.0,19.0,15.8,15/19,-13.5,0.83
rank:volH1 × dev:volH4,3,sharpe,291.2,18.2,16.0,16/19,-14.4,0.8
rank:volH1 × rank:volD1,3,sharpe,294.4,19.4,15.2,16/19,-11.4,0.88
rank:volH1 × dev:volD1,3,sharpe,293.2,19.5,15.0,16/19,-10.4,0.92
rank:volH1 × rank:adxH1,3,sharpe,287.9,16.7,17.2,15/19,-12.2,0.82
rank:volH1 × dev:adxH1,3,sharpe,279.9,15.9,17.6,16/19,-12.4,0.89
rank:volH1 × rank:adxH4,3,sharpe,306.6,18.7,16.4,15/19,-10.5,0.87
rank:volH1 × dev:adxH4,3,sharpe,300.4,19.4,15.5,16/19,-9.3,0.88
rank:volH1 × rank:adxD1,3,sharpe,289.6,17.7,16.4,16/19,-10.4,0.89
rank:volH1 × dev:adxD1,3,sharpe,289.7,16.4,17.7,15/19,-11.8,0.84
rank:volH1 × rank:effH1,3,sharpe,297.1,15.8,18.8,16/19,-10.5,0.83
rank:volH1 × dev:effH1,3,sharpe,288.7,16.6,17.4,16/19,-9.3,0.84
rank:volH1 × rank:effH4,3,sharpe,292.5,17.8,16.4,16/19,-10.4,0.82
rank:volH1 × dev:effH4,3,sharpe,285.8,14.8,19.3,15/19,-10.9,0.87
rank:volH1 × rank:stackH4,3,sharpe,281.1,18.5,15.2,15/19,-11.0,0.85
rank:volH1 × rank:ribbonD1,3,sharpe,299.0,16.2,18.5,16/19,-11.3,0.82
rank:volH1 × dev:ribbonD1,3,sharpe,297.7,18.4,16.2,16/19,-13.3,0.89
rank:volH1 × rank:dayrange,3,sharpe,275.1,18.9,14.6,14/19,-11.5,0.82
rank:volH1 × dev:dayrange,3,sharpe,272.2,18.9,14.4,16/19,-10.4,0.83
rank:volH1 × rank:hour,3,sharpe,294.2,19.4,15.2,16/19,-11.3,0.85
rank:volH1 × rank:posH4,3,sharpe,293.4,19.4,15.1,15/19,-10.8,0.81
rank:volH1 × dev:posH4,3,sharpe,288.3,15.8,18.2,15/19,-11.3,0.88
rank:volH1 × rank:distD1,3,sharpe,291.0,20.4,14.3,15/19,-12.3,0.82
rank:volH1 × dev:distD1,3,sharpe,277.8,17.9,15.5,14/19,-12.3,0.79
rank:volH1 × rank:volume,3,sharpe,280.9,15.6,18.0,16/19,-11.0,0.78
rank:volH1 × dev:volume,3,sharpe,284.6,18.5,15.4,16/19,-9.5,0.86
rank:volH1 × rank:squeezeH1,3,sharpe,295.7,14.8,20.0,15/19,-13.4,0.84
rank:volH1 × dev:squeezeH1,3,sharpe,276.5,18.1,15.3,15/19,-12.0,0.82
dev:volH1 × rank:volH4,3,sharpe,307.4,18.5,16.6,15/19,-12.4,0.9
dev:volH1 × dev:volH4,3,sharpe,301.3,16.2,18.6,16/19,-14.4,0.89
dev:volH1 × rank:volD1,3,sharpe,295.5,19.9,14.8,15/19,-9.8,0.82
dev:volH1 × dev:volD1,3,sharpe,312.8,20.0,15.6,16/19,-9.4,0.91
dev:volH1 × rank:adxH1,3,sharpe,292.0,14.7,19.9,15/19,-11.2,0.81
dev:volH1 × dev:adxH1,3,sharpe,284.6,16.3,17.5,15/19,-11.3,0.87
dev:volH1 × rank:adxH4,3,sharpe,318.5,14.9,21.4,15/19,-13.8,0.86
dev:volH1 × dev:adxH4,3,sharpe,293.1,15.3,19.2,16/19,-9.7,0.85
dev:volH1 × rank:adxD1,3,sharpe,286.4,16.6,17.3,17/19,-12.2,0.91
dev:volH1 × dev:adxD1,3,sharpe,272.7,18.4,14.8,15/19,-11.8,0.84
dev:volH1 × rank:effH1,3,sharpe,268.3,19.3,13.9,16/19,-9.0,0.78
dev:volH1 × dev:effH1,3,sharpe,302.6,17.6,17.2,16/19,-9.2,0.83
dev:volH1 × rank:effH4,3,sharpe,300.6,19.2,15.7,16/19,-10.6,0.81
dev:volH1 × dev:effH4,3,sharpe,295.6,14.9,19.8,16/19,-10.7,0.88
dev:volH1 × rank:stackH4,3,sharpe,304.1,16.6,18.3,16/19,-12.9,0.93
dev:volH1 × rank:ribbonD1,3,sharpe,295.7,15.2,19.5,15/19,-11.3,0.83
dev:volH1 × dev:ribbonD1,3,sharpe,280.0,17.6,15.9,16/19,-12.2,0.86
dev:volH1 × rank:dayrange,3,sharpe,280.4,16.5,17.0,16/19,-10.9,0.89
dev:volH1 × dev:dayrange,3,sharpe,291.3,16.3,17.9,16/19,-12.4,0.85
dev:volH1 × rank:hour,3,sharpe,288.4,16.7,17.3,16/19,-9.3,0.83
dev:volH1 × rank:posH4,3,sharpe,299.4,16.6,18.0,15/19,-10.8,0.8
dev:volH1 × dev:posH4,3,sharpe,305.6,18.1,16.9,16/19,-11.3,0.88
dev:volH1 × rank:distD1,3,sharpe,297.5,15.8,18.8,15/19,-11.0,0.82
dev:volH1 × dev:distD1,3,sharpe,313.2,16.9,18.5,15/19,-11.3,0.84
dev:volH1 × rank:volume,3,sharpe,279.7,16.0,17.5,16/19,-9.9,0.77
dev:volH1 × dev:volume,3,sharpe,306.3,15.9,19.3,16/19,-10.0,0.92
dev:volH1 × rank:squeezeH1,3,sharpe,302.5,17.9,16.9,15/19,-10.0,0.84
dev:volH1 × dev:squeezeH1,3,sharpe,302.5,15.1,20.0,15/19,-12.0,0.86
rank:volH4 × dev:volH4,3,sharpe,310.7,15.3,20.3,14/19,-11.9,0.89
rank:volH4 × rank:volD1,3,sharpe,288.3,19.2,15.0,15/19,-10.8,0.88
rank:volH4 × dev:volD1,3,sharpe,297.8,19.4,15.4,15/19,-11.3,0.95
rank:volH4 × rank:adxH1,3,sharpe,271.2,14.5,18.7,15/19,-11.8,0.83
rank:volH4 × dev:adxH1,3,sharpe,268.6,18.4,14.6,14/19,-10.3,0.82
rank:volH4 × rank:adxH4,3,sharpe,269.0,19.4,13.9,15/19,-12.9,0.78
rank:volH4 × dev:adxH4,3,sharpe,292.0,18.3,16.0,15/19,-10.9,0.84
rank:volH4 × rank:adxD1,3,sharpe,275.9,20.2,13.7,14/19,-10.3,0.8
rank:volH4 × dev:adxD1,3,sharpe,281.0,20.3,13.8,14/19,-14.3,0.9
rank:volH4 × rank:effH1,3,sharpe,288.4,18.4,15.7,15/19,-12.5,0.81
rank:volH4 × dev:effH1,3,sharpe,287.4,15.6,18.4,15/19,-13.8,0.82
rank:volH4 × rank:effH4,3,sharpe,287.7,17.3,16.6,14/19,-10.9,0.88
rank:volH4 × dev:effH4,3,sharpe,267.4,18.5,14.5,15/19,-10.9,0.83
rank:volH4 × rank:stackH4,3,sharpe,298.2,16.4,18.2,15/19,-12.4,0.93
rank:volH4 × rank:ribbonD1,3,sharpe,303.9,17.3,17.6,16/19,-10.8,0.85
rank:volH4 × dev:ribbonD1,3,sharpe,295.1,17.5,16.9,15/19,-10.2,0.91
rank:volH4 × rank:dayrange,3,sharpe,291.4,15.9,18.3,16/19,-11.8,0.93
rank:volH4 × dev:dayrange,3,sharpe,281.4,17.1,16.5,15/19,-13.3,0.85
rank:volH4 × rank:hour,3,sharpe,271.5,19.8,13.7,15/19,-11.2,0.85
rank:volH4 × rank:posH4,3,sharpe,295.3,20.4,14.5,14/19,-11.8,0.78
rank:volH4 × dev:posH4,3,sharpe,302.4,17.3,17.5,14/19,-11.4,0.84
rank:volH4 × rank:distD1,3,sharpe,286.4,19.3,14.8,15/19,-11.9,0.88
rank:volH4 × dev:distD1,3,sharpe,286.0,17.4,16.4,14/19,-12.3,0.86
rank:volH4 × rank:volume,3,sharpe,280.3,16.9,16.6,16/19,-11.9,0.84
rank:volH4 × dev:volume,3,sharpe,287.4,17.3,16.6,15/19,-12.9,0.87
rank:volH4 × rank:squeezeH1,3,sharpe,286.7,16.3,17.6,15/19,-8.7,0.84
rank:volH4 × dev:squeezeH1,3,sharpe,275.2,15.9,17.3,16/19,-13.2,0.81
dev:volH4 × rank:volD1,3,sharpe,272.6,21.7,12.6,16/19,-11.9,0.8
dev:volH4 × dev:volD1,3,sharpe,287.6,20.4,14.1,15/19,-11.9,0.88
dev:volH4 × rank:adxH1,3,sharpe,290.1,14.9,19.5,16/19,-10.3,0.85
dev:volH4 × dev:adxH1,3,sharpe,269.0,14.5,18.6,15/19,-10.9,0.84
dev:volH4 × rank:adxH4,3,sharpe,293.1,18.6,15.8,15/19,-13.4,0.84
dev:volH4 × dev:adxH4,3,sharpe,296.6,15.8,18.8,15/19,-12.0,0.86
dev:volH4 × rank:adxD1,3,sharpe,285.5,18.4,15.5,14/19,-12.7,0.81
dev:volH4 × dev:adxD1,3,sharpe,251.6,20.5,12.3,14/19,-14.3,0.79
dev:volH4 × rank:effH1,3,sharpe,265.6,15.6,17.0,14/19,-12.1,0.75
dev:volH4 × dev:effH1,3,sharpe,266.7,19.5,13.7,16/19,-11.3,0.77
dev:volH4 × rank:effH4,3,sharpe,271.3,17.6,15.4,15/19,-10.9,0.85
dev:volH4 × dev:effH4,3,sharpe,260.0,18.6,14.0,14/19,-11.9,0.77
dev:volH4 × rank:stackH4,3,sharpe,287.4,19.1,15.0,15/19,-14.2,0.83
dev:volH4 × rank:ribbonD1,3,sharpe,300.3,16.6,18.1,16/19,-13.2,0.85
dev:volH4 × dev:ribbonD1,3,sharpe,293.0,18.5,15.8,16/19,-11.6,0.89
dev:volH4 × rank:dayrange,3,sharpe,294.6,18.3,16.1,16/19,-11.8,0.85
dev:volH4 × dev:dayrange,3,sharpe,275.5,18.0,15.3,16/19,-12.8,0.86
dev:volH4 × rank:hour,3,sharpe,271.4,18.7,14.5,16/19,-9.8,0.85
dev:volH4 × rank:posH4,3,sharpe,280.7,19.7,14.2,14/19,-9.8,0.79
dev:volH4 × dev:posH4,3,sharpe,281.8,19.9,14.2,15/19,-12.8,0.79
dev:volH4 × rank:distD1,3,sharpe,284.8,19.6,14.5,15/19,-11.4,0.81
dev:volH4 × dev:distD1,3,sharpe,268.4,16.6,16.2,15/19,-13.3,0.83
dev:volH4 × rank:volume,3,sharpe,288.6,14.3,20.2,16/19,-9.4,0.91
dev:volH4 × dev:volume,3,sharpe,275.9,18.5,14.9,15/19,-13.3,0.82
dev:volH4 × rank:squeezeH1,3,sharpe,255.3,20.6,12.4,14/19,-12.8,0.7
dev:volH4 × dev:squeezeH1,3,sharpe,259.3,21.7,11.9,15/19,-13.3,0.78
rank:volD1 × dev:volD1,3,sharpe,273.1,20.0,13.7,15/19,-11.9,0.84
rank:volD1 × rank:adxH1,3,sharpe,279.5,18.5,15.1,15/19,-8.8,0.83
rank:volD1 × dev:adxH1,3,sharpe,290.3,17.9,16.2,16/19,-9.4,0.88
rank:volD1 × rank:adxH4,3,sharpe,284.4,20.8,13.7,15/19,-11.4,0.8
rank:volD1 × dev:adxH4,3,sharpe,269.9,18.6,14.5,15/19,-10.6,0.79
rank:volD1 × rank:adxD1,3,sharpe,285.6,20.5,13.9,15/19,-12.1,0.79
rank:volD1 × dev:adxD1,3,sharpe,275.2,20.0,13.8,15/19,-12.8,0.8
rank:volD1 × rank:effH1,3,sharpe,275.0,19.9,13.8,14/19,-11.8,0.78
rank:volD1 × dev:effH1,3,sharpe,270.7,19.2,14.1,14/19,-10.6,0.81
rank:volD1 × rank:effH4,3,sharpe,267.3,20.0,13.4,14/19,-9.9,0.8
rank:volD1 × dev:effH4,3,sharpe,279.7,17.9,15.6,15/19,-7.3,0.83
rank:volD1 × rank:stackH4,3,sharpe,279.7,19.9,14.1,15/19,-11.2,0.8
rank:volD1 × rank:ribbonD1,3,sharpe,272.9,16.7,16.3,14/19,-11.8,0.77
rank:volD1 × dev:ribbonD1,3,sharpe,290.6,17.5,16.6,15/19,-9.3,0.85
rank:volD1 × rank:dayrange,3,sharpe,280.8,20.5,13.7,15/19,-8.5,0.8
rank:volD1 × dev:dayrange,3,sharpe,275.6,19.9,13.8,15/19,-12.7,0.78
rank:volD1 × rank:hour,3,sharpe,295.9,17.7,16.7,14/19,-10.6,0.79
rank:volD1 × rank:posH4,3,sharpe,283.3,18.8,15.1,15/19,-8.8,0.81
rank:volD1 × dev:posH4,3,sharpe,294.7,19.6,15.0,15/19,-10.7,0.79
rank:volD1 × rank:distD1,3,sharpe,289.5,19.1,15.2,16/19,-12.4,0.85
rank:volD1 × dev:distD1,3,sharpe,261.9,18.9,13.9,15/19,-11.9,0.75
rank:volD1 × rank:volume,3,sharpe,274.1,20.5,13.4,14/19,-10.9,0.74
rank:volD1 × dev:volume,3,sharpe,271.2,20.5,13.2,15/19,-11.3,0.82
rank:volD1 × rank:squeezeH1,3,sharpe,283.6,19.9,14.3,15/19,-12.4,0.79
rank:volD1 × dev:squeezeH1,3,sharpe,289.0,18.1,16.0,15/19,-12.3,0.85
dev:volD1 × rank:adxH1,3,sharpe,315.2,18.5,17.0,16/19,-9.8,0.93
dev:volD1 × dev:adxH1,3,sharpe,313.3,17.9,17.5,16/19,-12.2,0.95
dev:volD1 × rank:adxH4,3,sharpe,310.9,19.5,15.9,15/19,-10.9,0.87
dev:volD1 × dev:adxH4,3,sharpe,287.5,17.8,16.2,16/19,-11.3,0.88
dev:volD1 × rank:adxD1,3,sharpe,285.2,20.5,13.9,15/19,-12.5,0.84
dev:volD1 × dev:adxD1,3,sharpe,295.4,20.5,14.4,15/19,-11.2,0.88
dev:volD1 × rank:effH1,3,sharpe,275.8,19.9,13.9,16/19,-9.4,0.88
dev:volD1 × dev:effH1,3,sharpe,288.9,20.0,14.4,16/19,-9.7,0.82
dev:volD1 × rank:effH4,3,sharpe,284.4,20.0,14.2,16/19,-12.4,0.88
dev:volD1 × dev:effH4,3,sharpe,289.9,17.9,16.2,16/19,-10.9,0.91
dev:volD1 × rank:stackH4,3,sharpe,306.0,19.9,15.4,16/19,-11.2,0.97
dev:volD1 × rank:ribbonD1,3,sharpe,294.5,17.1,17.2,16/19,-9.3,0.9
dev:volD1 × dev:ribbonD1,3,sharpe,286.8,17.9,16.0,16/19,-9.9,0.92
dev:volD1 × rank:dayrange,3,sharpe,290.5,20.4,14.2,16/19,-10.8,0.87
dev:volD1 × dev:dayrange,3,sharpe,297.9,18.4,16.2,16/19,-11.5,0.9
dev:volD1 × rank:hour,3,sharpe,287.9,19.0,15.2,16/19,-8.7,0.86
dev:volD1 × rank:posH4,3,sharpe,307.3,18.8,16.3,16/19,-8.3,0.9
dev:volD1 × dev:posH4,3,sharpe,302.7,20.5,14.8,16/19,-10.7,0.88
dev:volD1 × rank:distD1,3,sharpe,294.2,20.5,14.4,15/19,-8.4,0.89
dev:volD1 × dev:distD1,3,sharpe,300.0,17.9,16.8,14/19,-9.2,0.86
dev:volD1 × rank:volume,3,sharpe,279.2,20.5,13.6,16/19,-10.8,0.8
dev:volD1 × dev:volume,3,sharpe,308.2,20.5,15.0,16/19,-9.8,0.97
dev:volD1 × rank:squeezeH1,3,sharpe,286.1,17.8,16.1,15/19,-10.7,0.86
dev:volD1 × dev:squeezeH1,3,sharpe,277.8,19.1,14.5,15/19,-11.7,0.95
rank:adxH1 × dev:adxH1,3,sharpe,285.9,13.9,20.6,15/19,-8.8,0.86
rank:adxH1 × rank:adxH4,3,sharpe,281.8,20.8,13.5,15/19,-13.0,0.78
rank:adxH1 × dev:adxH4,3,sharpe,281.5,18.4,15.3,16/19,-11.8,0.83
rank:adxH1 × rank:adxD1,3,sharpe,288.6,14.2,20.3,16/19,-11.2,0.84
rank:adxH1 × dev:adxD1,3,sharpe,276.5,16.5,16.8,14/19,-10.8,0.8
rank:adxH1 × rank:effH1,3,sharpe,292.5,15.9,18.4,16/19,-8.2,0.82
rank:adxH1 × dev:effH1,3,sharpe,309.4,15.5,20.0,16/19,-7.3,0.88
rank:adxH1 × rank:effH4,3,sharpe,284.3,17.2,16.5,16/19,-10.8,0.93
rank:adxH1 × dev:effH4,3,sharpe,286.5,17.2,16.7,15/19,-11.3,0.86
rank:adxH1 × rank:stackH4,3,sharpe,296.9,15.2,19.5,15/19,-9.8,0.82
rank:adxH1 × rank:ribbonD1,3,sharpe,298.3,15.4,19.4,16/19,-11.2,0.86
rank:adxH1 × dev:ribbonD1,3,sharpe,301.5,18.5,16.3,16/19,-12.3,0.88
rank:adxH1 × rank:dayrange,3,sharpe,281.2,16.2,17.4,16/19,-11.3,0.84
rank:adxH1 × dev:dayrange,3,sharpe,278.1,19.0,14.6,15/19,-10.3,0.79
rank:adxH1 × rank:hour,3,sharpe,289.2,15.9,18.2,14/19,-9.8,0.81
rank:adxH1 × rank:posH4,3,sharpe,293.2,17.3,16.9,15/19,-8.3,0.83
rank:adxH1 × dev:posH4,3,sharpe,317.7,13.9,22.9,15/19,-8.4,0.83
rank:adxH1 × rank:distD1,3,sharpe,288.7,16.5,17.5,15/19,-12.3,0.84
rank:adxH1 × dev:distD1,3,sharpe,278.1,17.2,16.2,15/19,-11.2,0.84
rank:adxH1 × rank:volume,3,sharpe,282.1,14.9,18.9,16/19,-9.9,0.78
rank:adxH1 × dev:volume,3,sharpe,289.1,14.7,19.7,16/19,-10.3,0.83
rank:adxH1 × rank:squeezeH1,3,sharpe,301.7,13.9,21.7,15/19,-11.3,0.83
rank:adxH1 × dev:squeezeH1,3,sharpe,275.8,17.9,15.4,15/19,-10.8,0.79
dev:adxH1 × rank:adxH4,3,sharpe,307.0,15.7,19.6,15/19,-13.4,0.85
dev:adxH1 × dev:adxH4,3,sharpe,300.2,14.0,21.4,16/19,-10.8,0.93
dev:adxH1 × rank:adxD1,3,sharpe,298.1,13.7,21.8,16/19,-9.5,0.88
dev:adxH1 × dev:adxD1,3,sharpe,272.0,16.2,16.8,14/19,-14.4,0.81
dev:adxH1 × rank:effH1,3,sharpe,266.9,16.3,16.4,15/19,-9.5,0.82
dev:adxH1 × dev:effH1,3,sharpe,274.3,14.9,18.4,14/19,-9.3,0.83
dev:adxH1 × rank:effH4,3,sharpe,314.0,17.2,18.3,15/19,-13.9,0.82
dev:adxH1 × dev:effH4,3,sharpe,297.5,16.9,17.6,16/19,-9.8,0.9
dev:adxH1 × rank:stackH4,3,sharpe,277.9,16.6,16.7,15/19,-12.3,0.85
dev:adxH1 × rank:ribbonD1,3,sharpe,300.0,14.7,20.4,15/19,-13.2,0.85
dev:adxH1 × dev:ribbonD1,3,sharpe,294.1,17.2,17.1,15/19,-11.3,0.87
dev:adxH1 × rank:dayrange,3,sharpe,273.6,14.5,18.9,15/19,-9.6,0.82
dev:adxH1 × dev:dayrange,3,sharpe,299.5,18.7,16.0,14/19,-10.7,0.82
dev:adxH1 × rank:hour,3,sharpe,276.7,17.1,16.2,14/19,-12.2,0.86
dev:adxH1 × rank:posH4,3,sharpe,287.8,15.9,18.1,14/19,-9.3,0.77
dev:adxH1 × dev:posH4,3,sharpe,291.3,15.6,18.7,13/19,-10.9,0.79
dev:adxH1 × rank:distD1,3,sharpe,292.7,16.5,17.7,17/19,-13.0,0.87
dev:adxH1 × dev:distD1,3,sharpe,311.2,17.4,17.9,14/19,-13.9,0.82
dev:adxH1 × rank:volume,3,sharpe,279.1,13.2,21.1,16/19,-11.9,0.8
dev:adxH1 × dev:volume,3,sharpe,300.6,14.3,21.0,16/19,-11.0,0.85
dev:adxH1 × rank:squeezeH1,3,sharpe,270.0,14.9,18.1,14/19,-12.8,0.8
dev:adxH1 × dev:squeezeH1,3,sharpe,282.7,13.3,21.3,15/19,-9.4,0.85
rank:adxH4 × dev:adxH4,3,sharpe,290.4,17.9,16.2,15/19,-10.3,0.83
rank:adxH4 × rank:adxD1,3,sharpe,290.3,19.1,15.2,14/19,-12.9,0.84
rank:adxH4 × dev:adxD1,3,sharpe,287.2,18.3,15.7,14/19,-11.9,0.77
rank:adxH4 × rank:effH1,3,sharpe,301.8,17.7,17.1,15/19,-10.5,0.83
rank:adxH4 × dev:effH1,3,sharpe,284.9,21.1,13.5,13/19,-9.3,0.8
rank:adxH4 × rank:effH4,3,sharpe,292.0,17.0,17.2,14/19,-10.9,0.85
rank:adxH4 × dev:effH4,3,sharpe,279.9,17.0,16.5,15/19,-10.3,0.82
rank:adxH4 × rank:stackH4,3,sharpe,318.5,18.0,17.7,15/19,-12.9,0.88
rank:adxH4 × rank:ribbonD1,3,sharpe,297.8,19.0,15.7,14/19,-13.3,0.79
rank:adxH4 × dev:ribbonD1,3,sharpe,293.8,17.6,16.7,15/19,-12.8,0.78
rank:adxH4 × rank:dayrange,3,sharpe,249.9,19.0,13.2,14/19,-11.9,0.76
rank:adxH4 × dev:dayrange,3,sharpe,245.2,19.6,12.5,14/19,-13.4,0.74
rank:adxH4 × rank:hour,3,sharpe,272.4,19.0,14.3,15/19,-10.9,0.84
rank:adxH4 × rank:posH4,3,sharpe,279.4,19.7,14.2,14/19,-9.5,0.81
rank:adxH4 × dev:posH4,3,sharpe,319.8,18.2,17.6,15/19,-9.9,0.89
rank:adxH4 × rank:distD1,3,sharpe,295.5,17.7,16.7,15/19,-12.9,0.83
rank:adxH4 × dev:distD1,3,sharpe,297.1,16.3,18.2,15/19,-11.5,0.83
rank:adxH4 × rank:volume,3,sharpe,277.5,20.8,13.3,14/19,-11.4,0.8
rank:adxH4 × dev:volume,3,sharpe,306.5,18.4,16.7,15/19,-10.9,0.84
rank:adxH4 × rank:squeezeH1,3,sharpe,315.7,18.3,17.3,14/19,-12.9,0.86
rank:adxH4 × dev:squeezeH1,3,sharpe,307.9,19.0,16.2,15/19,-13.4,0.82
dev:adxH4 × rank:adxD1,3,sharpe,279.6,19.5,14.3,14/19,-10.1,0.79
dev:adxH4 × dev:adxD1,3,sharpe,281.4,19.2,14.7,15/19,-8.8,0.83
dev:adxH4 × rank:effH1,3,sharpe,278.2,14.9,18.7,15/19,-9.9,0.81
dev:adxH4 × dev:effH1,3,sharpe,297.9,15.1,19.7,16/19,-9.3,0.86
dev:adxH4 × rank:effH4,3,sharpe,284.6,18.1,15.7,16/19,-8.3,0.82
dev:adxH4 × dev:effH4,3,sharpe,289.0,19.1,15.1,16/19,-8.3,0.84
dev:adxH4 × rank:stackH4,3,sharpe,292.5,20.3,14.4,15/19,-10.3,0.83
dev:adxH4 × rank:ribbonD1,3,sharpe,309.3,19.0,16.3,16/19,-10.3,0.8
dev:adxH4 × dev:ribbonD1,3,sharpe,282.9,17.9,15.8,16/19,-10.8,0.83
dev:adxH4 × rank:dayrange,3,sharpe,266.6,19.3,13.8,15/19,-10.9,0.76
dev:adxH4 × dev:dayrange,3,sharpe,265.6,17.0,15.6,15/19,-12.8,0.76
dev:adxH4 × rank:hour,3,sharpe,282.4,18.8,15.0,16/19,-10.3,0.81
dev:adxH4 × rank:posH4,3,sharpe,293.0,19.8,14.8,16/19,-11.5,0.85
dev:adxH4 × dev:posH4,3,sharpe,305.2,18.1,16.9,16/19,-8.3,0.82
dev:adxH4 × rank:distD1,3,sharpe,296.9,19.4,15.3,16/19,-9.3,0.81
dev:adxH4 × dev:distD1,3,sharpe,283.2,19.6,14.4,15/19,-10.3,0.78
dev:adxH4 × rank:volume,3,sharpe,274.2,20.9,13.1,16/19,-11.8,0.8
dev:adxH4 × dev:volume,3,sharpe,303.3,19.4,15.6,16/19,-10.3,0.83
dev:adxH4 × rank:squeezeH1,3,sharpe,292.9,18.8,15.6,15/19,-11.3,0.78
dev:adxH4 × dev:squeezeH1,3,sharpe,290.5,19.4,15.0,15/19,-12.2,0.8
rank:adxD1 × dev:adxD1,3,sharpe,292.6,18.7,15.6,15/19,-12.2,0.85
rank:adxD1 × rank:effH1,3,sharpe,282.3,14.1,20.0,15/19,-9.5,0.82
rank:adxD1 × dev:effH1,3,sharpe,281.8,15.4,18.3,15/19,-10.0,0.81
rank:adxD1 × rank:effH4,3,sharpe,296.7,15.8,18.8,15/19,-8.9,0.87
rank:adxD1 × dev:effH4,3,sharpe,322.3,16.5,19.5,15/19,-9.6,0.91
rank:adxD1 × rank:stackH4,3,sharpe,304.0,15.9,19.1,14/19,-8.5,0.88
rank:adxD1 × rank:ribbonD1,3,sharpe,298.4,18.5,16.1,15/19,-13.9,0.81
rank:adxD1 × dev:ribbonD1,3,sharpe,303.4,17.6,17.2,14/19,-10.8,0.88
rank:adxD1 × rank:dayrange,3,sharpe,283.5,17.7,16.0,16/19,-14.0,0.78
rank:adxD1 × dev:dayrange,3,sharpe,289.5,17.1,16.9,14/19,-11.5,0.78
rank:adxD1 × rank:hour,3,sharpe,288.5,18.7,15.4,15/19,-11.8,0.81
rank:adxD1 × rank:posH4,3,sharpe,285.3,16.7,17.1,16/19,-9.5,0.84
rank:adxD1 × dev:posH4,3,sharpe,301.3,17.6,17.1,14/19,-10.9,0.78
rank:adxD1 × rank:distD1,3,sharpe,299.7,17.2,17.4,14/19,-11.6,0.91
rank:adxD1 × dev:distD1,3,sharpe,276.5,18.0,15.4,14/19,-11.3,0.8
rank:adxD1 × rank:volume,3,sharpe,299.3,14.0,21.4,15/19,-11.7,0.89
rank:adxD1 × dev:volume,3,sharpe,317.8,17.4,18.3,15/19,-11.8,0.91
rank:adxD1 × rank:squeezeH1,3,sharpe,282.7,16.4,17.2,15/19,-11.8,0.83
rank:adxD1 × dev:squeezeH1,3,sharpe,279.2,16.7,16.7,14/19,-10.5,0.8
dev:adxD1 × rank:effH1,3,sharpe,297.9,16.4,18.2,14/19,-12.4,0.8
dev:adxD1 × dev:effH1,3,sharpe,295.2,15.9,18.6,14/19,-13.2,0.79
dev:adxD1 × rank:effH4,3,sharpe,285.9,19.4,14.7,15/19,-9.9,0.85
dev:adxD1 × dev:effH4,3,sharpe,275.7,15.8,17.4,15/19,-11.3,0.84
dev:adxD1 × rank:stackH4,3,sharpe,275.2,16.6,16.6,14/19,-12.7,0.8
dev:adxD1 × rank:ribbonD1,3,sharpe,292.2,19.0,15.4,16/19,-13.3,0.84
dev:adxD1 × dev:ribbonD1,3,sharpe,274.1,17.6,15.6,16/19,-14.4,0.77
dev:adxD1 × rank:dayrange,3,sharpe,279.7,18.1,15.5,16/19,-10.8,0.79
dev:adxD1 × dev:dayrange,3,sharpe,290.7,17.4,16.7,14/19,-14.4,0.78
dev:adxD1 × rank:hour,3,sharpe,297.8,20.4,14.6,16/19,-12.7,0.84
dev:adxD1 × rank:posH4,3,sharpe,296.2,20.4,14.5,15/19,-11.3,0.8
dev:adxD1 × dev:posH4,3,sharpe,291.2,19.0,15.3,15/19,-10.3,0.8
dev:adxD1 × rank:distD1,3,sharpe,275.6,19.0,14.5,15/19,-13.0,0.83
dev:adxD1 × dev:distD1,3,sharpe,269.9,19.9,13.6,14/19,-12.2,0.76
dev:adxD1 × rank:volume,3,sharpe,300.3,18.1,16.6,16/19,-11.9,0.8
dev:adxD1 × dev:volume,3,sharpe,293.5,17.9,16.4,15/19,-13.8,0.82
dev:adxD1 × rank:squeezeH1,3,sharpe,270.5,17.6,15.4,15/19,-12.2,0.77
dev:adxD1 × dev:squeezeH1,3,sharpe,261.1,17.6,14.8,14/19,-11.2,0.72
rank:effH1 × dev:effH1,3,sharpe,266.1,14.8,18.0,13/19,-8.4,0.78
rank:effH1 × rank:effH4,3,sharpe,280.9,18.4,15.3,15/19,-10.9,0.81
rank:effH1 × dev:effH4,3,sharpe,269.9,14.1,19.1,15/19,-7.5,0.8
rank:effH1 × rank:stackH4,3,sharpe,284.2,16.0,17.8,15/19,-8.5,0.83
rank:effH1 × rank:ribbonD1,3,sharpe,313.1,16.9,18.5,15/19,-9.8,0.84
rank:effH1 × dev:ribbonD1,3,sharpe,300.6,16.0,18.8,15/19,-11.2,0.83
rank:effH1 × rank:dayrange,3,sharpe,271.9,14.7,18.5,14/19,-12.0,0.78
rank:effH1 × dev:dayrange,3,sharpe,288.2,18.0,16.0,14/19,-11.0,0.78
rank:effH1 × rank:hour,3,sharpe,274.5,18.0,15.2,14/19,-10.4,0.76
rank:effH1 × rank:posH4,3,sharpe,290.3,16.4,17.7,13/19,-10.8,0.79
rank:effH1 × dev:posH4,3,sharpe,286.7,17.0,16.9,15/19,-9.9,0.81
rank:effH1 × rank:distD1,3,sharpe,261.7,17.7,14.8,15/19,-10.9,0.74
rank:effH1 × dev:distD1,3,sharpe,273.5,18.0,15.2,14/19,-11.5,0.75
rank:effH1 × rank:volume,3,sharpe,278.4,14.1,19.7,13/19,-10.0,0.77
rank:effH1 × dev:volume,3,sharpe,285.7,16.6,17.2,16/19,-10.4,0.8
rank:effH1 × rank:squeezeH1,3,sharpe,282.4,16.9,16.7,15/19,-11.0,0.76
rank:effH1 × dev:squeezeH1,3,sharpe,248.0,16.9,14.7,14/19,-8.5,0.73
dev:effH1 × rank:effH4,3,sharpe,262.5,15.9,16.5,14/19,-10.9,0.82
dev:effH1 × dev:effH4,3,sharpe,275.5,14.9,18.5,15/19,-10.5,0.83
dev:effH1 × rank:stackH4,3,sharpe,288.1,15.9,18.1,14/19,-8.7,0.81
dev:effH1 × rank:ribbonD1,3,sharpe,307.8,17.9,17.2,16/19,-10.6,0.86
dev:effH1 × dev:ribbonD1,3,sharpe,285.9,18.7,15.3,15/19,-9.3,0.86
dev:effH1 × rank:dayrange,3,sharpe,294.4,16.7,17.6,15/19,-11.3,0.85
dev:effH1 × dev:dayrange,3,sharpe,283.4,18.0,15.7,15/19,-10.3,0.8
dev:effH1 × rank:hour,3,sharpe,273.7,21.4,12.8,13/19,-12.0,0.69
dev:effH1 × rank:posH4,3,sharpe,270.4,18.7,14.5,14/19,-9.9,0.74
dev:effH1 × dev:posH4,3,sharpe,284.4,15.6,18.2,14/19,-9.3,0.84
dev:effH1 × rank:distD1,3,sharpe,284.2,17.5,16.2,15/19,-11.3,0.83
dev:effH1 × dev:distD1,3,sharpe,289.3,18.0,16.1,14/19,-10.7,0.78
dev:effH1 × rank:volume,3,sharpe,272.6,18.4,14.8,16/19,-10.3,0.76
dev:effH1 × dev:volume,3,sharpe,281.0,16.7,16.8,16/19,-10.3,0.82
dev:effH1 × rank:squeezeH1,3,sharpe,273.3,18.1,15.1,15/19,-11.2,0.75
dev:effH1 × dev:squeezeH1,3,sharpe,274.0,15.1,18.1,14/19,-8.5,0.8
rank:effH4 × dev:effH4,3,sharpe,280.3,18.2,15.4,15/19,-9.9,0.86
rank:effH4 × rank:stackH4,3,sharpe,296.3,19.8,15.0,15/19,-10.9,0.84
rank:effH4 × rank:ribbonD1,3,sharpe,305.5,15.7,19.5,15/19,-11.8,0.86
rank:effH4 × dev:ribbonD1,3,sharpe,314.3,17.4,18.1,15/19,-11.8,0.92
rank:effH4 × rank:dayrange,3,sharpe,307.9,17.9,17.2,15/19,-11.8,0.84
rank:effH4 × dev:dayrange,3,sharpe,276.7,17.9,15.5,15/19,-10.2,0.78
rank:effH4 × rank:hour,3,sharpe,286.9,20.1,14.3,15/19,-10.3,0.83
rank:effH4 × rank:posH4,3,sharpe,280.9,19.3,14.6,16/19,-9.9,0.83
rank:effH4 × dev:posH4,3,sharpe,279.1,20.0,14.0,15/19,-10.0,0.84
rank:effH4 × rank:distD1,3,sharpe,286.7,17.6,16.3,15/19,-10.9,0.86
rank:effH4 × dev:distD1,3,sharpe,294.5,19.0,15.5,15/19,-10.9,0.79
rank:effH4 × rank:volume,3,sharpe,289.6,20.0,14.5,16/19,-9.9,0.84
rank:effH4 × dev:volume,3,sharpe,276.4,20.4,13.5,15/19,-9.9,0.8
rank:effH4 × rank:squeezeH1,3,sharpe,301.1,13.6,22.1,15/19,-11.8,0.83
rank:effH4 × dev:squeezeH1,3,sharpe,298.2,20.5,14.5,15/19,-11.4,0.83
dev:effH4 × rank:stackH4,3,sharpe,290.3,16.9,17.2,16/19,-10.9,0.84
dev:effH4 × rank:ribbonD1,3,sharpe,292.9,16.6,17.6,15/19,-10.3,0.81
dev:effH4 × dev:ribbonD1,3,sharpe,283.6,17.4,16.3,15/19,-11.2,0.87
dev:effH4 × rank:dayrange,3,sharpe,278.8,15.9,17.5,15/19,-12.3,0.82
dev:effH4 × dev:dayrange,3,sharpe,264.0,17.1,15.4,15/19,-10.3,0.81
dev:effH4 × rank:hour,3,sharpe,282.6,19.7,14.3,16/19,-11.3,0.82
dev:effH4 × rank:posH4,3,sharpe,285.7,16.5,17.3,15/19,-8.3,0.85
dev:effH4 × dev:posH4,3,sharpe,271.4,17.6,15.4,14/19,-8.9,0.77
dev:effH4 × rank:distD1,3,sharpe,284.7,16.4,17.4,16/19,-10.3,0.85
dev:effH4 × dev:distD1,3,sharpe,281.9,18.0,15.7,16/19,-11.4,0.83
dev:effH4 × rank:volume,3,sharpe,272.2,14.8,18.4,15/19,-10.9,0.84
dev:effH4 × dev:volume,3,sharpe,302.9,16.9,17.9,16/19,-9.4,0.88
dev:effH4 × rank:squeezeH1,3,sharpe,282.8,15.6,18.1,15/19,-11.3,0.8
dev:effH4 × dev:squeezeH1,3,sharpe,270.8,18.7,14.5,14/19,-12.8,0.76
rank:stackH4 × rank:ribbonD1,3,sharpe,315.0,17.6,17.9,16/19,-12.3,0.89
rank:stackH4 × dev:ribbonD1,3,sharpe,311.0,17.9,17.4,15/19,-12.1,0.84
rank:stackH4 × rank:dayrange,3,sharpe,277.3,16.5,16.8,16/19,-11.0,0.9
rank:stackH4 × dev:dayrange,3,sharpe,296.7,18.0,16.5,16/19,-11.2,0.84
rank:stackH4 × rank:hour,3,sharpe,294.9,19.4,15.2,16/19,-10.2,0.83
rank:stackH4 × rank:posH4,3,sharpe,300.5,19.8,15.2,15/19,-9.2,0.81
rank:stackH4 × dev:posH4,3,sharpe,290.9,20.3,14.3,15/19,-11.4,0.79
rank:stackH4 × rank:distD1,3,sharpe,273.9,17.1,16.0,14/19,-12.5,0.75
rank:stackH4 × dev:distD1,3,sharpe,261.7,17.9,14.6,14/19,-10.7,0.77
rank:stackH4 × rank:volume,3,sharpe,277.6,18.5,15.0,15/19,-11.3,0.78
rank:stackH4 × dev:volume,3,sharpe,309.9,20.5,15.1,16/19,-11.0,0.84
rank:stackH4 × rank:squeezeH1,3,sharpe,282.5,15.0,18.8,15/19,-9.7,0.77
rank:stackH4 × dev:squeezeH1,3,sharpe,282.8,19.4,14.6,15/19,-12.3,0.77
rank:ribbonD1 × dev:ribbonD1,3,sharpe,303.0,18.2,16.6,15/19,-13.2,0.82
rank:ribbonD1 × rank:dayrange,3,sharpe,296.4,15.2,19.5,15/19,-11.2,0.85
rank:ribbonD1 × dev:dayrange,3,sharpe,318.6,16.3,19.5,16/19,-12.7,0.86
rank:ribbonD1 × rank:hour,3,sharpe,285.7,18.7,15.3,16/19,-13.3,0.82
rank:ribbonD1 × rank:posH4,3,sharpe,312.2,14.9,21.0,15/19,-11.0,0.84
rank:ribbonD1 × dev:posH4,3,sharpe,303.1,18.4,16.5,14/19,-10.6,0.77
rank:ribbonD1 × rank:distD1,3,sharpe,292.4,15.9,18.4,16/19,-13.4,0.82
rank:ribbonD1 × dev:distD1,3,sharpe,295.2,16.4,18.0,15/19,-10.7,0.8
rank:ribbonD1 × rank:volume,3,sharpe,298.6,16.7,17.9,15/19,-11.3,0.82
rank:ribbonD1 × dev:volume,3,sharpe,304.7,17.4,17.5,16/19,-11.8,0.88
rank:ribbonD1 × rank:squeezeH1,3,sharpe,289.4,14.5,20.0,14/19,-12.3,0.81
rank:ribbonD1 × dev:squeezeH1,3,sharpe,294.8,17.7,16.7,16/19,-13.8,0.82
dev:ribbonD1 × rank:dayrange,3,sharpe,299.3,18.1,16.5,16/19,-11.4,0.86
dev:ribbonD1 × dev:dayrange,3,sharpe,288.7,18.0,16.0,16/19,-11.0,0.87
dev:ribbonD1 × rank:hour,3,sharpe,292.2,18.5,15.8,15/19,-10.8,0.85
dev:ribbonD1 × rank:posH4,3,sharpe,301.4,17.9,16.8,15/19,-11.5,0.81
dev:ribbonD1 × dev:posH4,3,sharpe,306.0,17.9,17.1,15/19,-9.6,0.85
dev:ribbonD1 × rank:distD1,3,sharpe,294.9,18.7,15.8,16/19,-12.2,0.88
dev:ribbonD1 × dev:distD1,3,sharpe,292.9,18.0,16.3,16/19,-9.8,0.87
dev:ribbonD1 × rank:volume,3,sharpe,283.8,18.1,15.7,15/19,-13.4,0.8
dev:ribbonD1 × dev:volume,3,sharpe,316.3,17.5,18.1,16/19,-10.3,0.87
dev:ribbonD1 × rank:squeezeH1,3,sharpe,304.2,18.0,16.9,15/19,-10.4,0.84
dev:ribbonD1 × dev:squeezeH1,3,sharpe,284.1,18.5,15.4,14/19,-12.8,0.78
rank:dayrange × dev:dayrange,3,sharpe,257.1,18.0,14.3,16/19,-11.3,0.82
rank:dayrange × rank:hour,3,sharpe,301.0,19.6,15.4,16/19,-12.8,0.89
rank:dayrange × rank:posH4,3,sharpe,312.4,16.2,19.3,15/19,-7.3,0.82
rank:dayrange × dev:posH4,3,sharpe,296.0,17.2,17.2,16/19,-7.3,0.88
rank:dayrange × rank:distD1,3,sharpe,283.0,17.7,16.0,15/19,-11.3,0.88
rank:dayrange × dev:distD1,3,sharpe,282.1,16.7,16.9,15/19,-10.7,0.81
rank:dayrange × rank:volume,3,sharpe,268.5,15.9,16.9,16/19,-10.8,0.83
rank:dayrange × dev:volume,3,sharpe,312.1,15.5,20.1,16/19,-11.8,0.94
rank:dayrange × rank:squeezeH1,3,sharpe,263.1,16.7,15.8,16/19,-10.8,0.76
rank:dayrange × dev:squeezeH1,3,sharpe,291.5,18.7,15.6,15/19,-11.0,0.82
dev:dayrange × rank:hour,3,sharpe,295.4,19.4,15.2,16/19,-13.4,0.85
dev:dayrange × rank:posH4,3,sharpe,315.5,16.4,19.2,14/19,-8.3,0.79
dev:dayrange × dev:posH4,3,sharpe,302.8,16.0,18.9,16/19,-12.3,0.84
dev:dayrange × rank:distD1,3,sharpe,294.2,19.7,14.9,15/19,-13.4,0.82
dev:dayrange × dev:distD1,3,sharpe,276.3,20.5,13.5,15/19,-12.4,0.73
dev:dayrange × rank:volume,3,sharpe,293.1,19.1,15.3,16/19,-10.9,0.77
dev:dayrange × dev:volume,3,sharpe,313.4,16.2,19.3,16/19,-12.4,0.9
dev:dayrange × rank:squeezeH1,3,sharpe,268.6,18.0,14.9,14/19,-10.2,0.76
dev:dayrange × dev:squeezeH1,3,sharpe,275.9,19.8,13.9,15/19,-11.3,0.75
rank:hour × rank:posH4,3,sharpe,300.7,15.7,19.2,15/19,-7.4,0.81
rank:hour × dev:posH4,3,sharpe,282.1,18.3,15.4,15/19,-9.3,0.79
rank:hour × rank:distD1,3,sharpe,280.5,18.7,15.0,15/19,-10.9,0.85
rank:hour × dev:distD1,3,sharpe,273.0,17.7,15.4,15/19,-11.2,0.8
rank:hour × rank:volume,3,sharpe,293.2,15.1,19.4,15/19,-9.3,0.82
rank:hour × dev:volume,3,sharpe,294.0,18.9,15.6,16/19,-8.3,0.87
rank:hour × rank:squeezeH1,3,sharpe,281.7,16.0,17.6,15/19,-12.4,0.8
rank:hour × dev:squeezeH1,3,sharpe,288.5,19.4,14.9,16/19,-11.7,0.78
rank:posH4 × dev:posH4,3,sharpe,296.2,20.8,14.2,16/19,-9.0,0.8
rank:posH4 × rank:distD1,3,sharpe,310.0,19.2,16.1,14/19,-10.9,0.81
rank:posH4 × dev:distD1,3,sharpe,289.7,15.2,19.1,14/19,-10.7,0.85
rank:posH4 × rank:volume,3,sharpe,293.1,18.4,15.9,14/19,-8.9,0.77
rank:posH4 × dev:volume,3,sharpe,278.9,18.7,14.9,14/19,-9.8,0.78
rank:posH4 × rank:squeezeH1,3,sharpe,293.0,16.7,17.5,15/19,-9.3,0.83
rank:posH4 × dev:squeezeH1,3,sharpe,273.5,19.8,13.8,15/19,-9.2,0.76
dev:posH4 × rank:distD1,3,sharpe,290.6,17.1,17.0,15/19,-9.9,0.82
dev:posH4 × dev:distD1,3,sharpe,317.5,15.8,20.1,15/19,-10.9,0.84
dev:posH4 × rank:volume,3,sharpe,291.7,18.8,15.5,16/19,-10.3,0.83
dev:posH4 × dev:volume,3,sharpe,299.5,19.3,15.5,15/19,-12.9,0.82
dev:posH4 × rank:squeezeH1,3,sharpe,285.5,17.7,16.1,15/19,-11.5,0.8
dev:posH4 × dev:squeezeH1,3,sharpe,290.2,19.8,14.7,14/19,-10.8,0.8
rank:distD1 × dev:distD1,3,sharpe,290.6,15.2,19.1,15/19,-12.0,0.82
rank:distD1 × rank:volume,3,sharpe,276.4,17.0,16.3,14/19,-10.0,0.79
rank:distD1 × dev:volume,3,sharpe,275.5,19.2,14.3,15/19,-11.0,0.78
rank:distD1 × rank:squeezeH1,3,sharpe,288.1,18.7,15.4,15/19,-13.4,0.81
rank:distD1 × dev:squeezeH1,3,sharpe,288.5,19.6,14.7,16/19,-10.9,0.79
dev:distD1 × rank:volume,3,sharpe,265.5,17.6,15.1,13/19,-9.7,0.76
dev:distD1 × dev:volume,3,sharpe,277.9,18.4,15.1,16/19,-8.4,0.82
dev:distD1 × rank:squeezeH1,3,sharpe,282.9,14.8,19.1,14/19,-10.7,0.81
dev:distD1 × dev:squeezeH1,3,sharpe,256.2,19.7,13.0,14/19,-9.5,0.74
rank:volume × dev:volume,3,sharpe,294.5,16.4,18.0,15/19,-9.4,0.82
rank:volume × rank:squeezeH1,3,sharpe,284.8,13.8,20.6,16/19,-12.4,0.77
rank:volume × dev:squeezeH1,3,sharpe,292.7,15.5,18.9,15/19,-11.2,0.8
dev:volume × rank:squeezeH1,3,sharpe,298.8,14.5,20.6,15/19,-8.3,0.84
dev:volume × dev:squeezeH1,3,sharpe,283.9,18.4,15.4,15/19,-13.2,0.75
rank:squeezeH1 × dev:squeezeH1,3,sharpe,255.9,18.1,14.1,14/19,-12.3,0.71
