cfg,hl,score,sumR,DD,calmar,mpos,worst,sh
FIXED k70/3R/1.0/none/0.0/0,,,284.4,29.1,9.8,15/19,-10.4,0.72
FIXED k70/3R/1.0/1.5R/0.5/0.0/0,,,280.6,22.5,12.5,15/19,-10.1,0.76
FIXED k70/q85/1.0/1.5R/0.5/0.0/0,,,281.4,22.3,12.6,15/19,-11.7,0.76
FIXED k70/none/1.0/1.5R/0.5/1.5/0,,,283.1,25.3,11.2,15/19,-11.3,0.75
FIXED k70/5R/1.0/none/0.0/0,,,301.6,42.3,7.1,14/19,-11.8,0.66
FIXED k50/3R/1.0/1.5R/0.5/0.0/0,,,337.4,24.9,13.6,16/19,-12.5,0.82
none,all,mean,312.1,42.3,7.4,14/19,-11.8,0.68
rank:volH1,all,mean,276.5,40.4,6.8,14/19,-10.8,0.63
dev:volH1,all,mean,325.6,38.4,8.5,14/19,-11.8,0.68
rank:volH4,all,mean,307.8,44.4,6.9,14/19,-11.8,0.67
dev:volH4,all,mean,313.0,43.4,7.2,14/19,-11.8,0.68
rank:volD1,all,mean,304.3,42.0,7.2,14/19,-11.8,0.7
dev:volD1,all,mean,324.7,39.9,8.1,14/19,-12.9,0.72
rank:adxH1,all,mean,307.4,34.9,8.8,14/19,-9.4,0.66
dev:adxH1,all,mean,309.9,40.2,7.7,14/19,-11.9,0.68
rank:adxH4,all,mean,304.0,40.3,7.5,14/19,-10.8,0.68
dev:adxH4,all,mean,289.1,39.9,7.2,14/19,-10.1,0.66
rank:adxD1,all,mean,304.9,44.5,6.9,14/19,-10.1,0.67
dev:adxD1,all,mean,306.3,34.6,8.9,14/19,-12.9,0.68
rank:effH1,all,mean,301.1,38.3,7.9,14/19,-11.2,0.65
dev:effH1,all,mean,306.2,39.8,7.7,14/19,-11.8,0.68
rank:effH4,all,mean,289.5,42.3,6.8,14/19,-11.8,0.66
dev:effH4,all,mean,303.8,40.4,7.5,14/19,-10.9,0.69
rank:stackH4,all,mean,309.3,42.3,7.3,14/19,-11.8,0.68
rank:ribbonD1,all,mean,294.8,43.7,6.7,14/19,-11.8,0.68
dev:ribbonD1,all,mean,274.7,43.1,6.4,14/19,-11.8,0.62
rank:dayrange,all,mean,314.4,38.4,8.2,14/19,-11.8,0.69
dev:dayrange,all,mean,316.1,43.3,7.3,14/19,-11.8,0.66
rank:hour,all,mean,293.2,41.3,7.1,14/19,-11.8,0.68
rank:posH4,all,mean,323.3,39.1,8.3,14/19,-11.8,0.69
dev:posH4,all,mean,317.8,41.3,7.7,14/19,-11.8,0.67
rank:distD1,all,mean,293.0,44.4,6.6,14/19,-11.8,0.67
dev:distD1,all,mean,292.4,41.7,7.0,14/19,-9.9,0.63
rank:volume,all,mean,283.0,40.9,6.9,14/19,-12.4,0.65
dev:volume,all,mean,293.1,42.2,6.9,14/19,-11.8,0.66
rank:squeezeH1,all,mean,279.5,45.2,6.2,14/19,-11.8,0.62
dev:squeezeH1,all,mean,281.3,41.5,6.8,14/19,-11.8,0.64
rank:volH1 × dev:volH1,all,mean,296.8,36.6,8.1,14/19,-10.8,0.65
rank:volH1 × rank:volH4,all,mean,311.9,37.0,8.4,14/19,-10.9,0.69
rank:volH1 × dev:volH4,all,mean,309.1,36.8,8.4,14/19,-11.3,0.68
rank:volH1 × rank:volD1,all,mean,293.8,30.5,9.6,15/19,-11.3,0.7
rank:volH1 × dev:volD1,all,mean,298.3,37.3,8.0,15/19,-11.3,0.71
rank:volH1 × rank:adxH1,all,mean,301.7,35.6,8.5,15/19,-10.2,0.69
rank:volH1 × dev:adxH1,all,mean,269.6,38.0,7.1,14/19,-11.9,0.63
rank:volH1 × rank:adxH4,all,mean,311.8,37.5,8.3,14/19,-10.8,0.71
rank:volH1 × dev:adxH4,all,mean,307.7,35.6,8.6,14/19,-9.4,0.68
rank:volH1 × rank:adxD1,all,mean,305.5,27.2,11.2,15/19,-9.9,0.72
rank:volH1 × dev:adxD1,all,mean,310.4,33.2,9.3,14/19,-10.3,0.71
rank:volH1 × rank:effH1,all,mean,300.6,38.8,7.7,14/19,-11.8,0.67
rank:volH1 × dev:effH1,all,mean,289.3,37.5,7.7,14/19,-10.8,0.67
rank:volH1 × rank:effH4,all,mean,294.7,37.7,7.8,14/19,-9.9,0.66
rank:volH1 × dev:effH4,all,mean,296.7,43.1,6.9,14/19,-9.9,0.67
rank:volH1 × rank:stackH4,all,mean,287.1,37.2,7.7,14/19,-10.8,0.66
rank:volH1 × rank:ribbonD1,all,mean,272.4,34.8,7.8,14/19,-11.3,0.64
rank:volH1 × dev:ribbonD1,all,mean,303.5,33.4,9.1,14/19,-11.3,0.7
rank:volH1 × rank:dayrange,all,mean,296.6,34.0,8.7,14/19,-11.8,0.68
rank:volH1 × dev:dayrange,all,mean,282.8,40.7,6.9,14/19,-10.8,0.64
rank:volH1 × rank:hour,all,mean,314.9,35.5,8.9,14/19,-11.3,0.71
rank:volH1 × rank:posH4,all,mean,321.2,31.7,10.1,14/19,-11.5,0.73
rank:volH1 × dev:posH4,all,mean,320.7,34.8,9.2,14/19,-11.3,0.71
rank:volH1 × rank:distD1,all,mean,313.7,43.8,7.2,14/19,-11.3,0.7
rank:volH1 × dev:distD1,all,mean,296.3,37.5,7.9,14/19,-10.3,0.68
rank:volH1 × rank:volume,all,mean,305.0,42.3,7.2,14/19,-10.8,0.66
rank:volH1 × dev:volume,all,mean,289.9,36.8,7.9,14/19,-10.8,0.68
rank:volH1 × rank:squeezeH1,all,mean,263.5,40.4,6.5,14/19,-10.8,0.62
rank:volH1 × dev:squeezeH1,all,mean,265.9,43.2,6.2,14/19,-10.8,0.62
dev:volH1 × rank:volH4,all,mean,307.1,40.8,7.5,14/19,-10.4,0.67
dev:volH1 × dev:volH4,all,mean,310.4,40.1,7.7,14/19,-12.4,0.65
dev:volH1 × rank:volD1,all,mean,300.3,35.8,8.4,14/19,-11.8,0.69
dev:volH1 × dev:volD1,all,mean,291.1,39.9,7.3,14/19,-9.9,0.64
dev:volH1 × rank:adxH1,all,mean,286.0,32.9,8.7,14/19,-10.2,0.67
dev:volH1 × dev:adxH1,all,mean,324.4,36.7,8.8,13/19,-10.9,0.7
dev:volH1 × rank:adxH4,all,mean,314.2,38.7,8.1,13/19,-10.4,0.71
dev:volH1 × dev:adxH4,all,mean,302.6,34.0,8.9,14/19,-8.4,0.69
dev:volH1 × rank:adxD1,all,mean,310.7,35.4,8.8,14/19,-9.9,0.68
dev:volH1 × dev:adxD1,all,mean,316.0,40.2,7.9,14/19,-12.4,0.7
dev:volH1 × rank:effH1,all,mean,302.6,36.5,8.3,14/19,-10.8,0.68
dev:volH1 × dev:effH1,all,mean,292.3,36.0,8.1,14/19,-9.8,0.7
dev:volH1 × rank:effH4,all,mean,297.2,42.3,7.0,14/19,-10.4,0.67
dev:volH1 × dev:effH4,all,mean,316.4,39.8,7.9,14/19,-10.4,0.7
dev:volH1 × rank:stackH4,all,mean,321.1,39.1,8.2,14/19,-11.8,0.68
dev:volH1 × rank:ribbonD1,all,mean,298.9,38.3,7.8,14/19,-11.9,0.69
dev:volH1 × dev:ribbonD1,all,mean,307.8,36.9,8.3,14/19,-10.4,0.67
dev:volH1 × rank:dayrange,all,mean,307.8,36.6,8.4,14/19,-10.9,0.66
dev:volH1 × dev:dayrange,all,mean,305.7,40.4,7.6,14/19,-11.9,0.66
dev:volH1 × rank:hour,all,mean,316.3,35.4,8.9,14/19,-11.8,0.68
dev:volH1 × rank:posH4,all,mean,313.3,39.5,7.9,14/19,-9.4,0.69
dev:volH1 × dev:posH4,all,mean,315.3,38.7,8.1,14/19,-9.9,0.68
dev:volH1 × rank:distD1,all,mean,301.8,40.7,7.4,14/19,-11.0,0.69
dev:volH1 × dev:distD1,all,mean,301.7,43.3,7.0,14/19,-9.9,0.66
dev:volH1 × rank:volume,all,mean,303.1,41.4,7.3,14/19,-11.8,0.68
dev:volH1 × dev:volume,all,mean,286.6,41.6,6.9,14/19,-11.8,0.66
dev:volH1 × rank:squeezeH1,all,mean,292.5,40.7,7.2,14/19,-11.0,0.63
dev:volH1 × dev:squeezeH1,all,mean,287.7,40.3,7.1,14/19,-11.8,0.7
rank:volH4 × dev:volH4,all,mean,304.2,45.6,6.7,14/19,-11.8,0.67
rank:volH4 × rank:volD1,all,mean,303.7,37.7,8.1,14/19,-11.8,0.71
rank:volH4 × dev:volD1,all,mean,305.1,41.2,7.4,14/19,-11.8,0.7
rank:volH4 × rank:adxH1,all,mean,286.1,36.2,7.9,14/19,-11.0,0.65
rank:volH4 × dev:adxH1,all,mean,319.4,39.6,8.1,14/19,-11.9,0.69
rank:volH4 × rank:adxH4,all,mean,295.5,43.1,6.9,14/19,-9.9,0.69
rank:volH4 × dev:adxH4,all,mean,301.8,38.6,7.8,14/19,-10.0,0.69
rank:volH4 × rank:adxD1,all,mean,270.5,36.3,7.5,14/19,-12.4,0.66
rank:volH4 × dev:adxD1,all,mean,294.4,41.4,7.1,13/19,-10.8,0.66
rank:volH4 × rank:effH1,all,mean,331.1,39.9,8.3,14/19,-11.0,0.71
rank:volH4 × dev:effH1,all,mean,303.4,45.0,6.7,14/19,-12.8,0.69
rank:volH4 × rank:effH4,all,mean,270.1,42.0,6.4,14/19,-11.0,0.66
rank:volH4 × dev:effH4,all,mean,301.7,43.2,7.0,14/19,-10.5,0.67
rank:volH4 × rank:stackH4,all,mean,307.9,44.2,7.0,14/19,-11.8,0.67
rank:volH4 × rank:ribbonD1,all,mean,289.2,39.9,7.2,14/19,-12.4,0.69
rank:volH4 × dev:ribbonD1,all,mean,288.9,41.4,7.0,14/19,-11.5,0.66
rank:volH4 × rank:dayrange,all,mean,312.5,43.8,7.1,14/19,-10.9,0.68
rank:volH4 × dev:dayrange,all,mean,296.0,42.8,6.9,14/19,-11.8,0.68
rank:volH4 × rank:hour,all,mean,304.6,36.9,8.3,14/19,-10.9,0.7
rank:volH4 × rank:posH4,all,mean,299.3,36.5,8.2,14/19,-11.8,0.69
rank:volH4 × dev:posH4,all,mean,291.2,42.5,6.9,14/19,-11.8,0.67
rank:volH4 × rank:distD1,all,mean,292.0,44.7,6.5,14/19,-9.9,0.67
rank:volH4 × dev:distD1,all,mean,318.1,32.3,9.8,14/19,-12.4,0.75
rank:volH4 × rank:volume,all,mean,281.1,40.5,6.9,14/19,-10.8,0.62
rank:volH4 × dev:volume,all,mean,307.8,44.7,6.9,14/19,-11.8,0.7
rank:volH4 × rank:squeezeH1,all,mean,279.3,44.5,6.3,14/19,-10.4,0.65
rank:volH4 × dev:squeezeH1,all,mean,295.9,44.0,6.7,14/19,-10.4,0.67
dev:volH4 × rank:volD1,all,mean,313.6,43.8,7.2,13/19,-12.7,0.7
dev:volH4 × dev:volD1,all,mean,322.8,41.1,7.9,14/19,-13.4,0.71
dev:volH4 × rank:adxH1,all,mean,298.2,37.9,7.9,14/19,-11.3,0.66
dev:volH4 × dev:adxH1,all,mean,302.2,39.0,7.7,14/19,-12.4,0.69
dev:volH4 × rank:adxH4,all,mean,314.9,41.1,7.7,14/19,-11.0,0.68
dev:volH4 × dev:adxH4,all,mean,315.2,35.8,8.8,13/19,-8.9,0.68
dev:volH4 × rank:adxD1,all,mean,294.3,35.4,8.3,13/19,-10.9,0.7
dev:volH4 × dev:adxD1,all,mean,300.8,41.1,7.3,14/19,-11.4,0.67
dev:volH4 × rank:effH1,all,mean,327.9,36.4,9.0,14/19,-12.2,0.73
dev:volH4 × dev:effH1,all,mean,309.5,38.6,8.0,14/19,-12.8,0.69
dev:volH4 × rank:effH4,all,mean,266.8,39.3,6.8,14/19,-11.3,0.61
dev:volH4 × dev:effH4,all,mean,299.8,42.8,7.0,13/19,-9.8,0.68
dev:volH4 × rank:stackH4,all,mean,313.8,43.4,7.2,14/19,-11.8,0.69
dev:volH4 × rank:ribbonD1,all,mean,313.6,43.6,7.2,14/19,-12.4,0.7
dev:volH4 × dev:ribbonD1,all,mean,312.6,35.2,8.9,14/19,-12.9,0.69
dev:volH4 × rank:dayrange,all,mean,302.0,38.3,7.9,14/19,-11.8,0.68
dev:volH4 × dev:dayrange,all,mean,303.2,43.6,7.0,14/19,-11.8,0.67
dev:volH4 × rank:hour,all,mean,301.2,38.7,7.8,14/19,-10.8,0.7
dev:volH4 × rank:posH4,all,mean,304.3,35.0,8.7,14/19,-10.9,0.73
dev:volH4 × dev:posH4,all,mean,298.3,42.4,7.0,14/19,-12.4,0.65
dev:volH4 × rank:distD1,all,mean,293.3,43.7,6.7,14/19,-11.2,0.67
dev:volH4 × dev:distD1,all,mean,307.7,37.2,8.3,14/19,-11.3,0.72
dev:volH4 × rank:volume,all,mean,301.1,41.2,7.3,14/19,-10.8,0.66
dev:volH4 × dev:volume,all,mean,318.7,43.5,7.3,14/19,-11.8,0.69
dev:volH4 × rank:squeezeH1,all,mean,285.6,45.4,6.3,14/19,-11.8,0.67
dev:volH4 × dev:squeezeH1,all,mean,293.9,43.1,6.8,14/19,-11.8,0.66
rank:volD1 × dev:volD1,all,mean,308.7,40.7,7.6,14/19,-12.1,0.7
rank:volD1 × rank:adxH1,all,mean,292.9,40.7,7.2,13/19,-10.2,0.66
rank:volD1 × dev:adxH1,all,mean,304.8,38.5,7.9,14/19,-11.9,0.72
rank:volD1 × rank:adxH4,all,mean,317.6,33.7,9.4,15/19,-10.8,0.75
rank:volD1 × dev:adxH4,all,mean,296.2,43.2,6.9,13/19,-10.4,0.65
rank:volD1 × rank:adxD1,all,mean,302.0,32.1,9.4,14/19,-13.4,0.76
rank:volD1 × dev:adxD1,all,mean,310.7,35.4,8.8,14/19,-12.9,0.7
rank:volD1 × rank:effH1,all,mean,297.9,43.9,6.8,14/19,-12.9,0.68
rank:volD1 × dev:effH1,all,mean,302.3,42.6,7.1,14/19,-12.8,0.67
rank:volD1 × rank:effH4,all,mean,289.5,39.9,7.3,14/19,-10.8,0.67
rank:volD1 × dev:effH4,all,mean,283.7,42.6,6.7,14/19,-10.8,0.68
rank:volD1 × rank:stackH4,all,mean,311.0,41.8,7.4,14/19,-11.8,0.71
rank:volD1 × rank:ribbonD1,all,mean,305.6,40.6,7.5,14/19,-10.1,0.72
rank:volD1 × dev:ribbonD1,all,mean,283.0,44.1,6.4,13/19,-10.7,0.59
rank:volD1 × rank:dayrange,all,mean,301.5,43.1,7.0,14/19,-10.8,0.69
rank:volD1 × dev:dayrange,all,mean,297.0,38.5,7.7,14/19,-13.9,0.72
rank:volD1 × rank:hour,all,mean,285.1,42.8,6.7,14/19,-12.9,0.65
rank:volD1 × rank:posH4,all,mean,290.0,44.1,6.6,14/19,-12.7,0.68
rank:volD1 × dev:posH4,all,mean,319.2,39.6,8.1,14/19,-12.9,0.68
rank:volD1 × rank:distD1,all,mean,279.5,43.1,6.5,13/19,-11.8,0.66
rank:volD1 × dev:distD1,all,mean,306.7,43.4,7.1,14/19,-10.8,0.66
rank:volD1 × rank:volume,all,mean,275.9,41.7,6.6,14/19,-12.4,0.66
rank:volD1 × dev:volume,all,mean,321.4,40.8,7.9,14/19,-12.5,0.7
rank:volD1 × rank:squeezeH1,all,mean,280.9,35.0,8.0,14/19,-10.8,0.66
rank:volD1 × dev:squeezeH1,all,mean,292.3,39.8,7.3,14/19,-12.9,0.68
dev:volD1 × rank:adxH1,all,mean,308.0,35.9,8.6,15/19,-10.0,0.72
dev:volD1 × dev:adxH1,all,mean,318.5,31.3,10.2,14/19,-11.9,0.74
dev:volD1 × rank:adxH4,all,mean,307.3,30.8,10.0,14/19,-12.4,0.76
dev:volD1 × dev:adxH4,all,mean,293.2,35.1,8.4,14/19,-10.1,0.73
dev:volD1 × rank:adxD1,all,mean,301.1,35.8,8.4,14/19,-11.9,0.72
dev:volD1 × dev:adxD1,all,mean,311.7,39.1,8.0,14/19,-12.9,0.68
dev:volD1 × rank:effH1,all,mean,297.6,33.9,8.8,14/19,-12.9,0.76
dev:volD1 × dev:effH1,all,mean,306.2,41.3,7.4,14/19,-13.8,0.68
dev:volD1 × rank:effH4,all,mean,289.0,40.0,7.2,14/19,-11.1,0.66
dev:volD1 × dev:effH4,all,mean,270.2,36.8,7.3,14/19,-9.9,0.7
dev:volD1 × rank:stackH4,all,mean,321.4,39.7,8.1,14/19,-12.9,0.7
dev:volD1 × rank:ribbonD1,all,mean,298.6,39.7,7.5,14/19,-11.4,0.71
dev:volD1 × dev:ribbonD1,all,mean,287.3,39.2,7.3,14/19,-9.5,0.67
dev:volD1 × rank:dayrange,all,mean,300.5,32.9,9.1,14/19,-11.8,0.71
dev:volD1 × dev:dayrange,all,mean,302.7,36.6,8.3,14/19,-12.9,0.73
dev:volD1 × rank:hour,all,mean,306.4,33.8,9.1,14/19,-12.4,0.71
dev:volD1 × rank:posH4,all,mean,327.6,33.1,9.9,14/19,-9.1,0.71
dev:volD1 × dev:posH4,all,mean,311.9,41.2,7.6,14/19,-11.8,0.68
dev:volD1 × rank:distD1,all,mean,294.8,34.1,8.6,14/19,-11.6,0.72
dev:volD1 × dev:distD1,all,mean,320.9,37.7,8.5,13/19,-11.3,0.71
dev:volD1 × rank:volume,all,mean,275.5,41.7,6.6,14/19,-13.4,0.65
dev:volD1 × dev:volume,all,mean,319.8,24.7,12.9,14/19,-11.8,0.75
dev:volD1 × rank:squeezeH1,all,mean,293.7,37.7,7.8,14/19,-11.8,0.66
dev:volD1 × dev:squeezeH1,all,mean,304.4,37.0,8.2,14/19,-12.9,0.68
rank:adxH1 × dev:adxH1,all,mean,310.6,36.5,8.5,14/19,-9.4,0.66
rank:adxH1 × rank:adxH4,all,mean,313.3,27.0,11.6,14/19,-12.7,0.7
rank:adxH1 × dev:adxH4,all,mean,310.2,32.8,9.5,13/19,-9.4,0.66
rank:adxH1 × rank:adxD1,all,mean,298.5,34.1,8.8,14/19,-10.4,0.68
rank:adxH1 × dev:adxD1,all,mean,310.5,37.3,8.3,14/19,-10.9,0.68
rank:adxH1 × rank:effH1,all,mean,300.9,38.1,7.9,14/19,-10.2,0.64
rank:adxH1 × dev:effH1,all,mean,306.0,36.3,8.4,14/19,-9.4,0.7
rank:adxH1 × rank:effH4,all,mean,303.9,40.2,7.6,14/19,-11.2,0.65
rank:adxH1 × dev:effH4,all,mean,297.3,38.9,7.6,13/19,-10.4,0.64
rank:adxH1 × rank:stackH4,all,mean,306.6,34.9,8.8,14/19,-9.4,0.66
rank:adxH1 × rank:ribbonD1,all,mean,277.4,41.6,6.7,14/19,-9.4,0.65
rank:adxH1 × dev:ribbonD1,all,mean,288.1,37.9,7.6,14/19,-11.9,0.62
rank:adxH1 × rank:dayrange,all,mean,310.2,32.3,9.6,14/19,-8.5,0.69
rank:adxH1 × dev:dayrange,all,mean,313.2,39.0,8.0,14/19,-9.4,0.67
rank:adxH1 × rank:hour,all,mean,309.8,34.0,9.1,14/19,-9.4,0.69
rank:adxH1 × rank:posH4,all,mean,306.6,37.7,8.1,13/19,-10.4,0.66
rank:adxH1 × dev:posH4,all,mean,305.3,34.7,8.8,13/19,-9.4,0.63
rank:adxH1 × rank:distD1,all,mean,307.6,40.9,7.5,14/19,-10.2,0.67
rank:adxH1 × dev:distD1,all,mean,291.0,40.3,7.2,14/19,-9.9,0.64
rank:adxH1 × rank:volume,all,mean,290.5,34.7,8.4,14/19,-10.9,0.64
rank:adxH1 × dev:volume,all,mean,308.7,30.9,10.0,15/19,-10.4,0.66
rank:adxH1 × rank:squeezeH1,all,mean,307.1,34.0,9.0,13/19,-11.2,0.67
rank:adxH1 × dev:squeezeH1,all,mean,282.0,36.3,7.8,14/19,-11.2,0.6
dev:adxH1 × rank:adxH4,all,mean,299.1,44.4,6.7,14/19,-11.1,0.66
dev:adxH1 × dev:adxH4,all,mean,303.2,33.1,9.2,14/19,-10.1,0.67
dev:adxH1 × rank:adxD1,all,mean,285.4,42.0,6.8,14/19,-11.9,0.68
dev:adxH1 × dev:adxD1,all,mean,297.6,35.7,8.3,14/19,-11.4,0.68
dev:adxH1 × rank:effH1,all,mean,290.1,37.4,7.8,14/19,-11.9,0.65
dev:adxH1 × dev:effH1,all,mean,308.3,40.3,7.7,14/19,-10.8,0.68
dev:adxH1 × rank:effH4,all,mean,303.4,34.0,8.9,14/19,-12.9,0.67
dev:adxH1 × dev:effH4,all,mean,299.2,40.8,7.3,14/19,-10.9,0.68
dev:adxH1 × rank:stackH4,all,mean,309.4,40.2,7.7,14/19,-11.9,0.68
dev:adxH1 × rank:ribbonD1,all,mean,293.4,38.8,7.6,14/19,-11.9,0.67
dev:adxH1 × dev:ribbonD1,all,mean,284.9,41.3,6.9,14/19,-10.8,0.64
dev:adxH1 × rank:dayrange,all,mean,284.4,42.1,6.8,14/19,-12.6,0.63
dev:adxH1 × dev:dayrange,all,mean,307.8,37.7,8.2,14/19,-11.9,0.67
dev:adxH1 × rank:hour,all,mean,298.2,35.4,8.4,14/19,-11.9,0.67
dev:adxH1 × rank:posH4,all,mean,312.0,37.7,8.3,14/19,-10.8,0.68
dev:adxH1 × dev:posH4,all,mean,318.3,39.6,8.0,14/19,-11.9,0.69
dev:adxH1 × rank:distD1,all,mean,300.0,39.5,7.6,14/19,-11.9,0.65
dev:adxH1 × dev:distD1,all,mean,311.1,39.9,7.8,14/19,-11.3,0.66
dev:adxH1 × rank:volume,all,mean,287.8,38.9,7.4,14/19,-11.3,0.65
dev:adxH1 × dev:volume,all,mean,294.1,38.4,7.7,14/19,-11.9,0.66
dev:adxH1 × rank:squeezeH1,all,mean,297.1,38.5,7.7,14/19,-11.9,0.65
dev:adxH1 × dev:squeezeH1,all,mean,298.8,37.5,8.0,14/19,-11.9,0.67
rank:adxH4 × dev:adxH4,all,mean,289.7,40.4,7.2,14/19,-10.1,0.65
rank:adxH4 × rank:adxD1,all,mean,303.1,37.0,8.2,14/19,-10.9,0.74
rank:adxH4 × dev:adxD1,all,mean,296.0,36.4,8.1,14/19,-12.9,0.67
rank:adxH4 × rank:effH1,all,mean,297.7,41.3,7.2,14/19,-11.9,0.66
rank:adxH4 × dev:effH1,all,mean,305.9,39.4,7.8,14/19,-10.4,0.69
rank:adxH4 × rank:effH4,all,mean,277.1,42.1,6.6,14/19,-11.2,0.64
rank:adxH4 × dev:effH4,all,mean,293.5,41.3,7.1,14/19,-10.5,0.68
rank:adxH4 × rank:stackH4,all,mean,304.0,40.3,7.5,14/19,-10.8,0.68
rank:adxH4 × rank:ribbonD1,all,mean,302.6,38.5,7.9,14/19,-9.9,0.75
rank:adxH4 × dev:ribbonD1,all,mean,294.8,38.4,7.7,14/19,-9.9,0.67
rank:adxH4 × rank:dayrange,all,mean,310.6,38.2,8.1,13/19,-11.1,0.72
rank:adxH4 × dev:dayrange,all,mean,299.6,36.9,8.1,14/19,-9.8,0.73
rank:adxH4 × rank:hour,all,mean,298.1,40.4,7.4,14/19,-10.4,0.66
rank:adxH4 × rank:posH4,all,mean,313.5,44.5,7.0,14/19,-10.4,0.69
rank:adxH4 × dev:posH4,all,mean,295.9,40.4,7.3,14/19,-9.9,0.69
rank:adxH4 × rank:distD1,all,mean,280.4,42.1,6.7,14/19,-10.8,0.71
rank:adxH4 × dev:distD1,all,mean,297.1,40.3,7.4,14/19,-9.8,0.67
rank:adxH4 × rank:volume,all,mean,283.7,39.4,7.2,14/19,-9.9,0.65
rank:adxH4 × dev:volume,all,mean,296.7,39.6,7.5,14/19,-10.4,0.7
rank:adxH4 × rank:squeezeH1,all,mean,280.0,36.7,7.6,14/19,-11.9,0.71
rank:adxH4 × dev:squeezeH1,all,mean,282.3,36.1,7.8,14/19,-11.2,0.7
dev:adxH4 × rank:adxD1,all,mean,297.7,39.7,7.5,14/19,-9.9,0.66
dev:adxH4 × dev:adxD1,all,mean,303.0,38.0,8.0,14/19,-10.9,0.67
dev:adxH4 × rank:effH1,all,mean,280.0,35.5,7.9,14/19,-11.8,0.64
dev:adxH4 × dev:effH1,all,mean,290.7,37.3,7.8,14/19,-9.6,0.7
dev:adxH4 × rank:effH4,all,mean,293.9,40.6,7.2,14/19,-9.9,0.65
dev:adxH4 × dev:effH4,all,mean,285.0,40.6,7.0,14/19,-9.6,0.65
dev:adxH4 × rank:stackH4,all,mean,289.1,39.9,7.2,14/19,-10.1,0.66
dev:adxH4 × rank:ribbonD1,all,mean,270.0,34.6,7.8,14/19,-9.9,0.66
dev:adxH4 × dev:ribbonD1,all,mean,285.7,42.1,6.8,13/19,-9.9,0.64
dev:adxH4 × rank:dayrange,all,mean,294.2,38.7,7.6,13/19,-12.1,0.65
dev:adxH4 × dev:dayrange,all,mean,298.9,35.3,8.5,14/19,-9.8,0.68
dev:adxH4 × rank:hour,all,mean,303.2,35.8,8.5,14/19,-12.1,0.68
dev:adxH4 × rank:posH4,all,mean,314.0,38.3,8.2,14/19,-9.3,0.69
dev:adxH4 × dev:posH4,all,mean,298.2,37.7,7.9,14/19,-8.9,0.65
dev:adxH4 × rank:distD1,all,mean,276.1,42.9,6.4,14/19,-9.9,0.63
dev:adxH4 × dev:distD1,all,mean,290.1,42.3,6.9,14/19,-9.9,0.64
dev:adxH4 × rank:volume,all,mean,295.8,31.1,9.5,14/19,-9.4,0.67
dev:adxH4 × dev:volume,all,mean,300.2,37.4,8.0,14/19,-9.4,0.65
dev:adxH4 × rank:squeezeH1,all,mean,303.5,35.9,8.5,14/19,-10.0,0.7
dev:adxH4 × dev:squeezeH1,all,mean,307.8,34.6,8.9,14/19,-9.9,0.69
rank:adxD1 × dev:adxD1,all,mean,315.2,38.2,8.3,14/19,-11.4,0.7
rank:adxD1 × rank:effH1,all,mean,308.2,41.1,7.5,14/19,-10.2,0.69
rank:adxD1 × dev:effH1,all,mean,296.1,28.0,10.6,14/19,-9.8,0.71
rank:adxD1 × rank:effH4,all,mean,286.5,40.6,7.1,14/19,-10.7,0.7
rank:adxD1 × dev:effH4,all,mean,290.3,38.2,7.6,14/19,-10.7,0.72
rank:adxD1 × rank:stackH4,all,mean,302.5,44.5,6.8,14/19,-10.1,0.66
rank:adxD1 × rank:ribbonD1,all,mean,298.2,43.6,6.8,14/19,-10.1,0.69
rank:adxD1 × dev:ribbonD1,all,mean,302.6,39.9,7.6,14/19,-9.4,0.74
rank:adxD1 × rank:dayrange,all,mean,310.9,38.8,8.0,13/19,-9.9,0.69
rank:adxD1 × dev:dayrange,all,mean,299.5,41.3,7.3,14/19,-10.8,0.68
rank:adxD1 × rank:hour,all,mean,288.7,35.5,8.1,14/19,-10.4,0.7
rank:adxD1 × rank:posH4,all,mean,321.0,32.9,9.8,14/19,-8.9,0.74
rank:adxD1 × dev:posH4,all,mean,321.7,39.1,8.2,14/19,-9.9,0.71
rank:adxD1 × rank:distD1,all,mean,301.6,43.4,6.9,14/19,-10.1,0.7
rank:adxD1 × dev:distD1,all,mean,313.6,35.5,8.8,14/19,-10.3,0.71
rank:adxD1 × rank:volume,all,mean,261.6,38.0,6.9,13/19,-9.8,0.66
rank:adxD1 × dev:volume,all,mean,296.0,41.3,7.2,14/19,-9.8,0.67
rank:adxD1 × rank:squeezeH1,all,mean,297.7,35.0,8.5,14/19,-9.9,0.72
rank:adxD1 × dev:squeezeH1,all,mean,274.5,39.3,7.0,14/19,-9.9,0.69
dev:adxD1 × rank:effH1,all,mean,298.4,37.2,8.0,14/19,-11.3,0.69
dev:adxD1 × dev:effH1,all,mean,306.3,31.9,9.6,14/19,-10.3,0.72
dev:adxD1 × rank:effH4,all,mean,290.5,37.6,7.7,14/19,-11.3,0.64
dev:adxD1 × dev:effH4,all,mean,302.8,37.7,8.0,14/19,-10.8,0.68
dev:adxD1 × rank:stackH4,all,mean,307.7,34.6,8.9,14/19,-12.9,0.68
dev:adxD1 × rank:ribbonD1,all,mean,299.1,40.4,7.4,14/19,-12.9,0.67
dev:adxD1 × dev:ribbonD1,all,mean,311.2,34.9,8.9,14/19,-12.4,0.72
dev:adxD1 × rank:dayrange,all,mean,303.3,39.6,7.7,14/19,-11.3,0.68
dev:adxD1 × dev:dayrange,all,mean,307.8,38.2,8.1,14/19,-11.4,0.68
dev:adxD1 × rank:hour,all,mean,286.6,38.1,7.5,14/19,-11.3,0.65
dev:adxD1 × rank:posH4,all,mean,292.2,40.4,7.2,14/19,-11.4,0.65
dev:adxD1 × dev:posH4,all,mean,311.6,37.1,8.4,14/19,-9.3,0.69
dev:adxD1 × rank:distD1,all,mean,288.5,38.5,7.5,14/19,-12.9,0.66
dev:adxD1 × dev:distD1,all,mean,326.9,33.0,9.9,14/19,-11.4,0.74
dev:adxD1 × rank:volume,all,mean,280.8,37.0,7.6,14/19,-11.3,0.65
dev:adxD1 × dev:volume,all,mean,324.7,35.5,9.1,14/19,-11.3,0.72
dev:adxD1 × rank:squeezeH1,all,mean,291.3,38.5,7.6,14/19,-11.4,0.67
dev:adxD1 × dev:squeezeH1,all,mean,307.3,36.6,8.4,14/19,-11.3,0.7
rank:effH1 × dev:effH1,all,mean,298.2,34.8,8.6,14/19,-11.7,0.67
rank:effH1 × rank:effH4,all,mean,288.0,40.1,7.2,14/19,-12.2,0.6
rank:effH1 × dev:effH4,all,mean,294.1,41.0,7.2,14/19,-10.9,0.64
rank:effH1 × rank:stackH4,all,mean,308.4,38.3,8.1,14/19,-11.2,0.67
rank:effH1 × rank:ribbonD1,all,mean,294.6,36.5,8.1,14/19,-12.4,0.72
rank:effH1 × dev:ribbonD1,all,mean,289.2,38.4,7.5,14/19,-10.8,0.66
rank:effH1 × rank:dayrange,all,mean,287.3,38.3,7.5,14/19,-11.8,0.66
rank:effH1 × dev:dayrange,all,mean,293.8,44.4,6.6,14/19,-11.8,0.64
rank:effH1 × rank:hour,all,mean,287.4,39.5,7.3,14/19,-11.8,0.63
rank:effH1 × rank:posH4,all,mean,295.3,43.4,6.8,14/19,-10.9,0.64
rank:effH1 × dev:posH4,all,mean,309.2,36.9,8.4,14/19,-11.8,0.67
rank:effH1 × rank:distD1,all,mean,308.6,44.6,6.9,14/19,-10.8,0.68
rank:effH1 × dev:distD1,all,mean,291.7,42.7,6.8,14/19,-9.9,0.65
rank:effH1 × rank:volume,all,mean,293.5,33.2,8.8,14/19,-11.3,0.67
rank:effH1 × dev:volume,all,mean,295.8,35.9,8.2,14/19,-11.8,0.69
rank:effH1 × rank:squeezeH1,all,mean,276.9,40.7,6.8,14/19,-10.8,0.64
rank:effH1 × dev:squeezeH1,all,mean,288.8,37.3,7.7,14/19,-10.8,0.65
dev:effH1 × rank:effH4,all,mean,292.4,38.1,7.7,14/19,-11.8,0.63
dev:effH1 × dev:effH4,all,mean,297.4,38.8,7.7,14/19,-10.0,0.66
dev:effH1 × rank:stackH4,all,mean,306.8,39.8,7.7,14/19,-11.8,0.68
dev:effH1 × rank:ribbonD1,all,mean,302.9,39.0,7.8,14/19,-10.8,0.68
dev:effH1 × dev:ribbonD1,all,mean,302.9,39.1,7.7,14/19,-12.4,0.68
dev:effH1 × rank:dayrange,all,mean,313.7,34.0,9.2,14/19,-11.8,0.71
dev:effH1 × dev:dayrange,all,mean,276.9,40.1,6.9,14/19,-10.8,0.64
dev:effH1 × rank:hour,all,mean,274.6,35.7,7.7,14/19,-10.8,0.65
dev:effH1 × rank:posH4,all,mean,310.1,40.0,7.8,14/19,-11.8,0.69
dev:effH1 × dev:posH4,all,mean,294.1,38.5,7.6,14/19,-11.8,0.68
dev:effH1 × rank:distD1,all,mean,289.6,44.2,6.6,14/19,-10.8,0.67
dev:effH1 × dev:distD1,all,mean,287.9,43.5,6.6,14/19,-10.3,0.63
dev:effH1 × rank:volume,all,mean,281.1,40.7,6.9,14/19,-10.8,0.63
dev:effH1 × dev:volume,all,mean,297.5,32.8,9.1,14/19,-10.8,0.71
dev:effH1 × rank:squeezeH1,all,mean,287.1,45.7,6.3,14/19,-10.8,0.63
dev:effH1 × dev:squeezeH1,all,mean,289.5,41.7,6.9,14/19,-10.8,0.63
rank:effH4 × dev:effH4,all,mean,284.5,40.4,7.0,14/19,-10.9,0.65
rank:effH4 × rank:stackH4,all,mean,291.6,42.3,6.9,14/19,-11.8,0.65
rank:effH4 × rank:ribbonD1,all,mean,276.8,41.4,6.7,14/19,-10.0,0.65
rank:effH4 × dev:ribbonD1,all,mean,297.3,35.2,8.4,14/19,-10.0,0.69
rank:effH4 × rank:dayrange,all,mean,297.5,38.2,7.8,13/19,-11.8,0.63
rank:effH4 × dev:dayrange,all,mean,308.4,41.4,7.4,14/19,-11.8,0.66
rank:effH4 × rank:hour,all,mean,290.1,39.1,7.4,14/19,-11.8,0.64
rank:effH4 × rank:posH4,all,mean,300.4,40.5,7.4,13/19,-9.9,0.64
rank:effH4 × dev:posH4,all,mean,305.1,42.0,7.3,14/19,-11.8,0.65
rank:effH4 × rank:distD1,all,mean,256.0,44.7,5.7,14/19,-11.9,0.63
rank:effH4 × dev:distD1,all,mean,284.7,43.2,6.6,14/19,-11.8,0.61
rank:effH4 × rank:volume,all,mean,299.2,41.7,7.2,14/19,-12.9,0.64
rank:effH4 × dev:volume,all,mean,300.3,41.8,7.2,14/19,-10.4,0.66
rank:effH4 × rank:squeezeH1,all,mean,287.4,40.4,7.1,14/19,-10.6,0.65
rank:effH4 × dev:squeezeH1,all,mean,290.0,39.0,7.4,14/19,-11.2,0.65
dev:effH4 × rank:stackH4,all,mean,303.4,40.4,7.5,14/19,-10.9,0.69
dev:effH4 × rank:ribbonD1,all,mean,289.2,43.5,6.6,14/19,-9.9,0.65
dev:effH4 × dev:ribbonD1,all,mean,301.3,35.4,8.5,14/19,-10.8,0.7
dev:effH4 × rank:dayrange,all,mean,310.9,40.2,7.7,14/19,-10.4,0.66
dev:effH4 × dev:dayrange,all,mean,298.7,40.9,7.3,14/19,-10.8,0.66
dev:effH4 × rank:hour,all,mean,300.1,45.1,6.7,14/19,-10.5,0.65
dev:effH4 × rank:posH4,all,mean,324.8,39.4,8.2,14/19,-9.9,0.7
dev:effH4 × dev:posH4,all,mean,302.1,41.5,7.3,14/19,-10.9,0.67
dev:effH4 × rank:distD1,all,mean,294.3,44.4,6.6,14/19,-9.9,0.69
dev:effH4 × dev:distD1,all,mean,300.2,43.3,6.9,14/19,-11.8,0.7
dev:effH4 × rank:volume,all,mean,304.9,38.8,7.9,14/19,-10.4,0.68
dev:effH4 × dev:volume,all,mean,308.3,41.2,7.5,14/19,-10.4,0.66
dev:effH4 × rank:squeezeH1,all,mean,284.0,36.4,7.8,14/19,-9.1,0.68
dev:effH4 × dev:squeezeH1,all,mean,298.2,40.9,7.3,14/19,-10.4,0.66
rank:stackH4 × rank:ribbonD1,all,mean,294.0,43.7,6.7,14/19,-11.8,0.67
rank:stackH4 × dev:ribbonD1,all,mean,270.9,44.1,6.1,14/19,-10.8,0.61
rank:stackH4 × rank:dayrange,all,mean,303.4,38.9,7.8,14/19,-11.8,0.68
rank:stackH4 × dev:dayrange,all,mean,312.0,43.2,7.2,14/19,-11.8,0.66
rank:stackH4 × rank:hour,all,mean,285.2,40.3,7.1,14/19,-11.8,0.67
rank:stackH4 × rank:posH4,all,mean,323.3,39.1,8.3,14/19,-11.8,0.69
rank:stackH4 × dev:posH4,all,mean,320.9,41.3,7.8,14/19,-11.8,0.67
rank:stackH4 × rank:distD1,all,mean,294.9,44.4,6.6,14/19,-11.8,0.67
rank:stackH4 × dev:distD1,all,mean,292.3,41.7,7.0,14/19,-9.9,0.63
rank:stackH4 × rank:volume,all,mean,282.6,40.9,6.9,14/19,-12.4,0.65
rank:stackH4 × dev:volume,all,mean,306.0,42.2,7.3,14/19,-11.8,0.67
rank:stackH4 × rank:squeezeH1,all,mean,284.1,45.2,6.3,14/19,-11.8,0.62
rank:stackH4 × dev:squeezeH1,all,mean,280.1,41.5,6.7,14/19,-11.8,0.63
rank:ribbonD1 × dev:ribbonD1,all,mean,288.1,43.0,6.7,14/19,-10.8,0.65
rank:ribbonD1 × rank:dayrange,all,mean,290.6,36.5,8.0,14/19,-10.9,0.69
rank:ribbonD1 × dev:dayrange,all,mean,293.9,43.3,6.8,14/19,-11.8,0.65
rank:ribbonD1 × rank:hour,all,mean,292.4,43.3,6.8,14/19,-11.8,0.64
rank:ribbonD1 × rank:posH4,all,mean,319.6,38.3,8.3,14/19,-11.3,0.71
rank:ribbonD1 × dev:posH4,all,mean,293.1,42.2,6.9,14/19,-10.8,0.65
rank:ribbonD1 × rank:distD1,all,mean,279.3,41.3,6.8,14/19,-10.1,0.7
rank:ribbonD1 × dev:distD1,all,mean,277.3,39.1,7.1,13/19,-10.1,0.64
rank:ribbonD1 × rank:volume,all,mean,278.4,39.9,7.0,14/19,-10.8,0.66
rank:ribbonD1 × dev:volume,all,mean,293.4,45.2,6.5,14/19,-12.4,0.67
rank:ribbonD1 × rank:squeezeH1,all,mean,284.4,41.6,6.8,14/19,-10.4,0.65
rank:ribbonD1 × dev:squeezeH1,all,mean,283.1,40.9,6.9,14/19,-11.9,0.66
dev:ribbonD1 × rank:dayrange,all,mean,299.8,39.8,7.5,14/19,-10.8,0.68
dev:ribbonD1 × dev:dayrange,all,mean,308.9,43.5,7.1,14/19,-10.8,0.66
dev:ribbonD1 × rank:hour,all,mean,305.5,39.8,7.7,14/19,-11.8,0.67
dev:ribbonD1 × rank:posH4,all,mean,318.1,34.4,9.2,14/19,-11.8,0.68
dev:ribbonD1 × dev:posH4,all,mean,284.7,42.5,6.7,14/19,-10.8,0.64
dev:ribbonD1 × rank:distD1,all,mean,276.4,39.1,7.1,14/19,-11.8,0.65
dev:ribbonD1 × dev:distD1,all,mean,288.1,38.0,7.6,14/19,-10.8,0.64
dev:ribbonD1 × rank:volume,all,mean,294.0,42.0,7.0,14/19,-10.8,0.63
dev:ribbonD1 × dev:volume,all,mean,296.7,43.6,6.8,14/19,-10.9,0.66
dev:ribbonD1 × rank:squeezeH1,all,mean,289.7,39.4,7.4,14/19,-11.3,0.68
dev:ribbonD1 × dev:squeezeH1,all,mean,296.1,37.5,7.9,14/19,-10.8,0.69
rank:dayrange × dev:dayrange,all,mean,305.1,40.3,7.6,14/19,-11.8,0.65
rank:dayrange × rank:hour,all,mean,295.3,35.3,8.4,14/19,-11.8,0.68
rank:dayrange × rank:posH4,all,mean,309.7,38.8,8.0,14/19,-8.9,0.7
rank:dayrange × dev:posH4,all,mean,323.7,32.2,10.1,14/19,-11.8,0.71
rank:dayrange × rank:distD1,all,mean,293.5,39.3,7.5,14/19,-11.8,0.65
rank:dayrange × dev:distD1,all,mean,283.9,35.4,8.0,13/19,-10.3,0.64
rank:dayrange × rank:volume,all,mean,310.2,35.0,8.9,13/19,-10.8,0.68
rank:dayrange × dev:volume,all,mean,297.6,34.2,8.7,14/19,-11.8,0.67
rank:dayrange × rank:squeezeH1,all,mean,303.2,35.3,8.6,14/19,-11.8,0.67
rank:dayrange × dev:squeezeH1,all,mean,304.1,39.4,7.7,14/19,-10.9,0.66
dev:dayrange × rank:hour,all,mean,318.6,35.5,9.0,14/19,-11.8,0.7
dev:dayrange × rank:posH4,all,mean,313.2,37.5,8.4,14/19,-11.8,0.69
dev:dayrange × dev:posH4,all,mean,310.6,40.4,7.7,14/19,-11.8,0.65
dev:dayrange × rank:distD1,all,mean,271.9,45.0,6.0,14/19,-11.8,0.62
dev:dayrange × dev:distD1,all,mean,296.7,41.9,7.1,14/19,-10.3,0.65
dev:dayrange × rank:volume,all,mean,313.0,40.6,7.7,14/19,-10.8,0.67
dev:dayrange × dev:volume,all,mean,300.7,41.3,7.3,14/19,-11.8,0.67
dev:dayrange × rank:squeezeH1,all,mean,283.3,45.5,6.2,14/19,-11.8,0.63
dev:dayrange × dev:squeezeH1,all,mean,286.5,44.9,6.4,14/19,-11.8,0.63
rank:hour × rank:posH4,all,mean,322.0,34.1,9.4,14/19,-11.8,0.72
rank:hour × dev:posH4,all,mean,314.1,36.0,8.7,14/19,-10.8,0.69
rank:hour × rank:distD1,all,mean,269.6,42.4,6.4,14/19,-10.8,0.61
rank:hour × dev:distD1,all,mean,315.4,39.3,8.0,14/19,-10.8,0.7
rank:hour × rank:volume,all,mean,287.0,40.2,7.1,14/19,-11.5,0.67
rank:hour × dev:volume,all,mean,307.4,38.5,8.0,14/19,-11.8,0.68
rank:hour × rank:squeezeH1,all,mean,302.7,37.7,8.0,14/19,-11.8,0.63
rank:hour × dev:squeezeH1,all,mean,296.9,38.3,7.8,14/19,-11.8,0.68
rank:posH4 × dev:posH4,all,mean,329.9,34.1,9.7,14/19,-10.4,0.71
rank:posH4 × rank:distD1,all,mean,294.5,43.4,6.8,14/19,-9.9,0.66
rank:posH4 × dev:distD1,all,mean,300.8,40.4,7.4,14/19,-10.8,0.67
rank:posH4 × rank:volume,all,mean,306.5,34.2,9.0,14/19,-10.8,0.67
rank:posH4 × dev:volume,all,mean,303.6,37.9,8.0,14/19,-12.3,0.69
rank:posH4 × rank:squeezeH1,all,mean,304.8,30.4,10.0,14/19,-11.3,0.74
rank:posH4 × dev:squeezeH1,all,mean,293.5,38.8,7.6,14/19,-10.4,0.68
dev:posH4 × rank:distD1,all,mean,304.3,43.4,7.0,14/19,-9.9,0.67
dev:posH4 × dev:distD1,all,mean,304.9,44.3,6.9,14/19,-10.0,0.66
dev:posH4 × rank:volume,all,mean,293.9,40.8,7.2,14/19,-10.8,0.67
dev:posH4 × dev:volume,all,mean,322.3,43.4,7.4,14/19,-10.9,0.67
dev:posH4 × rank:squeezeH1,all,mean,291.9,33.2,8.8,14/19,-10.8,0.66
dev:posH4 × dev:squeezeH1,all,mean,306.2,37.8,8.1,14/19,-11.9,0.67
rank:distD1 × dev:distD1,all,mean,281.4,41.7,6.7,13/19,-9.9,0.63
rank:distD1 × rank:volume,all,mean,265.9,42.2,6.3,14/19,-9.3,0.6
rank:distD1 × dev:volume,all,mean,297.8,44.9,6.6,14/19,-9.9,0.68
rank:distD1 × rank:squeezeH1,all,mean,268.6,41.2,6.5,14/19,-10.8,0.67
rank:distD1 × dev:squeezeH1,all,mean,287.4,42.1,6.8,14/19,-10.8,0.67
dev:distD1 × rank:volume,all,mean,293.9,42.2,7.0,14/19,-10.8,0.63
dev:distD1 × dev:volume,all,mean,304.2,43.7,7.0,14/19,-9.9,0.66
dev:distD1 × rank:squeezeH1,all,mean,293.3,33.6,8.7,14/19,-12.2,0.66
dev:distD1 × dev:squeezeH1,all,mean,290.6,38.4,7.6,14/19,-11.7,0.66
rank:volume × dev:volume,all,mean,298.7,41.3,7.2,14/19,-10.8,0.66
rank:volume × rank:squeezeH1,all,mean,287.9,34.1,8.4,13/19,-9.9,0.63
rank:volume × dev:squeezeH1,all,mean,280.5,41.8,6.7,14/19,-9.9,0.64
dev:volume × rank:squeezeH1,all,mean,301.5,35.6,8.5,14/19,-10.8,0.65
dev:volume × dev:squeezeH1,all,mean,304.6,38.6,7.9,14/19,-12.4,0.69
rank:squeezeH1 × dev:squeezeH1,all,mean,278.3,45.3,6.1,14/19,-11.8,0.63
none,all,sharpe,301.8,31.6,9.6,14/19,-10.8,0.7
rank:volH1,all,sharpe,304.0,32.9,9.2,14/19,-11.3,0.71
dev:volH1,all,sharpe,314.4,30.5,10.3,14/19,-10.8,0.69
rank:volH4,all,sharpe,275.4,40.5,6.8,14/19,-9.9,0.7
dev:volH4,all,sharpe,302.5,35.7,8.5,14/19,-10.9,0.73
rank:volD1,all,sharpe,303.4,36.5,8.3,14/19,-12.8,0.69
dev:volD1,all,sharpe,329.9,23.4,14.1,14/19,-13.1,0.8
rank:adxH1,all,sharpe,300.7,29.2,10.3,15/19,-10.4,0.7
dev:adxH1,all,sharpe,299.6,30.2,9.9,14/19,-9.6,0.68
rank:adxH4,all,sharpe,269.6,38.1,7.1,14/19,-8.3,0.7
dev:adxH4,all,sharpe,285.0,30.4,9.4,14/19,-9.4,0.66
rank:adxD1,all,sharpe,291.3,37.3,7.8,15/19,-9.3,0.73
dev:adxD1,all,sharpe,288.5,41.1,7.0,14/19,-12.9,0.64
rank:effH1,all,sharpe,276.0,36.5,7.6,14/19,-12.8,0.64
dev:effH1,all,sharpe,295.5,31.9,9.3,15/19,-11.0,0.72
rank:effH4,all,sharpe,284.4,28.2,10.1,15/19,-11.3,0.7
dev:effH4,all,sharpe,294.6,29.5,10.0,15/19,-10.4,0.75
rank:stackH4,all,sharpe,308.5,32.6,9.5,14/19,-10.8,0.69
rank:ribbonD1,all,sharpe,289.9,37.8,7.7,14/19,-11.8,0.71
dev:ribbonD1,all,sharpe,281.8,36.7,7.7,13/19,-10.8,0.66
rank:dayrange,all,sharpe,309.1,30.9,10.0,15/19,-11.1,0.75
dev:dayrange,all,sharpe,308.6,34.8,8.9,14/19,-11.8,0.68
rank:hour,all,sharpe,283.9,32.8,8.7,14/19,-12.4,0.68
rank:posH4,all,sharpe,325.3,37.7,8.6,14/19,-9.9,0.7
dev:posH4,all,sharpe,314.2,33.6,9.4,14/19,-11.3,0.68
rank:distD1,all,sharpe,297.2,39.2,7.6,14/19,-10.1,0.7
dev:distD1,all,sharpe,309.7,30.9,10.0,14/19,-11.3,0.71
rank:volume,all,sharpe,288.9,33.7,8.6,15/19,-10.4,0.67
dev:volume,all,sharpe,328.3,31.8,10.3,14/19,-9.9,0.74
rank:squeezeH1,all,sharpe,264.0,38.4,6.9,14/19,-11.8,0.64
dev:squeezeH1,all,sharpe,278.8,35.6,7.8,14/19,-9.4,0.64
rank:volH1 × dev:volH1,all,sharpe,300.9,33.3,9.0,14/19,-11.3,0.68
rank:volH1 × rank:volH4,all,sharpe,297.9,36.6,8.1,14/19,-9.9,0.72
rank:volH1 × dev:volH4,all,sharpe,296.4,34.3,8.6,14/19,-10.5,0.74
rank:volH1 × rank:volD1,all,sharpe,275.8,27.3,10.1,14/19,-11.3,0.72
rank:volH1 × dev:volD1,all,sharpe,302.3,29.5,10.2,15/19,-11.5,0.79
rank:volH1 × rank:adxH1,all,sharpe,292.0,29.4,9.9,15/19,-11.4,0.73
rank:volH1 × dev:adxH1,all,sharpe,299.4,35.1,8.5,14/19,-10.4,0.69
rank:volH1 × rank:adxH4,all,sharpe,301.5,37.6,8.0,14/19,-9.8,0.71
rank:volH1 × dev:adxH4,all,sharpe,271.9,32.6,8.3,13/19,-9.4,0.68
rank:volH1 × rank:adxD1,all,sharpe,308.1,24.7,12.5,14/19,-6.9,0.8
rank:volH1 × dev:adxD1,all,sharpe,299.0,34.4,8.7,14/19,-10.3,0.75
rank:volH1 × rank:effH1,all,sharpe,286.5,34.6,8.3,15/19,-11.8,0.72
rank:volH1 × dev:effH1,all,sharpe,290.4,36.1,8.0,14/19,-8.3,0.74
rank:volH1 × rank:effH4,all,sharpe,278.1,31.6,8.8,14/19,-9.9,0.72
rank:volH1 × dev:effH4,all,sharpe,309.1,32.5,9.5,14/19,-8.9,0.76
rank:volH1 × rank:stackH4,all,sharpe,307.0,32.8,9.4,14/19,-11.3,0.71
rank:volH1 × rank:ribbonD1,all,sharpe,284.3,31.6,9.0,14/19,-11.3,0.74
rank:volH1 × dev:ribbonD1,all,sharpe,272.0,29.2,9.3,15/19,-11.3,0.72
rank:volH1 × rank:dayrange,all,sharpe,306.5,32.4,9.5,14/19,-11.8,0.69
rank:volH1 × dev:dayrange,all,sharpe,290.7,32.7,8.9,14/19,-11.8,0.69
rank:volH1 × rank:hour,all,sharpe,307.4,28.6,10.7,15/19,-12.4,0.76
rank:volH1 × rank:posH4,all,sharpe,319.9,32.8,9.8,15/19,-12.5,0.76
rank:volH1 × dev:posH4,all,sharpe,305.4,35.0,8.7,14/19,-11.3,0.71
rank:volH1 × rank:distD1,all,sharpe,287.6,29.3,9.8,13/19,-10.5,0.76
rank:volH1 × dev:distD1,all,sharpe,289.5,23.5,12.3,15/19,-7.8,0.77
rank:volH1 × rank:volume,all,sharpe,304.7,29.4,10.4,14/19,-12.8,0.7
rank:volH1 × dev:volume,all,sharpe,311.2,32.3,9.6,14/19,-10.5,0.75
rank:volH1 × rank:squeezeH1,all,sharpe,263.9,37.2,7.1,14/19,-10.9,0.65
rank:volH1 × dev:squeezeH1,all,sharpe,280.7,34.6,8.1,14/19,-11.5,0.67
dev:volH1 × rank:volH4,all,sharpe,304.5,36.2,8.4,13/19,-10.9,0.7
dev:volH1 × dev:volH4,all,sharpe,324.0,32.8,9.9,14/19,-11.5,0.73
dev:volH1 × rank:volD1,all,sharpe,273.9,34.1,8.0,14/19,-11.3,0.67
dev:volH1 × dev:volD1,all,sharpe,322.7,26.4,12.2,15/19,-12.5,0.76
dev:volH1 × rank:adxH1,all,sharpe,285.6,26.4,10.8,15/19,-11.4,0.75
dev:volH1 × dev:adxH1,all,sharpe,312.5,31.6,9.9,13/19,-10.4,0.65
dev:volH1 × rank:adxH4,all,sharpe,312.9,34.5,9.1,14/19,-10.4,0.76
dev:volH1 × dev:adxH4,all,sharpe,278.6,30.2,9.2,12/19,-8.6,0.68
dev:volH1 × rank:adxD1,all,sharpe,305.0,33.8,9.0,14/19,-8.9,0.76
dev:volH1 × dev:adxD1,all,sharpe,318.3,42.2,7.5,14/19,-12.4,0.69
dev:volH1 × rank:effH1,all,sharpe,293.0,32.0,9.2,14/19,-11.8,0.7
dev:volH1 × dev:effH1,all,sharpe,300.1,29.6,10.1,14/19,-7.9,0.71
dev:volH1 × rank:effH4,all,sharpe,297.9,32.8,9.1,14/19,-10.4,0.69
dev:volH1 × dev:effH4,all,sharpe,295.3,35.9,8.2,14/19,-8.4,0.73
dev:volH1 × rank:stackH4,all,sharpe,316.3,30.3,10.4,14/19,-9.9,0.7
dev:volH1 × rank:ribbonD1,all,sharpe,288.3,34.8,8.3,14/19,-11.3,0.71
dev:volH1 × dev:ribbonD1,all,sharpe,281.8,35.6,7.9,14/19,-10.4,0.68
dev:volH1 × rank:dayrange,all,sharpe,292.1,33.3,8.8,13/19,-11.9,0.66
dev:volH1 × dev:dayrange,all,sharpe,308.8,33.8,9.1,14/19,-11.8,0.7
dev:volH1 × rank:hour,all,sharpe,312.7,33.6,9.3,14/19,-12.4,0.7
dev:volH1 × rank:posH4,all,sharpe,312.2,30.0,10.4,15/19,-10.9,0.75
dev:volH1 × dev:posH4,all,sharpe,316.1,31.1,10.2,15/19,-10.4,0.74
dev:volH1 × rank:distD1,all,sharpe,276.4,35.9,7.7,14/19,-11.0,0.74
dev:volH1 × dev:distD1,all,sharpe,300.3,26.3,11.4,14/19,-11.3,0.71
dev:volH1 × rank:volume,all,sharpe,314.2,31.4,10.0,14/19,-12.4,0.7
dev:volH1 × dev:volume,all,sharpe,313.5,30.1,10.4,14/19,-11.4,0.76
dev:volH1 × rank:squeezeH1,all,sharpe,285.6,38.6,7.4,14/19,-9.9,0.67
dev:volH1 × dev:squeezeH1,all,sharpe,258.5,38.5,6.7,14/19,-12.5,0.64
rank:volH4 × dev:volH4,all,sharpe,278.5,38.1,7.3,14/19,-13.4,0.68
rank:volH4 × rank:volD1,all,sharpe,286.5,29.9,9.6,14/19,-9.9,0.74
rank:volH4 × dev:volD1,all,sharpe,292.0,39.6,7.4,14/19,-11.9,0.73
rank:volH4 × rank:adxH1,all,sharpe,277.8,30.4,9.1,13/19,-11.3,0.68
rank:volH4 × dev:adxH1,all,sharpe,292.5,39.0,7.5,14/19,-11.9,0.68
rank:volH4 × rank:adxH4,all,sharpe,268.6,33.9,7.9,14/19,-10.9,0.71
rank:volH4 × dev:adxH4,all,sharpe,273.1,29.9,9.1,14/19,-9.0,0.73
rank:volH4 × rank:adxD1,all,sharpe,262.7,37.0,7.1,14/19,-12.4,0.68
rank:volH4 × dev:adxD1,all,sharpe,267.0,43.6,6.1,12/19,-10.8,0.62
rank:volH4 × rank:effH1,all,sharpe,298.0,40.6,7.3,14/19,-11.0,0.69
rank:volH4 × dev:effH1,all,sharpe,304.8,39.2,7.8,14/19,-14.3,0.69
rank:volH4 × rank:effH4,all,sharpe,272.0,40.9,6.7,14/19,-10.5,0.68
rank:volH4 × dev:effH4,all,sharpe,267.2,36.3,7.4,13/19,-8.1,0.71
rank:volH4 × rank:stackH4,all,sharpe,271.6,40.5,6.7,14/19,-10.4,0.69
rank:volH4 × rank:ribbonD1,all,sharpe,293.4,34.9,8.4,14/19,-10.9,0.74
rank:volH4 × dev:ribbonD1,all,sharpe,259.5,42.3,6.1,14/19,-10.5,0.63
rank:volH4 × rank:dayrange,all,sharpe,281.8,36.1,7.8,14/19,-10.0,0.71
rank:volH4 × dev:dayrange,all,sharpe,301.4,39.5,7.6,14/19,-10.9,0.7
rank:volH4 × rank:hour,all,sharpe,300.8,37.2,8.1,14/19,-9.8,0.75
rank:volH4 × rank:posH4,all,sharpe,291.2,36.4,8.0,14/19,-11.8,0.74
rank:volH4 × dev:posH4,all,sharpe,296.9,38.2,7.8,14/19,-11.8,0.68
rank:volH4 × rank:distD1,all,sharpe,283.0,35.0,8.1,14/19,-11.0,0.73
rank:volH4 × dev:distD1,all,sharpe,297.1,32.5,9.1,15/19,-11.8,0.73
rank:volH4 × rank:volume,all,sharpe,293.7,31.0,9.5,14/19,-9.4,0.69
rank:volH4 × dev:volume,all,sharpe,285.8,38.3,7.5,14/19,-9.9,0.7
rank:volH4 × rank:squeezeH1,all,sharpe,272.4,39.9,6.8,14/19,-8.9,0.64
rank:volH4 × dev:squeezeH1,all,sharpe,265.4,39.0,6.8,13/19,-10.4,0.66
dev:volH4 × rank:volD1,all,sharpe,308.0,34.0,9.1,14/19,-11.8,0.75
dev:volH4 × dev:volD1,all,sharpe,302.2,31.6,9.6,14/19,-11.6,0.74
dev:volH4 × rank:adxH1,all,sharpe,304.6,32.9,9.3,14/19,-10.1,0.73
dev:volH4 × dev:adxH1,all,sharpe,303.9,36.9,8.2,14/19,-10.1,0.72
dev:volH4 × rank:adxH4,all,sharpe,293.0,33.9,8.6,14/19,-10.0,0.71
dev:volH4 × dev:adxH4,all,sharpe,300.7,29.6,10.2,13/19,-8.2,0.72
dev:volH4 × rank:adxD1,all,sharpe,293.6,35.1,8.4,14/19,-9.9,0.75
dev:volH4 × dev:adxD1,all,sharpe,281.7,40.8,6.9,14/19,-9.2,0.67
dev:volH4 × rank:effH1,all,sharpe,314.9,36.4,8.7,14/19,-12.7,0.75
dev:volH4 × dev:effH1,all,sharpe,301.2,36.5,8.3,13/19,-10.9,0.71
dev:volH4 × rank:effH4,all,sharpe,273.1,33.4,8.2,13/19,-9.4,0.68
dev:volH4 × dev:effH4,all,sharpe,294.9,34.3,8.6,14/19,-11.9,0.72
dev:volH4 × rank:stackH4,all,sharpe,304.1,36.2,8.4,14/19,-10.9,0.73
dev:volH4 × rank:ribbonD1,all,sharpe,315.7,33.3,9.5,15/19,-12.4,0.75
dev:volH4 × dev:ribbonD1,all,sharpe,305.0,31.9,9.6,14/19,-12.9,0.71
dev:volH4 × rank:dayrange,all,sharpe,302.7,31.8,9.5,14/19,-11.7,0.72
dev:volH4 × dev:dayrange,all,sharpe,292.7,34.3,8.5,13/19,-12.4,0.69
dev:volH4 × rank:hour,all,sharpe,305.2,31.2,9.8,14/19,-10.6,0.73
dev:volH4 × rank:posH4,all,sharpe,298.0,37.0,8.1,13/19,-10.0,0.71
dev:volH4 × dev:posH4,all,sharpe,279.5,37.5,7.5,14/19,-9.9,0.66
dev:volH4 × rank:distD1,all,sharpe,294.6,35.5,8.3,14/19,-11.2,0.7
dev:volH4 × dev:distD1,all,sharpe,291.3,33.0,8.8,14/19,-11.8,0.72
dev:volH4 × rank:volume,all,sharpe,312.8,29.6,10.6,14/19,-10.4,0.71
dev:volH4 × dev:volume,all,sharpe,329.1,34.4,9.6,14/19,-10.9,0.72
dev:volH4 × rank:squeezeH1,all,sharpe,284.0,41.1,6.9,14/19,-9.9,0.64
dev:volH4 × dev:squeezeH1,all,sharpe,271.3,32.5,8.3,13/19,-10.6,0.69
rank:volD1 × dev:volD1,all,sharpe,331.9,25.6,13.0,15/19,-12.2,0.82
rank:volD1 × rank:adxH1,all,sharpe,309.6,31.8,9.7,15/19,-8.8,0.76
rank:volD1 × dev:adxH1,all,sharpe,293.7,29.6,9.9,14/19,-9.6,0.72
rank:volD1 × rank:adxH4,all,sharpe,306.8,31.9,9.6,15/19,-9.3,0.78
rank:volD1 × dev:adxH4,all,sharpe,266.5,36.8,7.2,13/19,-10.4,0.67
rank:volD1 × rank:adxD1,all,sharpe,295.6,34.6,8.5,14/19,-13.4,0.72
rank:volD1 × dev:adxD1,all,sharpe,296.8,34.7,8.6,14/19,-13.9,0.7
rank:volD1 × rank:effH1,all,sharpe,276.2,33.3,8.3,14/19,-11.8,0.66
rank:volD1 × dev:effH1,all,sharpe,281.5,31.1,9.1,13/19,-8.9,0.67
rank:volD1 × rank:effH4,all,sharpe,263.4,29.3,9.0,14/19,-7.4,0.68
rank:volD1 × dev:effH4,all,sharpe,275.4,32.4,8.5,14/19,-9.1,0.71
rank:volD1 × rank:stackH4,all,sharpe,303.2,36.5,8.3,14/19,-12.8,0.69
rank:volD1 × rank:ribbonD1,all,sharpe,286.2,32.6,8.8,14/19,-8.4,0.69
rank:volD1 × dev:ribbonD1,all,sharpe,288.0,39.2,7.3,14/19,-9.4,0.7
rank:volD1 × rank:dayrange,all,sharpe,292.3,40.4,7.2,14/19,-10.6,0.69
rank:volD1 × dev:dayrange,all,sharpe,292.0,33.6,8.7,14/19,-12.8,0.72
rank:volD1 × rank:hour,all,sharpe,306.2,35.2,8.7,14/19,-11.3,0.68
rank:volD1 × rank:posH4,all,sharpe,283.5,36.6,7.7,13/19,-9.9,0.66
rank:volD1 × dev:posH4,all,sharpe,288.9,35.1,8.2,14/19,-10.4,0.7
rank:volD1 × rank:distD1,all,sharpe,293.5,36.8,8.0,14/19,-12.6,0.72
rank:volD1 × dev:distD1,all,sharpe,267.9,33.9,7.9,15/19,-12.3,0.64
rank:volD1 × rank:volume,all,sharpe,293.5,33.0,8.9,14/19,-13.9,0.7
rank:volD1 × dev:volume,all,sharpe,302.4,35.5,8.5,14/19,-11.9,0.72
rank:volD1 × rank:squeezeH1,all,sharpe,254.4,32.2,7.9,14/19,-12.3,0.64
rank:volD1 × dev:squeezeH1,all,sharpe,278.6,32.9,8.5,14/19,-12.3,0.7
dev:volD1 × rank:adxH1,all,sharpe,313.6,24.6,12.7,15/19,-10.0,0.77
dev:volD1 × dev:adxH1,all,sharpe,313.7,20.7,15.2,15/19,-9.6,0.77
dev:volD1 × rank:adxH4,all,sharpe,288.1,32.0,9.0,14/19,-9.9,0.75
dev:volD1 × dev:adxH4,all,sharpe,290.6,28.9,10.1,14/19,-10.9,0.75
dev:volD1 × rank:adxD1,all,sharpe,291.9,31.6,9.2,15/19,-12.1,0.73
dev:volD1 × dev:adxD1,all,sharpe,297.8,37.2,8.0,14/19,-12.1,0.74
dev:volD1 × rank:effH1,all,sharpe,303.1,26.4,11.5,14/19,-12.8,0.78
dev:volD1 × dev:effH1,all,sharpe,308.7,27.7,11.1,13/19,-9.5,0.77
dev:volD1 × rank:effH4,all,sharpe,276.4,30.2,9.2,14/19,-12.9,0.71
dev:volD1 × dev:effH4,all,sharpe,290.3,28.6,10.2,14/19,-9.4,0.76
dev:volD1 × rank:stackH4,all,sharpe,323.0,23.4,13.8,15/19,-13.6,0.79
dev:volD1 × rank:ribbonD1,all,sharpe,279.2,32.4,8.6,15/19,-11.4,0.74
dev:volD1 × dev:ribbonD1,all,sharpe,291.7,31.7,9.2,14/19,-8.3,0.71
dev:volD1 × rank:dayrange,all,sharpe,287.1,31.0,9.3,14/19,-12.2,0.69
dev:volD1 × dev:dayrange,all,sharpe,298.2,26.3,11.3,15/19,-12.1,0.78
dev:volD1 × rank:hour,all,sharpe,314.7,27.8,11.3,14/19,-10.6,0.77
dev:volD1 × rank:posH4,all,sharpe,326.1,25.8,12.6,15/19,-10.1,0.81
dev:volD1 × dev:posH4,all,sharpe,315.5,28.7,11.0,15/19,-10.7,0.81
dev:volD1 × rank:distD1,all,sharpe,274.7,36.9,7.4,14/19,-11.1,0.69
dev:volD1 × dev:distD1,all,sharpe,285.6,38.0,7.5,14/19,-10.1,0.67
dev:volD1 × rank:volume,all,sharpe,291.7,28.5,10.2,15/19,-12.0,0.72
dev:volD1 × dev:volume,all,sharpe,321.3,22.3,14.4,14/19,-10.9,0.75
dev:volD1 × rank:squeezeH1,all,sharpe,311.7,25.2,12.4,14/19,-13.0,0.74
dev:volD1 × dev:squeezeH1,all,sharpe,335.4,27.7,12.1,14/19,-11.1,0.77
rank:adxH1 × dev:adxH1,all,sharpe,291.0,28.4,10.2,14/19,-9.4,0.68
rank:adxH1 × rank:adxH4,all,sharpe,318.4,25.1,12.7,14/19,-11.9,0.73
rank:adxH1 × dev:adxH4,all,sharpe,301.1,27.5,10.9,14/19,-9.4,0.7
rank:adxH1 × rank:adxD1,all,sharpe,301.3,34.1,8.8,15/19,-9.5,0.72
rank:adxH1 × dev:adxD1,all,sharpe,312.8,33.3,9.4,14/19,-9.9,0.73
rank:adxH1 × rank:effH1,all,sharpe,281.8,34.8,8.1,14/19,-9.7,0.65
rank:adxH1 × dev:effH1,all,sharpe,293.1,29.9,9.8,15/19,-10.2,0.68
rank:adxH1 × rank:effH4,all,sharpe,299.2,29.1,10.3,15/19,-10.0,0.67
rank:adxH1 × dev:effH4,all,sharpe,295.5,29.9,9.9,15/19,-9.9,0.73
rank:adxH1 × rank:stackH4,all,sharpe,303.3,29.2,10.4,15/19,-10.4,0.69
rank:adxH1 × rank:ribbonD1,all,sharpe,291.1,30.4,9.6,15/19,-9.4,0.79
rank:adxH1 × dev:ribbonD1,all,sharpe,290.1,29.0,10.0,14/19,-13.3,0.7
rank:adxH1 × rank:dayrange,all,sharpe,309.1,29.8,10.4,15/19,-9.5,0.71
rank:adxH1 × dev:dayrange,all,sharpe,302.8,31.9,9.5,15/19,-8.4,0.69
rank:adxH1 × rank:hour,all,sharpe,309.8,32.1,9.7,15/19,-10.5,0.69
rank:adxH1 × rank:posH4,all,sharpe,293.0,35.3,8.3,14/19,-10.3,0.66
rank:adxH1 × dev:posH4,all,sharpe,297.0,29.0,10.2,15/19,-8.4,0.71
rank:adxH1 × rank:distD1,all,sharpe,303.5,32.2,9.4,15/19,-11.2,0.71
rank:adxH1 × dev:distD1,all,sharpe,303.0,32.9,9.2,15/19,-10.3,0.71
rank:adxH1 × rank:volume,all,sharpe,298.2,29.3,10.2,15/19,-8.9,0.69
rank:adxH1 × dev:volume,all,sharpe,308.7,27.8,11.1,15/19,-11.4,0.71
rank:adxH1 × rank:squeezeH1,all,sharpe,286.4,30.3,9.5,14/19,-11.0,0.69
rank:adxH1 × dev:squeezeH1,all,sharpe,275.1,29.6,9.3,14/19,-11.6,0.69
dev:adxH1 × rank:adxH4,all,sharpe,308.6,38.7,8.0,13/19,-9.4,0.69
dev:adxH1 × dev:adxH4,all,sharpe,297.9,26.7,11.2,14/19,-10.1,0.69
dev:adxH1 × rank:adxD1,all,sharpe,300.6,32.9,9.1,15/19,-8.9,0.75
dev:adxH1 × dev:adxD1,all,sharpe,292.6,31.7,9.2,14/19,-10.9,0.68
dev:adxH1 × rank:effH1,all,sharpe,289.2,31.8,9.1,14/19,-11.8,0.65
dev:adxH1 × dev:effH1,all,sharpe,277.5,32.6,8.5,14/19,-10.4,0.68
dev:adxH1 × rank:effH4,all,sharpe,305.1,28.3,10.8,15/19,-10.4,0.7
dev:adxH1 × dev:effH4,all,sharpe,289.4,32.0,9.0,15/19,-12.0,0.69
dev:adxH1 × rank:stackH4,all,sharpe,299.4,30.2,9.9,14/19,-9.6,0.68
dev:adxH1 × rank:ribbonD1,all,sharpe,261.1,35.9,7.3,14/19,-11.4,0.7
dev:adxH1 × dev:ribbonD1,all,sharpe,293.9,34.6,8.5,14/19,-10.9,0.68
dev:adxH1 × rank:dayrange,all,sharpe,283.2,37.7,7.5,14/19,-11.1,0.68
dev:adxH1 × dev:dayrange,all,sharpe,298.3,33.0,9.0,14/19,-10.8,0.7
dev:adxH1 × rank:hour,all,sharpe,308.9,29.1,10.6,15/19,-10.8,0.7
dev:adxH1 × rank:posH4,all,sharpe,305.6,32.9,9.3,14/19,-10.3,0.68
dev:adxH1 × dev:posH4,all,sharpe,319.5,32.2,9.9,13/19,-9.7,0.71
dev:adxH1 × rank:distD1,all,sharpe,284.7,33.8,8.4,14/19,-9.6,0.7
dev:adxH1 × dev:distD1,all,sharpe,275.7,36.1,7.6,14/19,-8.9,0.65
dev:adxH1 × rank:volume,all,sharpe,284.2,31.0,9.2,15/19,-10.3,0.67
dev:adxH1 × dev:volume,all,sharpe,303.7,29.6,10.3,15/19,-11.4,0.72
dev:adxH1 × rank:squeezeH1,all,sharpe,274.5,34.7,7.9,14/19,-8.6,0.66
dev:adxH1 × dev:squeezeH1,all,sharpe,279.2,34.6,8.1,14/19,-7.6,0.64
rank:adxH4 × dev:adxH4,all,sharpe,269.4,32.9,8.2,14/19,-10.2,0.68
rank:adxH4 × rank:adxD1,all,sharpe,286.7,32.3,8.9,14/19,-10.9,0.75
rank:adxH4 × dev:adxD1,all,sharpe,283.8,35.1,8.1,14/19,-11.9,0.69
rank:adxH4 × rank:effH1,all,sharpe,288.5,37.4,7.7,14/19,-10.8,0.69
rank:adxH4 × dev:effH1,all,sharpe,309.1,35.6,8.7,14/19,-11.4,0.74
rank:adxH4 × rank:effH4,all,sharpe,269.7,34.3,7.9,13/19,-10.2,0.65
rank:adxH4 × dev:effH4,all,sharpe,279.1,38.5,7.2,13/19,-8.8,0.68
rank:adxH4 × rank:stackH4,all,sharpe,271.9,38.1,7.1,14/19,-8.3,0.71
rank:adxH4 × rank:ribbonD1,all,sharpe,267.3,34.8,7.7,14/19,-11.0,0.7
rank:adxH4 × dev:ribbonD1,all,sharpe,297.9,35.1,8.5,14/19,-11.3,0.69
rank:adxH4 × rank:dayrange,all,sharpe,295.2,32.9,9.0,14/19,-10.5,0.71
rank:adxH4 × dev:dayrange,all,sharpe,281.9,36.2,7.8,14/19,-9.8,0.71
rank:adxH4 × rank:hour,all,sharpe,283.5,32.1,8.8,14/19,-9.4,0.67
rank:adxH4 × rank:posH4,all,sharpe,312.3,37.1,8.4,14/19,-9.5,0.71
rank:adxH4 × dev:posH4,all,sharpe,279.7,36.3,7.7,13/19,-8.3,0.69
rank:adxH4 × rank:distD1,all,sharpe,286.0,39.9,7.2,14/19,-10.7,0.72
rank:adxH4 × dev:distD1,all,sharpe,301.5,32.2,9.4,14/19,-10.3,0.75
rank:adxH4 × rank:volume,all,sharpe,274.3,40.8,6.7,13/19,-12.0,0.66
rank:adxH4 × dev:volume,all,sharpe,270.7,38.6,7.0,14/19,-11.3,0.67
rank:adxH4 × rank:squeezeH1,all,sharpe,268.5,33.8,7.9,14/19,-9.8,0.69
rank:adxH4 × dev:squeezeH1,all,sharpe,274.8,37.1,7.4,14/19,-11.1,0.69
dev:adxH4 × rank:adxD1,all,sharpe,299.3,33.2,9.0,13/19,-9.6,0.74
dev:adxH4 × dev:adxD1,all,sharpe,299.0,28.5,10.5,14/19,-9.9,0.73
dev:adxH4 × rank:effH1,all,sharpe,274.0,27.8,9.9,14/19,-11.3,0.66
dev:adxH4 × dev:effH1,all,sharpe,275.6,28.1,9.8,15/19,-7.3,0.73
dev:adxH4 × rank:effH4,all,sharpe,283.6,30.7,9.2,14/19,-11.6,0.67
dev:adxH4 × dev:effH4,all,sharpe,272.3,32.0,8.5,13/19,-8.3,0.68
dev:adxH4 × rank:stackH4,all,sharpe,285.2,30.4,9.4,14/19,-9.4,0.66
dev:adxH4 × rank:ribbonD1,all,sharpe,265.9,28.4,9.4,14/19,-10.4,0.68
dev:adxH4 × dev:ribbonD1,all,sharpe,263.4,33.5,7.9,14/19,-10.3,0.69
dev:adxH4 × rank:dayrange,all,sharpe,280.2,26.7,10.5,14/19,-9.6,0.69
dev:adxH4 × dev:dayrange,all,sharpe,305.4,36.1,8.5,14/19,-9.3,0.69
dev:adxH4 × rank:hour,all,sharpe,289.1,33.1,8.7,14/19,-12.1,0.69
dev:adxH4 × rank:posH4,all,sharpe,298.7,28.7,10.4,14/19,-8.7,0.7
dev:adxH4 × dev:posH4,all,sharpe,299.4,30.9,9.7,14/19,-9.9,0.72
dev:adxH4 × rank:distD1,all,sharpe,300.1,33.3,9.0,14/19,-8.9,0.76
dev:adxH4 × dev:distD1,all,sharpe,299.4,36.9,8.1,14/19,-9.2,0.67
dev:adxH4 × rank:volume,all,sharpe,258.7,32.2,8.0,14/19,-10.9,0.61
dev:adxH4 × dev:volume,all,sharpe,305.4,30.1,10.1,13/19,-10.4,0.66
dev:adxH4 × rank:squeezeH1,all,sharpe,274.8,30.9,8.9,14/19,-10.5,0.66
dev:adxH4 × dev:squeezeH1,all,sharpe,284.1,29.7,9.6,13/19,-10.4,0.65
rank:adxD1 × dev:adxD1,all,sharpe,295.3,39.3,7.5,14/19,-10.9,0.72
rank:adxD1 × rank:effH1,all,sharpe,281.9,36.1,7.8,14/19,-10.3,0.68
rank:adxD1 × dev:effH1,all,sharpe,288.7,28.7,10.1,15/19,-10.3,0.74
rank:adxD1 × rank:effH4,all,sharpe,279.3,29.7,9.4,14/19,-7.8,0.74
rank:adxD1 × dev:effH4,all,sharpe,308.6,34.6,8.9,15/19,-10.7,0.79
rank:adxD1 × rank:stackH4,all,sharpe,291.4,37.3,7.8,15/19,-9.3,0.73
rank:adxD1 × rank:ribbonD1,all,sharpe,300.4,34.9,8.6,14/19,-9.9,0.72
rank:adxD1 × dev:ribbonD1,all,sharpe,294.1,32.7,9.0,14/19,-11.4,0.73
rank:adxD1 × rank:dayrange,all,sharpe,315.1,34.1,9.2,15/19,-8.9,0.78
rank:adxD1 × dev:dayrange,all,sharpe,299.2,36.3,8.2,15/19,-9.8,0.76
rank:adxD1 × rank:hour,all,sharpe,309.3,35.4,8.7,15/19,-9.8,0.73
rank:adxD1 × rank:posH4,all,sharpe,301.2,26.3,11.5,15/19,-8.4,0.78
rank:adxD1 × dev:posH4,all,sharpe,317.1,36.2,8.8,14/19,-9.7,0.75
rank:adxD1 × rank:distD1,all,sharpe,311.0,38.7,8.0,14/19,-10.9,0.79
rank:adxD1 × dev:distD1,all,sharpe,297.7,29.9,10.0,14/19,-9.3,0.75
rank:adxD1 × rank:volume,all,sharpe,300.9,28.4,10.6,15/19,-10.4,0.74
rank:adxD1 × dev:volume,all,sharpe,325.1,30.9,10.5,15/19,-9.4,0.75
rank:adxD1 × rank:squeezeH1,all,sharpe,296.5,29.8,9.9,15/19,-10.2,0.74
rank:adxD1 × dev:squeezeH1,all,sharpe,304.6,33.2,9.2,15/19,-7.7,0.77
dev:adxD1 × rank:effH1,all,sharpe,285.4,36.5,7.8,14/19,-12.4,0.66
dev:adxD1 × dev:effH1,all,sharpe,315.1,29.6,10.6,14/19,-9.6,0.73
dev:adxD1 × rank:effH4,all,sharpe,263.7,36.4,7.2,14/19,-11.3,0.62
dev:adxD1 × dev:effH4,all,sharpe,282.6,36.1,7.8,14/19,-9.6,0.66
dev:adxD1 × rank:stackH4,all,sharpe,282.2,41.4,6.8,14/19,-12.9,0.63
dev:adxD1 × rank:ribbonD1,all,sharpe,302.4,29.4,10.3,14/19,-12.9,0.76
dev:adxD1 × dev:ribbonD1,all,sharpe,297.8,29.8,10.0,15/19,-12.4,0.78
dev:adxD1 × rank:dayrange,all,sharpe,301.9,32.6,9.3,14/19,-11.3,0.71
dev:adxD1 × dev:dayrange,all,sharpe,295.0,37.1,8.0,14/19,-12.9,0.7
dev:adxD1 × rank:hour,all,sharpe,326.7,31.9,10.2,14/19,-12.9,0.72
dev:adxD1 × rank:posH4,all,sharpe,315.2,37.0,8.5,14/19,-9.9,0.7
dev:adxD1 × dev:posH4,all,sharpe,303.1,33.9,8.9,14/19,-10.3,0.69
dev:adxD1 × rank:distD1,all,sharpe,307.1,36.5,8.4,14/19,-11.4,0.73
dev:adxD1 × dev:distD1,all,sharpe,300.8,33.8,8.9,13/19,-10.3,0.7
dev:adxD1 × rank:volume,all,sharpe,279.3,35.4,7.9,14/19,-12.9,0.62
dev:adxD1 × dev:volume,all,sharpe,303.9,35.4,8.6,14/19,-9.4,0.71
dev:adxD1 × rank:squeezeH1,all,sharpe,278.6,38.3,7.3,14/19,-11.3,0.65
dev:adxD1 × dev:squeezeH1,all,sharpe,291.9,37.4,7.8,14/19,-9.0,0.68
rank:effH1 × dev:effH1,all,sharpe,285.2,32.0,8.9,14/19,-10.1,0.68
rank:effH1 × rank:effH4,all,sharpe,286.7,34.9,8.2,14/19,-11.3,0.66
rank:effH1 × dev:effH4,all,sharpe,281.9,31.5,8.9,14/19,-10.0,0.68
rank:effH1 × rank:stackH4,all,sharpe,279.1,36.5,7.6,14/19,-12.8,0.65
rank:effH1 × rank:ribbonD1,all,sharpe,282.1,32.7,8.6,14/19,-12.4,0.71
rank:effH1 × dev:ribbonD1,all,sharpe,284.3,37.9,7.5,14/19,-10.8,0.66
rank:effH1 × rank:dayrange,all,sharpe,293.5,32.3,9.1,14/19,-12.1,0.7
rank:effH1 × dev:dayrange,all,sharpe,287.5,38.0,7.6,14/19,-10.8,0.65
rank:effH1 × rank:hour,all,sharpe,273.8,34.0,8.1,14/19,-12.7,0.69
rank:effH1 × rank:posH4,all,sharpe,294.3,39.9,7.4,14/19,-9.9,0.63
rank:effH1 × dev:posH4,all,sharpe,302.3,33.0,9.2,14/19,-12.4,0.68
rank:effH1 × rank:distD1,all,sharpe,286.9,33.2,8.6,14/19,-10.8,0.74
rank:effH1 × dev:distD1,all,sharpe,287.0,31.8,9.0,13/19,-9.8,0.69
rank:effH1 × rank:volume,all,sharpe,294.9,31.2,9.5,14/19,-12.0,0.69
rank:effH1 × dev:volume,all,sharpe,299.1,30.1,9.9,13/19,-11.5,0.74
rank:effH1 × rank:squeezeH1,all,sharpe,279.5,35.4,7.9,14/19,-12.8,0.69
rank:effH1 × dev:squeezeH1,all,sharpe,292.4,30.0,9.7,14/19,-11.4,0.71
dev:effH1 × rank:effH4,all,sharpe,279.1,30.6,9.1,14/19,-9.0,0.66
dev:effH1 × dev:effH4,all,sharpe,295.7,30.6,9.7,13/19,-9.0,0.7
dev:effH1 × rank:stackH4,all,sharpe,296.0,31.9,9.3,15/19,-11.0,0.73
dev:effH1 × rank:ribbonD1,all,sharpe,294.2,29.1,10.1,15/19,-10.3,0.75
dev:effH1 × dev:ribbonD1,all,sharpe,285.6,35.9,8.0,14/19,-12.4,0.68
dev:effH1 × rank:dayrange,all,sharpe,285.4,31.3,9.1,14/19,-13.0,0.71
dev:effH1 × dev:dayrange,all,sharpe,278.9,39.0,7.2,13/19,-9.1,0.65
dev:effH1 × rank:hour,all,sharpe,300.6,25.1,12.0,14/19,-10.4,0.72
dev:effH1 × rank:posH4,all,sharpe,292.9,35.6,8.2,14/19,-8.9,0.68
dev:effH1 × dev:posH4,all,sharpe,315.2,31.2,10.1,15/19,-10.3,0.72
dev:effH1 × rank:distD1,all,sharpe,299.5,31.2,9.6,14/19,-8.8,0.72
dev:effH1 × dev:distD1,all,sharpe,294.8,27.7,10.6,14/19,-10.7,0.73
dev:effH1 × rank:volume,all,sharpe,289.2,28.1,10.3,13/19,-10.4,0.7
dev:effH1 × dev:volume,all,sharpe,317.4,28.7,11.1,15/19,-11.3,0.78
dev:effH1 × rank:squeezeH1,all,sharpe,269.7,39.6,6.8,13/19,-11.8,0.65
dev:effH1 × dev:squeezeH1,all,sharpe,268.4,39.3,6.8,13/19,-11.3,0.67
rank:effH4 × dev:effH4,all,sharpe,266.1,31.3,8.5,14/19,-11.4,0.68
rank:effH4 × rank:stackH4,all,sharpe,283.2,28.2,10.0,15/19,-11.3,0.7
rank:effH4 × rank:ribbonD1,all,sharpe,275.7,32.5,8.5,14/19,-12.0,0.68
rank:effH4 × dev:ribbonD1,all,sharpe,297.6,29.6,10.1,14/19,-10.3,0.74
rank:effH4 × rank:dayrange,all,sharpe,294.8,31.8,9.3,14/19,-12.2,0.66
rank:effH4 × dev:dayrange,all,sharpe,295.7,29.7,10.0,15/19,-11.5,0.68
rank:effH4 × rank:hour,all,sharpe,289.2,25.9,11.2,15/19,-11.2,0.71
rank:effH4 × rank:posH4,all,sharpe,306.2,39.7,7.7,13/19,-10.1,0.68
rank:effH4 × dev:posH4,all,sharpe,304.3,28.4,10.7,15/19,-10.5,0.71
rank:effH4 × rank:distD1,all,sharpe,242.4,36.9,6.6,14/19,-9.6,0.62
rank:effH4 × dev:distD1,all,sharpe,252.0,35.8,7.0,14/19,-10.8,0.6
rank:effH4 × rank:volume,all,sharpe,271.2,35.7,7.6,14/19,-10.4,0.65
rank:effH4 × dev:volume,all,sharpe,301.5,28.0,10.8,15/19,-9.9,0.73
rank:effH4 × rank:squeezeH1,all,sharpe,267.5,35.4,7.6,14/19,-10.3,0.63
rank:effH4 × dev:squeezeH1,all,sharpe,253.1,33.1,7.6,13/19,-10.7,0.65
dev:effH4 × rank:stackH4,all,sharpe,294.4,29.5,10.0,15/19,-10.4,0.74
dev:effH4 × rank:ribbonD1,all,sharpe,293.5,32.6,9.0,13/19,-9.4,0.66
dev:effH4 × dev:ribbonD1,all,sharpe,311.9,29.9,10.4,15/19,-12.8,0.75
dev:effH4 × rank:dayrange,all,sharpe,313.5,31.4,10.0,13/19,-12.4,0.71
dev:effH4 × dev:dayrange,all,sharpe,304.2,32.7,9.3,14/19,-11.3,0.71
dev:effH4 × rank:hour,all,sharpe,296.5,31.2,9.5,13/19,-9.3,0.73
dev:effH4 × rank:posH4,all,sharpe,309.9,36.1,8.6,14/19,-9.3,0.7
dev:effH4 × dev:posH4,all,sharpe,317.0,30.9,10.3,15/19,-10.3,0.74
dev:effH4 × rank:distD1,all,sharpe,269.2,39.6,6.8,14/19,-10.9,0.69
dev:effH4 × dev:distD1,all,sharpe,284.6,28.7,9.9,13/19,-8.8,0.72
dev:effH4 × rank:volume,all,sharpe,291.5,32.7,8.9,14/19,-11.0,0.71
dev:effH4 × dev:volume,all,sharpe,321.9,31.1,10.4,14/19,-10.9,0.73
dev:effH4 × rank:squeezeH1,all,sharpe,280.9,33.4,8.4,15/19,-9.2,0.72
dev:effH4 × dev:squeezeH1,all,sharpe,279.2,32.7,8.5,13/19,-9.8,0.68
rank:stackH4 × rank:ribbonD1,all,sharpe,289.1,39.3,7.4,14/19,-12.4,0.7
rank:stackH4 × dev:ribbonD1,all,sharpe,280.9,36.7,7.7,14/19,-10.8,0.65
rank:stackH4 × rank:dayrange,all,sharpe,305.7,30.9,9.9,15/19,-11.1,0.74
rank:stackH4 × dev:dayrange,all,sharpe,310.8,34.8,8.9,14/19,-10.8,0.69
rank:stackH4 × rank:hour,all,sharpe,288.7,29.8,9.7,14/19,-12.4,0.7
rank:stackH4 × rank:posH4,all,sharpe,323.4,37.7,8.6,14/19,-9.9,0.7
rank:stackH4 × dev:posH4,all,sharpe,312.5,33.6,9.3,14/19,-9.9,0.68
rank:stackH4 × rank:distD1,all,sharpe,295.1,39.2,7.5,14/19,-10.1,0.7
rank:stackH4 × dev:distD1,all,sharpe,308.3,30.9,10.0,14/19,-11.3,0.71
rank:stackH4 × rank:volume,all,sharpe,286.2,34.7,8.2,15/19,-10.4,0.66
rank:stackH4 × dev:volume,all,sharpe,328.7,31.8,10.3,14/19,-10.9,0.73
rank:stackH4 × rank:squeezeH1,all,sharpe,261.8,41.1,6.4,14/19,-11.0,0.63
rank:stackH4 × dev:squeezeH1,all,sharpe,278.1,35.6,7.8,14/19,-9.4,0.64
rank:ribbonD1 × dev:ribbonD1,all,sharpe,289.8,43.9,6.6,14/19,-11.9,0.69
rank:ribbonD1 × rank:dayrange,all,sharpe,289.5,33.1,8.7,14/19,-10.9,0.71
rank:ribbonD1 × dev:dayrange,all,sharpe,305.0,35.7,8.5,14/19,-12.4,0.72
rank:ribbonD1 × rank:hour,all,sharpe,303.4,35.2,8.6,14/19,-10.9,0.69
rank:ribbonD1 × rank:posH4,all,sharpe,306.4,32.6,9.4,14/19,-11.3,0.77
rank:ribbonD1 × dev:posH4,all,sharpe,316.1,36.8,8.6,14/19,-10.3,0.74
rank:ribbonD1 × rank:distD1,all,sharpe,305.0,36.5,8.4,14/19,-10.4,0.74
rank:ribbonD1 × dev:distD1,all,sharpe,275.8,31.4,8.8,14/19,-10.3,0.7
rank:ribbonD1 × rank:volume,all,sharpe,269.1,40.3,6.7,14/19,-12.3,0.65
rank:ribbonD1 × dev:volume,all,sharpe,310.6,31.6,9.8,15/19,-11.9,0.75
rank:ribbonD1 × rank:squeezeH1,all,sharpe,281.6,30.5,9.2,14/19,-11.3,0.72
rank:ribbonD1 × dev:squeezeH1,all,sharpe,278.3,31.3,8.9,14/19,-11.3,0.69
dev:ribbonD1 × rank:dayrange,all,sharpe,284.3,33.3,8.5,14/19,-9.9,0.7
dev:ribbonD1 × dev:dayrange,all,sharpe,277.1,33.8,8.2,14/19,-10.5,0.72
dev:ribbonD1 × rank:hour,all,sharpe,320.2,34.8,9.2,14/19,-11.8,0.73
dev:ribbonD1 × rank:posH4,all,sharpe,289.7,28.5,10.2,13/19,-10.8,0.67
dev:ribbonD1 × dev:posH4,all,sharpe,302.7,35.1,8.6,14/19,-10.8,0.7
dev:ribbonD1 × rank:distD1,all,sharpe,293.0,31.1,9.4,14/19,-12.4,0.73
dev:ribbonD1 × dev:distD1,all,sharpe,270.7,35.7,7.6,14/19,-12.4,0.66
dev:ribbonD1 × rank:volume,all,sharpe,292.8,34.9,8.4,14/19,-13.4,0.68
dev:ribbonD1 × dev:volume,all,sharpe,297.2,38.4,7.7,14/19,-10.9,0.68
dev:ribbonD1 × rank:squeezeH1,all,sharpe,297.5,32.4,9.2,14/19,-11.3,0.67
dev:ribbonD1 × dev:squeezeH1,all,sharpe,289.6,27.2,10.6,14/19,-10.8,0.73
rank:dayrange × dev:dayrange,all,sharpe,286.8,35.3,8.1,14/19,-10.8,0.7
rank:dayrange × rank:hour,all,sharpe,291.6,34.5,8.5,14/19,-11.1,0.69
rank:dayrange × rank:posH4,all,sharpe,302.1,34.4,8.8,14/19,-9.9,0.76
rank:dayrange × dev:posH4,all,sharpe,312.6,25.3,12.4,15/19,-10.5,0.78
rank:dayrange × rank:distD1,all,sharpe,300.7,25.1,12.0,14/19,-12.1,0.74
rank:dayrange × dev:distD1,all,sharpe,272.6,28.2,9.7,15/19,-12.3,0.67
rank:dayrange × rank:volume,all,sharpe,314.6,31.8,9.9,14/19,-11.4,0.7
rank:dayrange × dev:volume,all,sharpe,298.1,33.4,8.9,14/19,-13.8,0.68
rank:dayrange × rank:squeezeH1,all,sharpe,288.6,28.6,10.1,14/19,-11.8,0.67
rank:dayrange × dev:squeezeH1,all,sharpe,300.2,35.2,8.5,14/19,-10.9,0.69
dev:dayrange × rank:hour,all,sharpe,314.5,31.5,10.0,14/19,-11.8,0.71
dev:dayrange × rank:posH4,all,sharpe,306.2,35.7,8.6,14/19,-9.9,0.72
dev:dayrange × dev:posH4,all,sharpe,321.5,32.6,9.9,14/19,-10.8,0.69
dev:dayrange × rank:distD1,all,sharpe,277.0,39.2,7.1,14/19,-12.4,0.64
dev:dayrange × dev:distD1,all,sharpe,287.6,34.2,8.4,13/19,-11.3,0.66
dev:dayrange × rank:volume,all,sharpe,294.3,32.4,9.1,14/19,-11.8,0.69
dev:dayrange × dev:volume,all,sharpe,317.4,32.1,9.9,14/19,-11.4,0.76
dev:dayrange × rank:squeezeH1,all,sharpe,286.7,40.8,7.0,14/19,-9.8,0.64
dev:dayrange × dev:squeezeH1,all,sharpe,282.7,35.1,8.1,14/19,-9.8,0.65
rank:hour × rank:posH4,all,sharpe,307.7,28.3,10.9,14/19,-9.4,0.72
rank:hour × dev:posH4,all,sharpe,324.9,32.2,10.1,15/19,-11.3,0.73
rank:hour × rank:distD1,all,sharpe,289.0,34.0,8.5,14/19,-12.1,0.69
rank:hour × dev:distD1,all,sharpe,296.9,31.6,9.4,14/19,-10.8,0.72
rank:hour × rank:volume,all,sharpe,326.4,32.6,10.0,14/19,-9.9,0.76
rank:hour × dev:volume,all,sharpe,318.2,31.1,10.2,15/19,-9.9,0.72
rank:hour × rank:squeezeH1,all,sharpe,290.3,32.7,8.9,14/19,-11.8,0.65
rank:hour × dev:squeezeH1,all,sharpe,309.9,38.3,8.1,14/19,-11.3,0.69
rank:posH4 × dev:posH4,all,sharpe,317.5,33.4,9.5,14/19,-9.9,0.73
rank:posH4 × rank:distD1,all,sharpe,311.3,30.2,10.3,14/19,-8.2,0.77
rank:posH4 × dev:distD1,all,sharpe,304.4,36.3,8.4,14/19,-9.9,0.7
rank:posH4 × rank:volume,all,sharpe,318.8,31.5,10.1,14/19,-9.4,0.71
rank:posH4 × dev:volume,all,sharpe,319.4,28.8,11.1,13/19,-9.9,0.72
rank:posH4 × rank:squeezeH1,all,sharpe,301.1,28.5,10.6,14/19,-11.4,0.73
rank:posH4 × dev:squeezeH1,all,sharpe,303.5,30.7,9.9,14/19,-11.5,0.74
dev:posH4 × rank:distD1,all,sharpe,312.8,36.7,8.5,14/19,-8.6,0.74
dev:posH4 × dev:distD1,all,sharpe,308.9,29.6,10.4,15/19,-9.9,0.76
dev:posH4 × rank:volume,all,sharpe,319.5,31.3,10.2,15/19,-8.4,0.72
dev:posH4 × dev:volume,all,sharpe,329.4,25.7,12.8,15/19,-9.4,0.74
dev:posH4 × rank:squeezeH1,all,sharpe,297.8,30.4,9.8,14/19,-10.4,0.69
dev:posH4 × dev:squeezeH1,all,sharpe,278.5,29.1,9.6,14/19,-9.5,0.72
rank:distD1 × dev:distD1,all,sharpe,318.1,30.9,10.3,14/19,-10.9,0.73
rank:distD1 × rank:volume,all,sharpe,294.1,32.5,9.0,14/19,-12.5,0.65
rank:distD1 × dev:volume,all,sharpe,295.9,39.8,7.4,13/19,-8.0,0.68
rank:distD1 × rank:squeezeH1,all,sharpe,283.9,27.9,10.2,15/19,-9.7,0.73
rank:distD1 × dev:squeezeH1,all,sharpe,292.7,31.7,9.2,14/19,-9.1,0.74
dev:distD1 × rank:volume,all,sharpe,303.6,31.0,9.8,14/19,-11.5,0.69
dev:distD1 × dev:volume,all,sharpe,325.3,28.2,11.5,15/19,-9.3,0.77
dev:distD1 × rank:squeezeH1,all,sharpe,279.0,31.6,8.8,14/19,-10.4,0.67
dev:distD1 × dev:squeezeH1,all,sharpe,294.3,25.9,11.4,14/19,-10.6,0.7
rank:volume × dev:volume,all,sharpe,303.8,33.6,9.0,15/19,-9.8,0.69
rank:volume × rank:squeezeH1,all,sharpe,282.2,35.6,7.9,14/19,-12.5,0.63
rank:volume × dev:squeezeH1,all,sharpe,281.5,35.2,8.0,14/19,-11.4,0.67
dev:volume × rank:squeezeH1,all,sharpe,306.6,34.6,8.9,14/19,-9.9,0.67
dev:volume × dev:squeezeH1,all,sharpe,305.8,35.0,8.7,14/19,-9.9,0.72
rank:squeezeH1 × dev:squeezeH1,all,sharpe,281.9,37.8,7.5,14/19,-10.4,0.66
none,6,mean,308.4,42.3,7.3,14/19,-11.8,0.68
rank:volH1,6,mean,278.4,41.5,6.7,14/19,-11.8,0.63
dev:volH1,6,mean,302.6,41.9,7.2,14/19,-11.8,0.67
rank:volH4,6,mean,301.6,44.6,6.8,14/19,-11.8,0.68
dev:volH4,6,mean,311.1,43.7,7.1,14/19,-12.4,0.69
rank:volD1,6,mean,305.0,42.0,7.3,14/19,-11.8,0.71
dev:volD1,6,mean,314.9,39.7,7.9,14/19,-12.9,0.72
rank:adxH1,6,mean,307.9,34.9,8.8,14/19,-10.4,0.65
dev:adxH1,6,mean,308.3,39.9,7.7,14/19,-11.9,0.67
rank:adxH4,6,mean,284.2,40.6,7.0,14/19,-11.8,0.69
dev:adxH4,6,mean,292.8,38.0,7.7,14/19,-10.1,0.68
rank:adxD1,6,mean,296.9,45.6,6.5,14/19,-10.8,0.7
dev:adxD1,6,mean,295.4,38.9,7.6,14/19,-12.9,0.66
rank:effH1,6,mean,310.4,36.2,8.6,14/19,-11.8,0.69
dev:effH1,6,mean,307.5,41.4,7.4,14/19,-11.8,0.68
rank:effH4,6,mean,294.5,42.3,7.0,14/19,-11.8,0.65
dev:effH4,6,mean,303.0,42.3,7.2,14/19,-10.4,0.69
rank:stackH4,6,mean,302.3,42.3,7.1,14/19,-11.8,0.68
rank:ribbonD1,6,mean,283.1,43.3,6.5,14/19,-11.8,0.69
dev:ribbonD1,6,mean,273.8,42.5,6.4,14/19,-11.8,0.6
rank:dayrange,6,mean,304.7,39.1,7.8,14/19,-11.8,0.68
dev:dayrange,6,mean,317.5,43.9,7.2,14/19,-11.8,0.67
rank:hour,6,mean,290.7,41.3,7.0,14/19,-11.8,0.66
rank:posH4,6,mean,325.1,40.4,8.0,14/19,-11.8,0.69
dev:posH4,6,mean,310.1,41.3,7.5,14/19,-11.8,0.66
rank:distD1,6,mean,307.1,44.2,6.9,14/19,-12.4,0.71
dev:distD1,6,mean,297.7,41.7,7.1,14/19,-9.9,0.64
rank:volume,6,mean,272.5,40.9,6.7,14/19,-12.4,0.65
dev:volume,6,mean,296.0,42.2,7.0,14/19,-11.8,0.66
rank:squeezeH1,6,mean,291.9,42.3,6.9,14/19,-11.8,0.64
dev:squeezeH1,6,mean,287.7,41.5,6.9,14/19,-11.8,0.65
rank:volH1 × dev:volH1,6,mean,275.8,41.1,6.7,14/19,-10.8,0.62
rank:volH1 × rank:volH4,6,mean,299.1,42.3,7.1,13/19,-10.9,0.67
rank:volH1 × dev:volH4,6,mean,303.9,37.3,8.1,14/19,-11.8,0.67
rank:volH1 × rank:volD1,6,mean,285.2,33.4,8.5,14/19,-11.3,0.66
rank:volH1 × dev:volD1,6,mean,300.3,36.7,8.2,14/19,-11.3,0.7
rank:volH1 × rank:adxH1,6,mean,293.5,36.3,8.1,14/19,-11.0,0.67
rank:volH1 × dev:adxH1,6,mean,267.4,38.3,7.0,14/19,-11.8,0.62
rank:volH1 × rank:adxH4,6,mean,305.5,37.4,8.2,13/19,-11.9,0.72
rank:volH1 × dev:adxH4,6,mean,300.4,37.8,7.9,13/19,-9.4,0.68
rank:volH1 × rank:adxD1,6,mean,306.1,31.0,9.9,14/19,-9.9,0.71
rank:volH1 × dev:adxD1,6,mean,308.0,35.6,8.7,14/19,-10.3,0.71
rank:volH1 × rank:effH1,6,mean,295.6,38.8,7.6,13/19,-11.8,0.67
rank:volH1 × dev:effH1,6,mean,279.3,41.9,6.7,13/19,-10.8,0.65
rank:volH1 × rank:effH4,6,mean,300.0,38.7,7.8,14/19,-10.8,0.64
rank:volH1 × dev:effH4,6,mean,293.4,42.9,6.8,14/19,-9.9,0.67
rank:volH1 × rank:stackH4,6,mean,279.3,36.8,7.6,14/19,-10.8,0.64
rank:volH1 × rank:ribbonD1,6,mean,255.9,40.7,6.3,14/19,-11.3,0.63
rank:volH1 × dev:ribbonD1,6,mean,288.5,36.3,7.9,14/19,-12.4,0.66
rank:volH1 × rank:dayrange,6,mean,296.3,38.1,7.8,13/19,-11.8,0.65
rank:volH1 × dev:dayrange,6,mean,273.5,43.0,6.4,14/19,-11.8,0.64
rank:volH1 × rank:hour,6,mean,311.0,35.5,8.8,14/19,-10.8,0.69
rank:volH1 × rank:posH4,6,mean,299.1,37.5,8.0,14/19,-12.4,0.71
rank:volH1 × dev:posH4,6,mean,310.3,38.4,8.1,14/19,-11.3,0.67
rank:volH1 × rank:distD1,6,mean,293.2,42.9,6.8,14/19,-10.8,0.67
rank:volH1 × dev:distD1,6,mean,293.5,35.5,8.3,14/19,-10.3,0.68
rank:volH1 × rank:volume,6,mean,293.3,45.2,6.5,14/19,-10.8,0.63
rank:volH1 × dev:volume,6,mean,299.4,38.3,7.8,14/19,-10.8,0.69
rank:volH1 × rank:squeezeH1,6,mean,265.3,43.3,6.1,14/19,-10.8,0.6
rank:volH1 × dev:squeezeH1,6,mean,263.5,42.7,6.2,14/19,-10.8,0.62
dev:volH1 × rank:volH4,6,mean,304.8,42.3,7.2,14/19,-10.9,0.67
dev:volH1 × dev:volH4,6,mean,312.4,42.2,7.4,14/19,-12.4,0.65
dev:volH1 × rank:volD1,6,mean,289.4,38.5,7.5,14/19,-11.8,0.66
dev:volH1 × dev:volD1,6,mean,299.9,41.8,7.2,14/19,-9.9,0.67
dev:volH1 × rank:adxH1,6,mean,280.3,44.6,6.3,14/19,-10.4,0.63
dev:volH1 × dev:adxH1,6,mean,322.6,37.8,8.5,13/19,-10.9,0.67
dev:volH1 × rank:adxH4,6,mean,305.6,38.6,7.9,13/19,-11.9,0.69
dev:volH1 × dev:adxH4,6,mean,293.3,40.7,7.2,13/19,-10.1,0.66
dev:volH1 × rank:adxD1,6,mean,295.5,37.4,7.9,14/19,-10.5,0.68
dev:volH1 × dev:adxD1,6,mean,302.5,40.7,7.4,14/19,-11.3,0.69
dev:volH1 × rank:effH1,6,mean,304.0,37.0,8.2,14/19,-10.8,0.68
dev:volH1 × dev:effH1,6,mean,287.4,43.6,6.6,14/19,-11.8,0.65
dev:volH1 × rank:effH4,6,mean,294.7,42.3,7.0,14/19,-11.8,0.64
dev:volH1 × dev:effH4,6,mean,309.3,43.4,7.1,14/19,-10.4,0.69
dev:volH1 × rank:stackH4,6,mean,300.1,41.9,7.2,14/19,-11.8,0.66
dev:volH1 × rank:ribbonD1,6,mean,277.7,41.8,6.6,14/19,-11.3,0.64
dev:volH1 × dev:ribbonD1,6,mean,283.2,39.4,7.2,14/19,-11.8,0.64
dev:volH1 × rank:dayrange,6,mean,301.0,41.9,7.2,13/19,-10.9,0.66
dev:volH1 × dev:dayrange,6,mean,302.6,41.0,7.4,14/19,-11.9,0.69
dev:volH1 × rank:hour,6,mean,305.9,36.5,8.4,14/19,-11.8,0.68
dev:volH1 × rank:posH4,6,mean,308.0,42.9,7.2,14/19,-10.4,0.67
dev:volH1 × dev:posH4,6,mean,311.6,39.8,7.8,14/19,-11.9,0.69
dev:volH1 × rank:distD1,6,mean,277.5,41.3,6.7,14/19,-11.8,0.69
dev:volH1 × dev:distD1,6,mean,300.1,43.1,7.0,14/19,-9.9,0.66
dev:volH1 × rank:volume,6,mean,293.8,40.5,7.3,14/19,-10.8,0.67
dev:volH1 × dev:volume,6,mean,287.0,42.1,6.8,14/19,-12.4,0.67
dev:volH1 × rank:squeezeH1,6,mean,304.0,44.8,6.8,14/19,-10.9,0.61
dev:volH1 × dev:squeezeH1,6,mean,294.2,40.8,7.2,14/19,-11.8,0.68
rank:volH4 × dev:volH4,6,mean,305.0,44.7,6.8,14/19,-12.4,0.69
rank:volH4 × rank:volD1,6,mean,306.4,37.7,8.1,14/19,-12.4,0.72
rank:volH4 × dev:volD1,6,mean,312.5,42.4,7.4,14/19,-11.8,0.69
rank:volH4 × rank:adxH1,6,mean,282.6,38.2,7.4,13/19,-10.4,0.65
rank:volH4 × dev:adxH1,6,mean,303.6,38.5,7.9,14/19,-11.8,0.67
rank:volH4 × rank:adxH4,6,mean,297.2,43.5,6.8,14/19,-10.4,0.69
rank:volH4 × dev:adxH4,6,mean,311.5,39.7,7.8,14/19,-10.4,0.71
rank:volH4 × rank:adxD1,6,mean,254.4,44.4,5.7,14/19,-11.8,0.64
rank:volH4 × dev:adxD1,6,mean,288.9,41.7,6.9,13/19,-11.3,0.64
rank:volH4 × rank:effH1,6,mean,319.0,40.8,7.8,14/19,-10.9,0.7
rank:volH4 × dev:effH1,6,mean,303.7,44.6,6.8,14/19,-11.8,0.69
rank:volH4 × rank:effH4,6,mean,280.5,42.4,6.6,14/19,-10.4,0.67
rank:volH4 × dev:effH4,6,mean,311.3,43.6,7.1,14/19,-10.9,0.69
rank:volH4 × rank:stackH4,6,mean,301.6,44.6,6.8,14/19,-11.8,0.68
rank:volH4 × rank:ribbonD1,6,mean,278.7,41.5,6.7,14/19,-11.8,0.68
rank:volH4 × dev:ribbonD1,6,mean,274.3,41.9,6.5,14/19,-12.4,0.62
rank:volH4 × rank:dayrange,6,mean,301.2,45.2,6.7,13/19,-10.9,0.65
rank:volH4 × dev:dayrange,6,mean,293.0,44.0,6.7,14/19,-11.8,0.67
rank:volH4 × rank:hour,6,mean,312.7,43.3,7.2,14/19,-10.9,0.67
rank:volH4 × rank:posH4,6,mean,302.7,36.8,8.2,14/19,-11.8,0.73
rank:volH4 × dev:posH4,6,mean,304.2,43.1,7.1,14/19,-11.8,0.68
rank:volH4 × rank:distD1,6,mean,290.2,43.7,6.6,14/19,-11.0,0.66
rank:volH4 × dev:distD1,6,mean,294.2,41.7,7.1,14/19,-12.4,0.7
rank:volH4 × rank:volume,6,mean,293.9,41.3,7.1,14/19,-11.8,0.66
rank:volH4 × dev:volume,6,mean,309.8,45.1,6.9,14/19,-11.8,0.7
rank:volH4 × rank:squeezeH1,6,mean,275.0,44.8,6.1,14/19,-11.0,0.69
rank:volH4 × dev:squeezeH1,6,mean,296.6,44.2,6.7,14/19,-10.4,0.67
dev:volH4 × rank:volD1,6,mean,303.4,43.8,6.9,14/19,-12.3,0.71
dev:volH4 × dev:volD1,6,mean,308.2,41.1,7.5,13/19,-12.4,0.69
dev:volH4 × rank:adxH1,6,mean,299.5,39.6,7.6,14/19,-10.9,0.68
dev:volH4 × dev:adxH1,6,mean,304.7,39.5,7.7,14/19,-12.4,0.7
dev:volH4 × rank:adxH4,6,mean,306.8,41.1,7.5,14/19,-10.4,0.66
dev:volH4 × dev:adxH4,6,mean,312.9,36.3,8.6,14/19,-10.4,0.68
dev:volH4 × rank:adxD1,6,mean,288.4,41.0,7.0,14/19,-12.4,0.68
dev:volH4 × dev:adxD1,6,mean,302.3,40.2,7.5,14/19,-12.4,0.68
dev:volH4 × rank:effH1,6,mean,327.7,36.9,8.9,14/19,-12.4,0.72
dev:volH4 × dev:effH1,6,mean,312.0,37.8,8.3,14/19,-12.4,0.72
dev:volH4 × rank:effH4,6,mean,266.1,42.2,6.3,14/19,-10.9,0.61
dev:volH4 × dev:effH4,6,mean,298.8,42.2,7.1,14/19,-10.9,0.7
dev:volH4 × rank:stackH4,6,mean,312.8,43.7,7.2,14/19,-12.4,0.69
dev:volH4 × rank:ribbonD1,6,mean,308.6,42.3,7.3,14/19,-12.4,0.69
dev:volH4 × dev:ribbonD1,6,mean,301.9,39.8,7.6,14/19,-12.4,0.65
dev:volH4 × rank:dayrange,6,mean,301.6,37.7,8.0,13/19,-11.8,0.66
dev:volH4 × dev:dayrange,6,mean,300.6,44.2,6.8,14/19,-12.4,0.66
dev:volH4 × rank:hour,6,mean,307.5,39.7,7.7,14/19,-11.3,0.68
dev:volH4 × rank:posH4,6,mean,307.0,39.6,7.8,13/19,-10.4,0.71
dev:volH4 × dev:posH4,6,mean,300.9,43.9,6.9,14/19,-12.4,0.65
dev:volH4 × rank:distD1,6,mean,307.2,42.0,7.3,14/19,-11.6,0.69
dev:volH4 × dev:distD1,6,mean,296.5,40.9,7.2,14/19,-12.4,0.68
dev:volH4 × rank:volume,6,mean,301.5,38.7,7.8,14/19,-10.8,0.67
dev:volH4 × dev:volume,6,mean,312.7,43.5,7.2,14/19,-11.8,0.7
dev:volH4 × rank:squeezeH1,6,mean,289.7,42.5,6.8,14/19,-11.8,0.67
dev:volH4 × dev:squeezeH1,6,mean,287.8,42.6,6.8,14/19,-11.8,0.66
rank:volD1 × dev:volD1,6,mean,306.9,37.8,8.1,14/19,-13.4,0.73
rank:volD1 × rank:adxH1,6,mean,289.9,42.6,6.8,13/19,-10.1,0.65
rank:volD1 × dev:adxH1,6,mean,300.3,41.5,7.2,14/19,-11.9,0.7
rank:volD1 × rank:adxH4,6,mean,323.7,32.7,9.9,14/19,-11.8,0.77
rank:volD1 × dev:adxH4,6,mean,309.4,44.4,7.0,14/19,-9.9,0.68
rank:volD1 × rank:adxD1,6,mean,287.1,36.0,8.0,14/19,-11.8,0.71
rank:volD1 × dev:adxD1,6,mean,307.6,35.6,8.6,14/19,-12.9,0.7
rank:volD1 × rank:effH1,6,mean,287.6,42.9,6.7,14/19,-11.8,0.68
rank:volD1 × dev:effH1,6,mean,296.4,42.6,7.0,14/19,-12.8,0.68
rank:volD1 × rank:effH4,6,mean,275.0,39.9,6.9,14/19,-11.8,0.63
rank:volD1 × dev:effH4,6,mean,281.0,42.6,6.6,14/19,-10.4,0.68
rank:volD1 × rank:stackH4,6,mean,306.2,41.8,7.3,14/19,-11.8,0.71
rank:volD1 × rank:ribbonD1,6,mean,280.5,40.4,6.9,14/19,-11.8,0.67
rank:volD1 × dev:ribbonD1,6,mean,280.7,43.9,6.4,14/19,-11.3,0.65
rank:volD1 × rank:dayrange,6,mean,297.2,42.1,7.1,14/19,-10.9,0.7
rank:volD1 × dev:dayrange,6,mean,302.9,41.3,7.3,14/19,-12.9,0.71
rank:volD1 × rank:hour,6,mean,288.6,40.6,7.1,14/19,-12.9,0.65
rank:volD1 × rank:posH4,6,mean,305.9,41.7,7.3,14/19,-10.4,0.73
rank:volD1 × dev:posH4,6,mean,312.7,42.3,7.4,14/19,-12.9,0.66
rank:volD1 × rank:distD1,6,mean,287.2,43.0,6.7,14/19,-12.4,0.66
rank:volD1 × dev:distD1,6,mean,301.2,43.4,6.9,14/19,-10.8,0.67
rank:volD1 × rank:volume,6,mean,289.1,41.8,6.9,14/19,-11.3,0.64
rank:volD1 × dev:volume,6,mean,309.0,41.2,7.5,14/19,-11.9,0.68
rank:volD1 × rank:squeezeH1,6,mean,259.5,40.5,6.4,14/19,-11.8,0.66
rank:volD1 × dev:squeezeH1,6,mean,291.0,40.0,7.3,14/19,-11.8,0.66
dev:volD1 × rank:adxH1,6,mean,299.0,35.9,8.3,14/19,-10.2,0.71
dev:volD1 × dev:adxH1,6,mean,308.7,34.6,8.9,14/19,-11.9,0.73
dev:volD1 × rank:adxH4,6,mean,305.3,33.2,9.2,14/19,-9.9,0.75
dev:volD1 × dev:adxH4,6,mean,301.9,36.9,8.2,14/19,-10.1,0.75
dev:volD1 × rank:adxD1,6,mean,292.6,37.6,7.8,14/19,-10.8,0.72
dev:volD1 × dev:adxD1,6,mean,298.0,39.4,7.6,14/19,-12.9,0.68
dev:volD1 × rank:effH1,6,mean,296.5,34.1,8.7,14/19,-12.9,0.74
dev:volD1 × dev:effH1,6,mean,301.2,39.4,7.6,14/19,-10.8,0.71
dev:volD1 × rank:effH4,6,mean,259.1,40.0,6.5,14/19,-9.9,0.66
dev:volD1 × dev:effH4,6,mean,263.3,39.3,6.7,14/19,-9.9,0.65
dev:volD1 × rank:stackH4,6,mean,307.1,39.7,7.7,14/19,-12.9,0.71
dev:volD1 × rank:ribbonD1,6,mean,297.7,37.2,8.0,14/19,-10.9,0.72
dev:volD1 × dev:ribbonD1,6,mean,283.5,39.2,7.2,14/19,-9.5,0.68
dev:volD1 × rank:dayrange,6,mean,286.0,34.6,8.3,14/19,-11.8,0.68
dev:volD1 × dev:dayrange,6,mean,313.0,38.9,8.0,14/19,-12.9,0.72
dev:volD1 × rank:hour,6,mean,307.1,37.0,8.3,14/19,-12.4,0.69
dev:volD1 × rank:posH4,6,mean,329.0,36.6,9.0,14/19,-9.9,0.7
dev:volD1 × dev:posH4,6,mean,298.1,39.5,7.5,14/19,-11.4,0.68
dev:volD1 × rank:distD1,6,mean,296.0,34.8,8.5,14/19,-10.9,0.73
dev:volD1 × dev:distD1,6,mean,322.3,37.9,8.5,14/19,-11.3,0.69
dev:volD1 × rank:volume,6,mean,263.6,42.7,6.2,14/19,-12.9,0.64
dev:volD1 × dev:volume,6,mean,322.1,36.2,8.9,14/19,-11.8,0.7
dev:volD1 × rank:squeezeH1,6,mean,277.4,44.3,6.3,14/19,-11.8,0.62
dev:volD1 × dev:squeezeH1,6,mean,290.7,41.0,7.1,14/19,-12.9,0.67
rank:adxH1 × dev:adxH1,6,mean,309.2,36.5,8.5,14/19,-9.4,0.66
rank:adxH1 × rank:adxH4,6,mean,318.6,28.7,11.1,14/19,-10.4,0.7
rank:adxH1 × dev:adxH4,6,mean,301.3,40.4,7.5,13/19,-10.1,0.63
rank:adxH1 × rank:adxD1,6,mean,285.8,38.9,7.3,14/19,-10.4,0.65
rank:adxH1 × dev:adxD1,6,mean,295.8,37.3,7.9,14/19,-9.9,0.67
rank:adxH1 × rank:effH1,6,mean,291.2,36.0,8.1,14/19,-10.4,0.63
rank:adxH1 × dev:effH1,6,mean,300.6,37.4,8.0,14/19,-10.4,0.66
rank:adxH1 × rank:effH4,6,mean,298.8,40.2,7.4,14/19,-11.4,0.63
rank:adxH1 × dev:effH4,6,mean,293.3,42.8,6.9,13/19,-10.4,0.62
rank:adxH1 × rank:stackH4,6,mean,307.0,34.9,8.8,14/19,-10.4,0.66
rank:adxH1 × rank:ribbonD1,6,mean,265.1,43.5,6.1,14/19,-10.4,0.63
rank:adxH1 × dev:ribbonD1,6,mean,270.0,40.4,6.7,14/19,-12.4,0.6
rank:adxH1 × rank:dayrange,6,mean,297.3,39.5,7.5,14/19,-10.4,0.66
rank:adxH1 × dev:dayrange,6,mean,317.7,36.1,8.8,14/19,-10.4,0.69
rank:adxH1 × rank:hour,6,mean,300.7,36.0,8.4,14/19,-10.4,0.66
rank:adxH1 × rank:posH4,6,mean,308.3,40.6,7.6,13/19,-10.4,0.65
rank:adxH1 × dev:posH4,6,mean,306.6,32.6,9.4,13/19,-10.4,0.65
rank:adxH1 × rank:distD1,6,mean,287.0,40.4,7.1,14/19,-10.2,0.64
rank:adxH1 × dev:distD1,6,mean,272.6,44.2,6.2,14/19,-9.9,0.61
rank:adxH1 × rank:volume,6,mean,277.8,39.1,7.1,14/19,-10.9,0.62
rank:adxH1 × dev:volume,6,mean,289.0,41.4,7.0,14/19,-10.4,0.64
rank:adxH1 × rank:squeezeH1,6,mean,292.5,37.4,7.8,13/19,-11.0,0.65
rank:adxH1 × dev:squeezeH1,6,mean,270.5,39.7,6.8,14/19,-11.9,0.59
dev:adxH1 × rank:adxH4,6,mean,292.6,45.0,6.5,14/19,-11.8,0.65
dev:adxH1 × dev:adxH4,6,mean,310.0,35.5,8.7,14/19,-9.4,0.67
dev:adxH1 × rank:adxD1,6,mean,285.9,42.9,6.7,14/19,-10.4,0.7
dev:adxH1 × dev:adxD1,6,mean,285.9,35.9,8.0,14/19,-11.4,0.65
dev:adxH1 × rank:effH1,6,mean,287.0,38.3,7.5,14/19,-11.9,0.64
dev:adxH1 × dev:effH1,6,mean,298.6,39.7,7.5,14/19,-11.9,0.67
dev:adxH1 × rank:effH4,6,mean,302.1,39.9,7.6,14/19,-13.4,0.66
dev:adxH1 × dev:effH4,6,mean,297.8,39.8,7.5,14/19,-10.9,0.66
dev:adxH1 × rank:stackH4,6,mean,306.8,39.9,7.7,14/19,-11.9,0.67
dev:adxH1 × rank:ribbonD1,6,mean,280.2,39.3,7.1,14/19,-11.8,0.67
dev:adxH1 × dev:ribbonD1,6,mean,279.3,40.7,6.9,14/19,-11.3,0.65
dev:adxH1 × rank:dayrange,6,mean,282.4,37.4,7.6,14/19,-11.9,0.66
dev:adxH1 × dev:dayrange,6,mean,307.0,37.5,8.2,14/19,-11.9,0.68
dev:adxH1 × rank:hour,6,mean,295.8,36.9,8.0,14/19,-11.9,0.66
dev:adxH1 × rank:posH4,6,mean,309.4,42.5,7.3,14/19,-10.8,0.68
dev:adxH1 × dev:posH4,6,mean,328.2,39.3,8.4,14/19,-11.9,0.71
dev:adxH1 × rank:distD1,6,mean,296.5,41.5,7.1,14/19,-10.8,0.64
dev:adxH1 × dev:distD1,6,mean,304.4,40.9,7.4,14/19,-10.8,0.65
dev:adxH1 × rank:volume,6,mean,268.1,42.4,6.3,14/19,-10.8,0.62
dev:adxH1 × dev:volume,6,mean,284.1,38.4,7.4,14/19,-11.9,0.66
dev:adxH1 × rank:squeezeH1,6,mean,284.5,37.9,7.5,14/19,-11.9,0.64
dev:adxH1 × dev:squeezeH1,6,mean,293.4,39.2,7.5,14/19,-11.9,0.65
rank:adxH4 × dev:adxH4,6,mean,296.5,38.5,7.7,14/19,-10.1,0.69
rank:adxH4 × rank:adxD1,6,mean,283.4,38.3,7.4,14/19,-11.9,0.71
rank:adxH4 × dev:adxD1,6,mean,287.4,34.6,8.3,14/19,-12.9,0.67
rank:adxH4 × rank:effH1,6,mean,308.7,39.1,7.9,14/19,-11.8,0.66
rank:adxH4 × dev:effH1,6,mean,306.0,41.1,7.4,14/19,-11.8,0.67
rank:adxH4 × rank:effH4,6,mean,275.2,43.7,6.3,14/19,-11.8,0.66
rank:adxH4 × dev:effH4,6,mean,290.9,41.5,7.0,14/19,-10.4,0.7
rank:adxH4 × rank:stackH4,6,mean,292.1,40.6,7.2,14/19,-11.8,0.69
rank:adxH4 × rank:ribbonD1,6,mean,282.8,37.3,7.6,14/19,-10.5,0.69
rank:adxH4 × dev:ribbonD1,6,mean,279.4,38.8,7.2,14/19,-10.8,0.63
rank:adxH4 × rank:dayrange,6,mean,307.3,36.7,8.4,14/19,-11.8,0.72
rank:adxH4 × dev:dayrange,6,mean,296.9,38.8,7.7,14/19,-11.8,0.7
rank:adxH4 × rank:hour,6,mean,272.8,40.3,6.8,14/19,-10.8,0.64
rank:adxH4 × rank:posH4,6,mean,305.9,44.9,6.8,14/19,-10.4,0.69
rank:adxH4 × dev:posH4,6,mean,293.9,40.4,7.3,14/19,-10.8,0.68
rank:adxH4 × rank:distD1,6,mean,275.4,43.7,6.3,13/19,-12.4,0.67
rank:adxH4 × dev:distD1,6,mean,297.5,40.3,7.4,14/19,-10.3,0.67
rank:adxH4 × rank:volume,6,mean,297.1,41.8,7.1,14/19,-11.8,0.69
rank:adxH4 × dev:volume,6,mean,294.3,39.3,7.5,14/19,-10.4,0.69
rank:adxH4 × rank:squeezeH1,6,mean,298.2,36.5,8.2,14/19,-11.9,0.69
rank:adxH4 × dev:squeezeH1,6,mean,278.1,36.9,7.5,14/19,-10.4,0.71
dev:adxH4 × rank:adxD1,6,mean,302.0,40.7,7.4,14/19,-9.9,0.68
dev:adxH4 × dev:adxD1,6,mean,300.6,38.0,7.9,14/19,-10.9,0.68
dev:adxH4 × rank:effH1,6,mean,295.8,37.4,7.9,14/19,-11.8,0.66
dev:adxH4 × dev:effH1,6,mean,297.1,36.3,8.2,14/19,-10.0,0.68
dev:adxH4 × rank:effH4,6,mean,300.6,38.7,7.8,14/19,-9.6,0.66
dev:adxH4 × dev:effH4,6,mean,286.1,38.5,7.4,14/19,-9.6,0.66
dev:adxH4 × rank:stackH4,6,mean,291.8,38.0,7.7,14/19,-10.1,0.68
dev:adxH4 × rank:ribbonD1,6,mean,266.0,34.6,7.7,14/19,-10.8,0.66
dev:adxH4 × dev:ribbonD1,6,mean,276.4,42.4,6.5,14/19,-9.9,0.64
dev:adxH4 × rank:dayrange,6,mean,306.1,35.9,8.5,13/19,-11.8,0.69
dev:adxH4 × dev:dayrange,6,mean,311.3,36.3,8.6,14/19,-10.8,0.71
dev:adxH4 × rank:hour,6,mean,296.7,37.6,7.9,14/19,-11.8,0.69
dev:adxH4 × rank:posH4,6,mean,310.2,39.1,7.9,14/19,-9.3,0.69
dev:adxH4 × dev:posH4,6,mean,306.9,35.2,8.7,14/19,-8.4,0.7
dev:adxH4 × rank:distD1,6,mean,290.9,40.0,7.3,14/19,-9.9,0.69
dev:adxH4 × dev:distD1,6,mean,281.4,42.8,6.6,14/19,-9.9,0.64
dev:adxH4 × rank:volume,6,mean,292.7,37.3,7.8,14/19,-9.4,0.7
dev:adxH4 × dev:volume,6,mean,299.1,38.4,7.8,14/19,-10.4,0.67
dev:adxH4 × rank:squeezeH1,6,mean,303.5,37.2,8.2,14/19,-10.0,0.69
dev:adxH4 × dev:squeezeH1,6,mean,317.6,35.8,8.9,14/19,-11.8,0.69
rank:adxD1 × dev:adxD1,6,mean,305.0,37.8,8.1,14/19,-11.3,0.7
rank:adxD1 × rank:effH1,6,mean,300.3,40.9,7.3,14/19,-11.8,0.68
rank:adxD1 × dev:effH1,6,mean,286.9,36.7,7.8,14/19,-10.8,0.7
rank:adxD1 × rank:effH4,6,mean,293.2,37.8,7.8,14/19,-10.4,0.69
rank:adxD1 × dev:effH4,6,mean,287.1,38.7,7.4,14/19,-10.7,0.69
rank:adxD1 × rank:stackH4,6,mean,294.5,45.6,6.5,14/19,-10.8,0.7
rank:adxD1 × rank:ribbonD1,6,mean,302.7,43.6,6.9,14/19,-12.4,0.69
rank:adxD1 × dev:ribbonD1,6,mean,277.1,39.5,7.0,14/19,-11.3,0.67
rank:adxD1 × rank:dayrange,6,mean,298.3,42.5,7.0,14/19,-10.9,0.7
rank:adxD1 × dev:dayrange,6,mean,311.7,42.6,7.3,14/19,-10.8,0.71
rank:adxD1 × rank:hour,6,mean,299.4,35.4,8.5,14/19,-10.4,0.73
rank:adxD1 × rank:posH4,6,mean,330.0,35.8,9.2,14/19,-8.9,0.77
rank:adxD1 × dev:posH4,6,mean,323.0,39.1,8.3,14/19,-8.9,0.69
rank:adxD1 × rank:distD1,6,mean,300.6,41.4,7.3,14/19,-10.8,0.71
rank:adxD1 × dev:distD1,6,mean,283.5,40.3,7.0,13/19,-10.3,0.64
rank:adxD1 × rank:volume,6,mean,270.0,42.1,6.4,14/19,-10.8,0.64
rank:adxD1 × dev:volume,6,mean,310.8,43.2,7.2,14/19,-11.8,0.7
rank:adxD1 × rank:squeezeH1,6,mean,297.9,38.4,7.8,14/19,-10.4,0.73
rank:adxD1 × dev:squeezeH1,6,mean,280.2,40.0,7.0,14/19,-10.4,0.68
dev:adxD1 × rank:effH1,6,mean,290.0,40.9,7.1,14/19,-12.4,0.68
dev:adxD1 × dev:effH1,6,mean,292.7,35.4,8.3,14/19,-10.3,0.7
dev:adxD1 × rank:effH4,6,mean,284.2,37.2,7.6,14/19,-12.9,0.65
dev:adxD1 × dev:effH4,6,mean,301.3,36.6,8.2,14/19,-12.4,0.68
dev:adxD1 × rank:stackH4,6,mean,297.0,38.9,7.6,14/19,-12.9,0.66
dev:adxD1 × rank:ribbonD1,6,mean,286.7,40.6,7.1,14/19,-12.9,0.66
dev:adxD1 × dev:ribbonD1,6,mean,311.2,38.2,8.1,14/19,-12.4,0.7
dev:adxD1 × rank:dayrange,6,mean,299.5,38.8,7.7,14/19,-10.4,0.69
dev:adxD1 × dev:dayrange,6,mean,299.8,39.3,7.6,14/19,-11.3,0.68
dev:adxD1 × rank:hour,6,mean,287.5,38.1,7.5,14/19,-11.3,0.66
dev:adxD1 × rank:posH4,6,mean,304.0,40.2,7.6,14/19,-11.3,0.66
dev:adxD1 × dev:posH4,6,mean,293.1,37.1,7.9,14/19,-10.3,0.67
dev:adxD1 × rank:distD1,6,mean,298.5,38.5,7.8,14/19,-12.9,0.71
dev:adxD1 × dev:distD1,6,mean,300.5,40.7,7.4,14/19,-10.3,0.68
dev:adxD1 × rank:volume,6,mean,279.7,34.5,8.1,14/19,-12.4,0.66
dev:adxD1 × dev:volume,6,mean,305.8,35.7,8.6,14/19,-10.3,0.69
dev:adxD1 × rank:squeezeH1,6,mean,284.8,41.1,6.9,14/19,-11.3,0.65
dev:adxD1 × dev:squeezeH1,6,mean,310.3,35.8,8.7,14/19,-11.3,0.69
rank:effH1 × dev:effH1,6,mean,290.2,38.4,7.6,14/19,-10.8,0.66
rank:effH1 × rank:effH4,6,mean,283.7,43.9,6.5,14/19,-11.8,0.61
rank:effH1 × dev:effH4,6,mean,297.4,43.8,6.8,14/19,-11.4,0.64
rank:effH1 × rank:stackH4,6,mean,312.8,38.2,8.2,14/19,-11.8,0.68
rank:effH1 × rank:ribbonD1,6,mean,301.4,36.9,8.2,14/19,-12.4,0.7
rank:effH1 × dev:ribbonD1,6,mean,292.1,38.9,7.5,14/19,-10.8,0.66
rank:effH1 × rank:dayrange,6,mean,293.6,35.8,8.2,14/19,-12.9,0.67
rank:effH1 × dev:dayrange,6,mean,285.9,44.4,6.4,14/19,-11.8,0.63
rank:effH1 × rank:hour,6,mean,286.0,40.5,7.1,14/19,-11.8,0.62
rank:effH1 × rank:posH4,6,mean,298.2,43.4,6.9,14/19,-11.8,0.65
rank:effH1 × dev:posH4,6,mean,308.1,36.8,8.4,14/19,-11.8,0.67
rank:effH1 × rank:distD1,6,mean,294.4,41.6,7.1,14/19,-11.8,0.66
rank:effH1 × dev:distD1,6,mean,297.6,43.0,6.9,14/19,-9.9,0.65
rank:effH1 × rank:volume,6,mean,283.1,39.3,7.2,14/19,-11.8,0.67
rank:effH1 × dev:volume,6,mean,305.6,36.4,8.4,14/19,-11.8,0.67
rank:effH1 × rank:squeezeH1,6,mean,298.9,41.6,7.2,14/19,-11.8,0.66
rank:effH1 × dev:squeezeH1,6,mean,292.5,41.1,7.1,14/19,-10.9,0.63
dev:effH1 × rank:effH4,6,mean,282.7,42.1,6.7,14/19,-10.8,0.61
dev:effH1 × dev:effH4,6,mean,298.9,41.3,7.2,14/19,-11.0,0.66
dev:effH1 × rank:stackH4,6,mean,307.9,41.4,7.4,14/19,-11.8,0.68
dev:effH1 × rank:ribbonD1,6,mean,293.6,39.8,7.4,14/19,-11.8,0.65
dev:effH1 × dev:ribbonD1,6,mean,294.8,39.3,7.5,14/19,-12.4,0.69
dev:effH1 × rank:dayrange,6,mean,295.2,35.1,8.4,14/19,-11.8,0.68
dev:effH1 × dev:dayrange,6,mean,279.6,39.5,7.1,14/19,-11.8,0.67
dev:effH1 × rank:hour,6,mean,274.6,37.6,7.3,14/19,-10.8,0.66
dev:effH1 × rank:posH4,6,mean,304.7,39.5,7.7,14/19,-11.8,0.68
dev:effH1 × dev:posH4,6,mean,293.3,39.5,7.4,14/19,-11.8,0.64
dev:effH1 × rank:distD1,6,mean,282.7,42.3,6.7,14/19,-10.8,0.66
dev:effH1 × dev:distD1,6,mean,291.1,43.1,6.8,14/19,-10.8,0.64
dev:effH1 × rank:volume,6,mean,270.8,40.4,6.7,14/19,-10.8,0.65
dev:effH1 × dev:volume,6,mean,302.5,39.4,7.7,14/19,-11.8,0.68
dev:effH1 × rank:squeezeH1,6,mean,281.8,48.6,5.8,14/19,-11.8,0.63
dev:effH1 × dev:squeezeH1,6,mean,281.5,43.0,6.5,14/19,-11.8,0.63
rank:effH4 × dev:effH4,6,mean,278.3,42.3,6.6,14/19,-10.4,0.65
rank:effH4 × rank:stackH4,6,mean,282.8,42.3,6.7,14/19,-11.8,0.64
rank:effH4 × rank:ribbonD1,6,mean,253.3,41.1,6.2,14/19,-11.8,0.62
rank:effH4 × dev:ribbonD1,6,mean,299.5,38.0,7.9,14/19,-10.4,0.69
rank:effH4 × rank:dayrange,6,mean,285.8,39.8,7.2,13/19,-12.4,0.63
rank:effH4 × dev:dayrange,6,mean,301.1,41.5,7.3,14/19,-11.8,0.65
rank:effH4 × rank:hour,6,mean,289.2,39.1,7.4,14/19,-11.8,0.64
rank:effH4 × rank:posH4,6,mean,302.2,40.5,7.5,13/19,-9.8,0.63
rank:effH4 × dev:posH4,6,mean,292.2,42.0,7.0,14/19,-10.8,0.63
rank:effH4 × rank:distD1,6,mean,267.0,44.7,6.0,14/19,-10.8,0.62
rank:effH4 × dev:distD1,6,mean,286.0,43.2,6.6,14/19,-10.8,0.61
rank:effH4 × rank:volume,6,mean,277.8,41.3,6.7,14/19,-10.9,0.62
rank:effH4 × dev:volume,6,mean,301.9,41.8,7.2,14/19,-10.9,0.66
rank:effH4 × rank:squeezeH1,6,mean,267.6,41.8,6.4,14/19,-10.4,0.64
rank:effH4 × dev:squeezeH1,6,mean,265.9,39.9,6.7,14/19,-10.4,0.63
dev:effH4 × rank:stackH4,6,mean,297.0,42.3,7.0,14/19,-10.4,0.68
dev:effH4 × rank:ribbonD1,6,mean,289.6,44.2,6.6,14/19,-11.8,0.65
dev:effH4 × dev:ribbonD1,6,mean,308.7,35.8,8.6,14/19,-10.8,0.69
dev:effH4 × rank:dayrange,6,mean,307.6,40.2,7.7,14/19,-11.4,0.67
dev:effH4 × dev:dayrange,6,mean,301.6,40.3,7.5,14/19,-11.8,0.67
dev:effH4 × rank:hour,6,mean,295.5,42.2,7.0,14/19,-10.4,0.67
dev:effH4 × rank:posH4,6,mean,308.0,43.8,7.0,14/19,-9.9,0.68
dev:effH4 × dev:posH4,6,mean,301.4,41.3,7.3,14/19,-9.9,0.67
dev:effH4 × rank:distD1,6,mean,284.3,44.4,6.4,14/19,-10.4,0.71
dev:effH4 × dev:distD1,6,mean,287.1,43.2,6.6,14/19,-10.8,0.67
dev:effH4 × rank:volume,6,mean,295.2,38.8,7.6,14/19,-9.4,0.69
dev:effH4 × dev:volume,6,mean,305.6,40.9,7.5,14/19,-10.4,0.66
dev:effH4 × rank:squeezeH1,6,mean,281.8,37.9,7.4,14/19,-10.9,0.69
dev:effH4 × dev:squeezeH1,6,mean,296.4,39.9,7.4,14/19,-10.4,0.66
rank:stackH4 × rank:ribbonD1,6,mean,291.1,40.4,7.2,14/19,-11.8,0.69
rank:stackH4 × dev:ribbonD1,6,mean,272.0,43.5,6.3,14/19,-11.8,0.6
rank:stackH4 × rank:dayrange,6,mean,305.9,40.2,7.6,14/19,-11.8,0.68
rank:stackH4 × dev:dayrange,6,mean,309.1,43.9,7.0,14/19,-11.8,0.67
rank:stackH4 × rank:hour,6,mean,289.6,41.3,7.0,14/19,-11.8,0.66
rank:stackH4 × rank:posH4,6,mean,324.0,40.4,8.0,14/19,-11.8,0.7
rank:stackH4 × dev:posH4,6,mean,315.1,41.3,7.6,14/19,-11.8,0.67
rank:stackH4 × rank:distD1,6,mean,308.6,44.2,7.0,14/19,-12.4,0.71
rank:stackH4 × dev:distD1,6,mean,297.4,41.7,7.1,14/19,-9.9,0.64
rank:stackH4 × rank:volume,6,mean,269.9,40.9,6.6,14/19,-12.4,0.64
rank:stackH4 × dev:volume,6,mean,308.1,42.2,7.3,14/19,-11.8,0.67
rank:stackH4 × rank:squeezeH1,6,mean,284.8,44.8,6.4,14/19,-11.8,0.61
rank:stackH4 × dev:squeezeH1,6,mean,284.0,41.5,6.8,14/19,-11.8,0.64
rank:ribbonD1 × dev:ribbonD1,6,mean,280.3,42.6,6.6,14/19,-10.8,0.66
rank:ribbonD1 × rank:dayrange,6,mean,273.8,41.0,6.7,14/19,-11.8,0.66
rank:ribbonD1 × dev:dayrange,6,mean,289.4,39.4,7.3,14/19,-12.4,0.67
rank:ribbonD1 × rank:hour,6,mean,277.5,43.3,6.4,14/19,-11.8,0.62
rank:ribbonD1 × rank:posH4,6,mean,314.6,39.8,7.9,14/19,-11.3,0.7
rank:ribbonD1 × dev:posH4,6,mean,298.5,40.0,7.5,14/19,-11.3,0.67
rank:ribbonD1 × rank:distD1,6,mean,249.5,41.2,6.1,13/19,-12.4,0.62
rank:ribbonD1 × dev:distD1,6,mean,269.4,41.8,6.4,14/19,-9.9,0.63
rank:ribbonD1 × rank:volume,6,mean,279.3,41.2,6.8,14/19,-11.8,0.64
rank:ribbonD1 × dev:volume,6,mean,288.7,41.8,6.9,14/19,-11.8,0.69
rank:ribbonD1 × rank:squeezeH1,6,mean,271.6,41.7,6.5,14/19,-11.9,0.65
rank:ribbonD1 × dev:squeezeH1,6,mean,276.9,41.5,6.7,14/19,-11.9,0.63
dev:ribbonD1 × rank:dayrange,6,mean,278.7,39.7,7.0,14/19,-9.4,0.67
dev:ribbonD1 × dev:dayrange,6,mean,294.6,43.2,6.8,14/19,-12.4,0.65
dev:ribbonD1 × rank:hour,6,mean,286.6,40.6,7.1,14/19,-11.8,0.65
dev:ribbonD1 × rank:posH4,6,mean,312.0,36.3,8.6,14/19,-11.8,0.67
dev:ribbonD1 × dev:posH4,6,mean,280.4,42.1,6.7,14/19,-10.8,0.64
dev:ribbonD1 × rank:distD1,6,mean,273.4,42.5,6.4,14/19,-11.8,0.64
dev:ribbonD1 × dev:distD1,6,mean,286.7,41.3,6.9,14/19,-10.8,0.64
dev:ribbonD1 × rank:volume,6,mean,297.7,40.4,7.4,14/19,-11.3,0.64
dev:ribbonD1 × dev:volume,6,mean,285.8,44.4,6.4,14/19,-10.9,0.66
dev:ribbonD1 × rank:squeezeH1,6,mean,287.5,39.3,7.3,14/19,-11.3,0.67
dev:ribbonD1 × dev:squeezeH1,6,mean,293.7,41.9,7.0,14/19,-11.8,0.68
rank:dayrange × dev:dayrange,6,mean,299.8,39.6,7.6,13/19,-10.9,0.65
rank:dayrange × rank:hour,6,mean,299.8,35.4,8.5,14/19,-11.8,0.65
rank:dayrange × rank:posH4,6,mean,305.5,42.3,7.2,14/19,-10.4,0.68
rank:dayrange × dev:posH4,6,mean,297.0,35.2,8.4,14/19,-10.4,0.69
rank:dayrange × rank:distD1,6,mean,294.5,38.8,7.6,14/19,-11.8,0.67
rank:dayrange × dev:distD1,6,mean,286.4,37.8,7.6,13/19,-10.3,0.65
rank:dayrange × rank:volume,6,mean,306.8,36.4,8.4,13/19,-10.8,0.67
rank:dayrange × dev:volume,6,mean,303.0,35.1,8.6,14/19,-11.8,0.67
rank:dayrange × rank:squeezeH1,6,mean,292.9,41.1,7.1,13/19,-10.9,0.63
rank:dayrange × dev:squeezeH1,6,mean,290.8,40.4,7.2,14/19,-10.9,0.65
dev:dayrange × rank:hour,6,mean,313.9,36.9,8.5,14/19,-11.8,0.7
dev:dayrange × rank:posH4,6,mean,296.4,40.0,7.4,14/19,-11.8,0.67
dev:dayrange × dev:posH4,6,mean,315.1,40.4,7.8,14/19,-10.8,0.66
dev:dayrange × rank:distD1,6,mean,275.2,42.8,6.4,14/19,-11.8,0.62
dev:dayrange × dev:distD1,6,mean,301.3,42.3,7.1,14/19,-10.3,0.66
dev:dayrange × rank:volume,6,mean,303.2,42.2,7.2,14/19,-10.9,0.66
dev:dayrange × dev:volume,6,mean,300.0,40.5,7.4,14/19,-11.8,0.68
dev:dayrange × rank:squeezeH1,6,mean,280.0,45.2,6.2,14/19,-11.8,0.63
dev:dayrange × dev:squeezeH1,6,mean,291.6,44.8,6.5,14/19,-11.8,0.63
rank:hour × rank:posH4,6,mean,310.2,37.5,8.3,14/19,-10.8,0.71
rank:hour × dev:posH4,6,mean,301.9,36.4,8.3,14/19,-10.8,0.67
rank:hour × rank:distD1,6,mean,264.8,41.6,6.4,14/19,-10.8,0.61
rank:hour × dev:distD1,6,mean,300.6,40.0,7.5,14/19,-10.8,0.68
rank:hour × rank:volume,6,mean,294.0,41.6,7.1,14/19,-11.5,0.67
rank:hour × dev:volume,6,mean,311.3,40.3,7.7,14/19,-11.8,0.68
rank:hour × rank:squeezeH1,6,mean,298.7,36.5,8.2,14/19,-11.8,0.64
rank:hour × dev:squeezeH1,6,mean,299.7,36.4,8.2,14/19,-11.8,0.68
rank:posH4 × dev:posH4,6,mean,321.9,35.6,9.0,14/19,-10.4,0.71
rank:posH4 × rank:distD1,6,mean,322.7,43.4,7.4,14/19,-9.9,0.73
rank:posH4 × dev:distD1,6,mean,304.5,40.4,7.5,14/19,-10.8,0.67
rank:posH4 × rank:volume,6,mean,304.6,35.7,8.5,14/19,-10.3,0.66
rank:posH4 × dev:volume,6,mean,314.7,36.9,8.5,14/19,-10.9,0.71
rank:posH4 × rank:squeezeH1,6,mean,309.4,30.7,10.1,14/19,-11.8,0.73
rank:posH4 × dev:squeezeH1,6,mean,294.3,42.2,7.0,14/19,-10.4,0.67
dev:posH4 × rank:distD1,6,mean,308.4,40.9,7.5,14/19,-9.9,0.69
dev:posH4 × dev:distD1,6,mean,298.1,43.2,6.9,14/19,-9.9,0.66
dev:posH4 × rank:volume,6,mean,290.2,43.1,6.7,14/19,-10.8,0.68
dev:posH4 × dev:volume,6,mean,326.6,40.4,8.1,14/19,-10.9,0.69
dev:posH4 × rank:squeezeH1,6,mean,292.0,35.0,8.3,14/19,-11.8,0.65
dev:posH4 × dev:squeezeH1,6,mean,294.9,38.5,7.7,14/19,-11.8,0.65
rank:distD1 × dev:distD1,6,mean,296.1,41.7,7.1,13/19,-10.8,0.65
rank:distD1 × rank:volume,6,mean,279.4,42.2,6.6,14/19,-10.8,0.65
rank:distD1 × dev:volume,6,mean,290.0,44.7,6.5,14/19,-9.9,0.69
rank:distD1 × rank:squeezeH1,6,mean,261.6,41.2,6.3,14/19,-10.8,0.65
rank:distD1 × dev:squeezeH1,6,mean,278.5,41.5,6.7,14/19,-10.8,0.66
dev:distD1 × rank:volume,6,mean,290.3,42.2,6.9,14/19,-10.8,0.65
dev:distD1 × dev:volume,6,mean,305.1,43.7,7.0,14/19,-9.9,0.67
dev:distD1 × rank:squeezeH1,6,mean,296.0,35.1,8.4,13/19,-9.8,0.68
dev:distD1 × dev:squeezeH1,6,mean,284.2,39.4,7.2,14/19,-9.9,0.63
rank:volume × dev:volume,6,mean,298.5,42.2,7.1,14/19,-10.9,0.66
rank:volume × rank:squeezeH1,6,mean,278.2,37.9,7.3,13/19,-11.8,0.63
rank:volume × dev:squeezeH1,6,mean,259.8,41.2,6.3,14/19,-10.8,0.61
dev:volume × rank:squeezeH1,6,mean,292.1,42.5,6.9,14/19,-10.8,0.63
dev:volume × dev:squeezeH1,6,mean,308.5,38.6,8.0,14/19,-12.4,0.7
rank:squeezeH1 × dev:squeezeH1,6,mean,280.7,42.5,6.6,14/19,-11.8,0.62
none,6,sharpe,297.0,31.6,9.4,14/19,-11.8,0.74
rank:volH1,6,sharpe,297.1,33.5,8.9,14/19,-11.3,0.73
dev:volH1,6,sharpe,282.6,36.7,7.7,14/19,-11.3,0.66
rank:volH4,6,sharpe,293.4,39.4,7.4,14/19,-12.4,0.72
dev:volH4,6,sharpe,304.1,35.2,8.6,14/19,-10.9,0.75
rank:volD1,6,sharpe,300.4,37.3,8.1,14/19,-13.3,0.74
dev:volD1,6,sharpe,318.5,23.4,13.6,15/19,-10.7,0.87
rank:adxH1,6,sharpe,281.2,33.1,8.5,15/19,-10.4,0.69
dev:adxH1,6,sharpe,292.0,30.3,9.6,13/19,-10.8,0.68
rank:adxH4,6,sharpe,273.9,36.7,7.5,14/19,-9.4,0.71
dev:adxH4,6,sharpe,293.5,29.4,10.0,13/19,-7.9,0.73
rank:adxD1,6,sharpe,309.6,37.2,8.3,15/19,-10.3,0.76
dev:adxD1,6,sharpe,267.4,40.5,6.6,14/19,-12.9,0.68
rank:effH1,6,sharpe,281.3,35.7,7.9,14/19,-12.8,0.65
dev:effH1,6,sharpe,290.6,33.6,8.6,13/19,-11.8,0.71
rank:effH4,6,sharpe,280.5,31.9,8.8,14/19,-7.8,0.69
dev:effH4,6,sharpe,289.4,32.8,8.8,14/19,-8.8,0.72
rank:stackH4,6,sharpe,305.2,31.6,9.7,14/19,-11.8,0.73
rank:ribbonD1,6,sharpe,277.2,37.8,7.3,14/19,-11.8,0.73
dev:ribbonD1,6,sharpe,267.1,36.7,7.3,13/19,-10.8,0.7
rank:dayrange,6,sharpe,302.9,31.2,9.7,15/19,-11.1,0.75
dev:dayrange,6,sharpe,282.8,34.8,8.1,14/19,-11.8,0.67
rank:hour,6,sharpe,286.6,32.3,8.9,15/19,-12.4,0.67
rank:posH4,6,sharpe,324.8,38.4,8.5,13/19,-10.3,0.7
dev:posH4,6,sharpe,307.5,34.0,9.0,14/19,-9.9,0.72
rank:distD1,6,sharpe,299.6,38.7,7.7,14/19,-11.9,0.72
dev:distD1,6,sharpe,310.3,33.3,9.3,14/19,-11.3,0.73
rank:volume,6,sharpe,296.9,33.6,8.8,14/19,-13.0,0.72
dev:volume,6,sharpe,330.5,31.8,10.4,14/19,-11.4,0.76
rank:squeezeH1,6,sharpe,253.5,39.5,6.4,14/19,-11.0,0.67
dev:squeezeH1,6,sharpe,267.3,39.6,6.8,14/19,-11.5,0.66
rank:volH1 × dev:volH1,6,sharpe,293.4,31.7,9.3,14/19,-11.3,0.7
rank:volH1 × rank:volH4,6,sharpe,290.8,36.6,7.9,14/19,-9.9,0.73
rank:volH1 × dev:volH4,6,sharpe,286.7,35.4,8.1,14/19,-11.0,0.74
rank:volH1 × rank:volD1,6,sharpe,280.1,31.7,8.8,15/19,-11.3,0.7
rank:volH1 × dev:volD1,6,sharpe,284.1,28.3,10.0,15/19,-9.5,0.77
rank:volH1 × rank:adxH1,6,sharpe,307.5,28.4,10.8,15/19,-10.0,0.77
rank:volH1 × dev:adxH1,6,sharpe,295.2,35.8,8.2,15/19,-10.4,0.67
rank:volH1 × rank:adxH4,6,sharpe,298.1,38.8,7.7,14/19,-9.8,0.74
rank:volH1 × dev:adxH4,6,sharpe,277.0,36.5,7.6,14/19,-9.3,0.7
rank:volH1 × rank:adxD1,6,sharpe,297.2,27.2,10.9,14/19,-9.3,0.77
rank:volH1 × dev:adxD1,6,sharpe,307.1,34.9,8.8,14/19,-10.3,0.76
rank:volH1 × rank:effH1,6,sharpe,292.8,34.0,8.6,15/19,-11.8,0.73
rank:volH1 × dev:effH1,6,sharpe,279.4,35.8,7.8,14/19,-8.9,0.7
rank:volH1 × rank:effH4,6,sharpe,290.6,33.1,8.8,14/19,-9.9,0.74
rank:volH1 × dev:effH4,6,sharpe,303.3,32.4,9.4,14/19,-9.4,0.77
rank:volH1 × rank:stackH4,6,sharpe,296.8,34.7,8.6,14/19,-11.3,0.73
rank:volH1 × rank:ribbonD1,6,sharpe,275.0,32.0,8.6,13/19,-11.3,0.74
rank:volH1 × dev:ribbonD1,6,sharpe,258.5,29.0,8.9,15/19,-10.3,0.72
rank:volH1 × rank:dayrange,6,sharpe,310.7,32.8,9.5,14/19,-12.8,0.69
rank:volH1 × dev:dayrange,6,sharpe,292.4,35.4,8.3,14/19,-10.8,0.67
rank:volH1 × rank:hour,6,sharpe,312.4,32.9,9.5,15/19,-12.4,0.73
rank:volH1 × rank:posH4,6,sharpe,300.5,33.3,9.0,15/19,-9.9,0.74
rank:volH1 × dev:posH4,6,sharpe,302.6,34.0,8.9,14/19,-11.3,0.72
rank:volH1 × rank:distD1,6,sharpe,292.7,28.5,10.3,13/19,-11.0,0.78
rank:volH1 × dev:distD1,6,sharpe,295.4,27.4,10.8,15/19,-9.3,0.75
rank:volH1 × rank:volume,6,sharpe,282.4,31.6,8.9,14/19,-10.9,0.7
rank:volH1 × dev:volume,6,sharpe,320.5,33.9,9.5,14/19,-10.5,0.77
rank:volH1 × rank:squeezeH1,6,sharpe,256.3,40.7,6.3,14/19,-10.8,0.64
rank:volH1 × dev:squeezeH1,6,sharpe,277.8,37.0,7.5,14/19,-11.3,0.68
dev:volH1 × rank:volH4,6,sharpe,295.8,34.9,8.5,13/19,-10.9,0.72
dev:volH1 × dev:volH4,6,sharpe,314.9,34.4,9.2,14/19,-11.5,0.72
dev:volH1 × rank:volD1,6,sharpe,273.9,34.8,7.9,14/19,-10.3,0.65
dev:volH1 × dev:volD1,6,sharpe,307.9,26.2,11.8,15/19,-10.5,0.79
dev:volH1 × rank:adxH1,6,sharpe,296.0,27.0,11.0,15/19,-10.4,0.77
dev:volH1 × dev:adxH1,6,sharpe,305.6,30.9,9.9,14/19,-10.4,0.68
dev:volH1 × rank:adxH4,6,sharpe,298.6,39.2,7.6,14/19,-11.8,0.74
dev:volH1 × dev:adxH4,6,sharpe,294.0,32.1,9.2,14/19,-9.4,0.7
dev:volH1 × rank:adxD1,6,sharpe,298.2,35.7,8.4,14/19,-9.5,0.76
dev:volH1 × dev:adxD1,6,sharpe,300.9,42.2,7.1,14/19,-12.4,0.7
dev:volH1 × rank:effH1,6,sharpe,297.4,33.2,9.0,14/19,-11.8,0.68
dev:volH1 × dev:effH1,6,sharpe,313.5,32.7,9.6,14/19,-7.9,0.72
dev:volH1 × rank:effH4,6,sharpe,277.9,36.3,7.7,14/19,-9.3,0.68
dev:volH1 × dev:effH4,6,sharpe,299.5,36.9,8.1,14/19,-9.9,0.73
dev:volH1 × rank:stackH4,6,sharpe,294.8,29.6,10.0,14/19,-11.3,0.7
dev:volH1 × rank:ribbonD1,6,sharpe,279.5,34.6,8.1,14/19,-11.3,0.73
dev:volH1 × dev:ribbonD1,6,sharpe,270.8,35.0,7.7,14/19,-10.8,0.65
dev:volH1 × rank:dayrange,6,sharpe,303.5,36.0,8.4,14/19,-12.4,0.68
dev:volH1 × dev:dayrange,6,sharpe,302.6,34.6,8.7,13/19,-11.8,0.69
dev:volH1 × rank:hour,6,sharpe,304.9,33.6,9.1,14/19,-12.4,0.73
dev:volH1 × rank:posH4,6,sharpe,292.5,35.7,8.2,13/19,-10.9,0.69
dev:volH1 × dev:posH4,6,sharpe,316.2,32.2,9.8,14/19,-9.4,0.76
dev:volH1 × rank:distD1,6,sharpe,284.4,36.2,7.9,14/19,-11.0,0.76
dev:volH1 × dev:distD1,6,sharpe,292.6,29.2,10.0,14/19,-10.8,0.69
dev:volH1 × rank:volume,6,sharpe,303.5,33.5,9.1,14/19,-11.9,0.7
dev:volH1 × dev:volume,6,sharpe,314.2,30.8,10.2,14/19,-11.3,0.76
dev:volH1 × rank:squeezeH1,6,sharpe,270.6,37.1,7.3,13/19,-9.9,0.68
dev:volH1 × dev:squeezeH1,6,sharpe,271.4,39.8,6.8,14/19,-11.5,0.68
rank:volH4 × dev:volH4,6,sharpe,291.1,38.2,7.6,14/19,-12.4,0.72
rank:volH4 × rank:volD1,6,sharpe,298.7,32.2,9.3,14/19,-10.9,0.77
rank:volH4 × dev:volD1,6,sharpe,294.8,41.3,7.1,14/19,-11.8,0.75
rank:volH4 × rank:adxH1,6,sharpe,273.4,31.7,8.6,14/19,-9.7,0.73
rank:volH4 × dev:adxH1,6,sharpe,296.6,38.1,7.8,14/19,-10.9,0.7
rank:volH4 × rank:adxH4,6,sharpe,271.8,34.0,8.0,14/19,-11.8,0.71
rank:volH4 × dev:adxH4,6,sharpe,280.6,32.7,8.6,13/19,-9.9,0.73
rank:volH4 × rank:adxD1,6,sharpe,267.3,36.6,7.3,14/19,-12.4,0.7
rank:volH4 × dev:adxD1,6,sharpe,266.8,42.8,6.2,13/19,-12.9,0.65
rank:volH4 × rank:effH1,6,sharpe,305.8,41.5,7.4,14/19,-10.9,0.69
rank:volH4 × dev:effH1,6,sharpe,292.4,40.7,7.2,14/19,-13.8,0.68
rank:volH4 × rank:effH4,6,sharpe,275.2,36.4,7.6,14/19,-9.9,0.68
rank:volH4 × dev:effH4,6,sharpe,283.9,37.8,7.5,13/19,-9.4,0.71
rank:volH4 × rank:stackH4,6,sharpe,292.3,39.4,7.4,14/19,-12.4,0.72
rank:volH4 × rank:ribbonD1,6,sharpe,280.9,34.9,8.0,14/19,-12.4,0.71
rank:volH4 × dev:ribbonD1,6,sharpe,255.5,41.9,6.1,13/19,-10.5,0.63
rank:volH4 × rank:dayrange,6,sharpe,267.0,35.3,7.6,14/19,-10.9,0.7
rank:volH4 × dev:dayrange,6,sharpe,291.2,37.6,7.7,14/19,-12.4,0.73
rank:volH4 × rank:hour,6,sharpe,296.5,36.7,8.1,14/19,-10.8,0.75
rank:volH4 × rank:posH4,6,sharpe,282.3,36.9,7.7,14/19,-11.3,0.7
rank:volH4 × dev:posH4,6,sharpe,293.5,39.5,7.4,14/19,-11.4,0.68
rank:volH4 × rank:distD1,6,sharpe,283.6,35.0,8.1,14/19,-11.5,0.73
rank:volH4 × dev:distD1,6,sharpe,292.9,32.7,9.0,14/19,-11.3,0.75
rank:volH4 × rank:volume,6,sharpe,283.6,30.3,9.4,14/19,-11.9,0.71
rank:volH4 × dev:volume,6,sharpe,297.9,37.6,7.9,14/19,-10.9,0.73
rank:volH4 × rank:squeezeH1,6,sharpe,273.7,41.6,6.6,14/19,-11.0,0.67
rank:volH4 × dev:squeezeH1,6,sharpe,269.1,34.4,7.8,14/19,-10.4,0.69
dev:volH4 × rank:volD1,6,sharpe,293.2,39.3,7.5,14/19,-11.3,0.74
dev:volH4 × dev:volD1,6,sharpe,280.6,33.4,8.4,13/19,-10.5,0.71
dev:volH4 × rank:adxH1,6,sharpe,290.3,32.8,8.9,14/19,-10.1,0.71
dev:volH4 × dev:adxH1,6,sharpe,297.6,36.1,8.2,13/19,-10.9,0.69
dev:volH4 × rank:adxH4,6,sharpe,285.7,33.4,8.6,14/19,-10.8,0.72
dev:volH4 × dev:adxH4,6,sharpe,307.0,30.1,10.2,14/19,-10.4,0.76
dev:volH4 × rank:adxD1,6,sharpe,285.9,35.3,8.1,14/19,-9.9,0.72
dev:volH4 × dev:adxD1,6,sharpe,279.5,41.1,6.8,13/19,-11.4,0.67
dev:volH4 × rank:effH1,6,sharpe,312.5,36.1,8.7,15/19,-12.7,0.74
dev:volH4 × dev:effH1,6,sharpe,306.0,36.5,8.4,13/19,-13.3,0.74
dev:volH4 × rank:effH4,6,sharpe,260.3,33.5,7.8,13/19,-9.9,0.65
dev:volH4 × dev:effH4,6,sharpe,283.8,34.0,8.3,13/19,-11.0,0.7
dev:volH4 × rank:stackH4,6,sharpe,304.1,35.2,8.6,14/19,-10.9,0.75
dev:volH4 × rank:ribbonD1,6,sharpe,299.4,31.0,9.7,14/19,-12.4,0.77
dev:volH4 × dev:ribbonD1,6,sharpe,292.4,34.9,8.4,14/19,-12.4,0.7
dev:volH4 × rank:dayrange,6,sharpe,301.7,32.7,9.2,13/19,-10.3,0.74
dev:volH4 × dev:dayrange,6,sharpe,299.3,39.1,7.7,13/19,-12.4,0.67
dev:volH4 × rank:hour,6,sharpe,292.4,31.2,9.4,13/19,-10.6,0.72
dev:volH4 × rank:posH4,6,sharpe,301.2,36.5,8.3,13/19,-10.9,0.72
dev:volH4 × dev:posH4,6,sharpe,268.7,37.3,7.2,14/19,-10.9,0.72
dev:volH4 × rank:distD1,6,sharpe,301.8,34.5,8.7,14/19,-12.2,0.74
dev:volH4 × dev:distD1,6,sharpe,272.5,32.9,8.3,13/19,-13.4,0.72
dev:volH4 × rank:volume,6,sharpe,293.1,31.3,9.4,14/19,-10.4,0.7
dev:volH4 × dev:volume,6,sharpe,318.0,35.0,9.1,14/19,-9.9,0.74
dev:volH4 × rank:squeezeH1,6,sharpe,290.3,41.5,7.0,13/19,-11.5,0.67
dev:volH4 × dev:squeezeH1,6,sharpe,281.1,31.5,8.9,13/19,-11.5,0.72
rank:volD1 × dev:volD1,6,sharpe,302.0,27.8,10.9,15/19,-11.7,0.82
rank:volD1 × rank:adxH1,6,sharpe,298.7,32.2,9.3,15/19,-9.6,0.73
rank:volD1 × dev:adxH1,6,sharpe,292.1,30.7,9.5,14/19,-9.9,0.78
rank:volD1 × rank:adxH4,6,sharpe,313.7,31.3,10.0,14/19,-9.3,0.81
rank:volD1 × dev:adxH4,6,sharpe,290.8,36.0,8.1,14/19,-9.7,0.73
rank:volD1 × rank:adxD1,6,sharpe,277.5,36.4,7.6,14/19,-12.9,0.69
rank:volD1 × dev:adxD1,6,sharpe,293.6,34.1,8.6,14/19,-13.9,0.72
rank:volD1 × rank:effH1,6,sharpe,284.0,30.5,9.3,14/19,-11.3,0.71
rank:volD1 × dev:effH1,6,sharpe,286.4,31.9,9.0,13/19,-9.3,0.69
rank:volD1 × rank:effH4,6,sharpe,278.2,34.3,8.1,14/19,-7.3,0.68
rank:volD1 × dev:effH4,6,sharpe,277.5,37.6,7.4,14/19,-9.4,0.71
rank:volD1 × rank:stackH4,6,sharpe,304.2,37.3,8.2,14/19,-13.3,0.75
rank:volD1 × rank:ribbonD1,6,sharpe,278.9,40.5,6.9,14/19,-9.4,0.67
rank:volD1 × dev:ribbonD1,6,sharpe,271.5,39.2,6.9,14/19,-9.9,0.71
rank:volD1 × rank:dayrange,6,sharpe,298.5,36.1,8.3,14/19,-11.1,0.69
rank:volD1 × dev:dayrange,6,sharpe,302.7,35.8,8.5,14/19,-12.8,0.72
rank:volD1 × rank:hour,6,sharpe,304.6,38.2,8.0,14/19,-10.1,0.69
rank:volD1 × rank:posH4,6,sharpe,286.2,35.4,8.1,13/19,-7.6,0.67
rank:volD1 × dev:posH4,6,sharpe,291.3,35.8,8.1,14/19,-9.5,0.7
rank:volD1 × rank:distD1,6,sharpe,296.0,40.1,7.4,14/19,-11.1,0.71
rank:volD1 × dev:distD1,6,sharpe,266.1,42.0,6.3,14/19,-12.3,0.63
rank:volD1 × rank:volume,6,sharpe,308.5,33.2,9.3,14/19,-11.9,0.72
rank:volD1 × dev:volume,6,sharpe,331.2,34.5,9.6,14/19,-13.0,0.74
rank:volD1 × rank:squeezeH1,6,sharpe,250.7,35.5,7.1,14/19,-12.3,0.66
rank:volD1 × dev:squeezeH1,6,sharpe,264.4,35.7,7.4,14/19,-12.4,0.71
dev:volD1 × rank:adxH1,6,sharpe,295.8,25.0,11.8,15/19,-11.2,0.74
dev:volD1 × dev:adxH1,6,sharpe,307.5,18.2,16.9,16/19,-10.1,0.78
dev:volD1 × rank:adxH4,6,sharpe,284.7,33.3,8.5,14/19,-9.3,0.75
dev:volD1 × dev:adxH4,6,sharpe,310.5,28.2,11.0,14/19,-10.9,0.8
dev:volD1 × rank:adxD1,6,sharpe,278.1,36.8,7.6,14/19,-11.9,0.71
dev:volD1 × dev:adxD1,6,sharpe,292.8,37.5,7.8,14/19,-12.9,0.74
dev:volD1 × rank:effH1,6,sharpe,308.3,26.2,11.8,15/19,-12.3,0.81
dev:volD1 × dev:effH1,6,sharpe,300.6,31.6,9.5,12/19,-9.1,0.75
dev:volD1 × rank:effH4,6,sharpe,274.5,31.4,8.7,14/19,-10.4,0.73
dev:volD1 × dev:effH4,6,sharpe,287.0,28.7,10.0,14/19,-8.9,0.76
dev:volD1 × rank:stackH4,6,sharpe,313.3,23.4,13.4,15/19,-10.7,0.85
dev:volD1 × rank:ribbonD1,6,sharpe,294.7,32.4,9.1,15/19,-11.4,0.79
dev:volD1 × dev:ribbonD1,6,sharpe,273.6,31.1,8.8,14/19,-8.9,0.76
dev:volD1 × rank:dayrange,6,sharpe,272.4,31.1,8.8,15/19,-12.1,0.73
dev:volD1 × dev:dayrange,6,sharpe,315.7,27.0,11.7,15/19,-10.8,0.8
dev:volD1 × rank:hour,6,sharpe,325.3,28.3,11.5,15/19,-10.6,0.82
dev:volD1 × rank:posH4,6,sharpe,320.2,29.9,10.7,14/19,-8.8,0.77
dev:volD1 × dev:posH4,6,sharpe,316.1,31.1,10.2,15/19,-10.4,0.83
dev:volD1 × rank:distD1,6,sharpe,272.5,38.5,7.1,15/19,-10.9,0.73
dev:volD1 × dev:distD1,6,sharpe,279.2,38.0,7.3,14/19,-11.3,0.69
dev:volD1 × rank:volume,6,sharpe,292.7,32.2,9.1,14/19,-13.0,0.71
dev:volD1 × dev:volume,6,sharpe,319.4,20.1,15.9,16/19,-10.9,0.78
dev:volD1 × rank:squeezeH1,6,sharpe,286.1,30.7,9.3,15/19,-11.3,0.77
dev:volD1 × dev:squeezeH1,6,sharpe,306.4,27.7,11.1,14/19,-9.1,0.78
rank:adxH1 × dev:adxH1,6,sharpe,285.8,31.0,9.2,14/19,-11.0,0.68
rank:adxH1 × rank:adxH4,6,sharpe,305.6,26.7,11.4,14/19,-9.6,0.73
rank:adxH1 × dev:adxH4,6,sharpe,301.7,26.7,11.3,14/19,-9.9,0.7
rank:adxH1 × rank:adxD1,6,sharpe,304.4,35.0,8.7,15/19,-10.4,0.73
rank:adxH1 × dev:adxD1,6,sharpe,298.0,34.0,8.8,14/19,-11.9,0.73
rank:adxH1 × rank:effH1,6,sharpe,285.6,32.8,8.7,14/19,-10.6,0.67
rank:adxH1 × dev:effH1,6,sharpe,283.1,29.1,9.7,15/19,-8.7,0.68
rank:adxH1 × rank:effH4,6,sharpe,283.4,34.7,8.2,14/19,-10.4,0.67
rank:adxH1 × dev:effH4,6,sharpe,296.9,33.2,8.9,15/19,-9.9,0.68
rank:adxH1 × rank:stackH4,6,sharpe,280.6,33.1,8.5,15/19,-10.4,0.69
rank:adxH1 × rank:ribbonD1,6,sharpe,278.5,28.9,9.6,15/19,-10.9,0.73
rank:adxH1 × dev:ribbonD1,6,sharpe,291.2,33.2,8.8,14/19,-11.3,0.71
rank:adxH1 × rank:dayrange,6,sharpe,301.2,32.2,9.4,15/19,-9.8,0.71
rank:adxH1 × dev:dayrange,6,sharpe,285.7,32.8,8.7,15/19,-9.3,0.7
rank:adxH1 × rank:hour,6,sharpe,299.1,30.8,9.7,14/19,-11.0,0.68
rank:adxH1 × rank:posH4,6,sharpe,281.7,38.2,7.4,14/19,-10.7,0.65
rank:adxH1 × dev:posH4,6,sharpe,295.4,29.4,10.0,15/19,-8.3,0.71
rank:adxH1 × rank:distD1,6,sharpe,302.4,31.9,9.5,14/19,-11.2,0.71
rank:adxH1 × dev:distD1,6,sharpe,302.9,33.6,9.0,14/19,-10.8,0.72
rank:adxH1 × rank:volume,6,sharpe,277.4,29.4,9.4,15/19,-10.4,0.68
rank:adxH1 × dev:volume,6,sharpe,296.6,27.0,11.0,15/19,-11.4,0.68
rank:adxH1 × rank:squeezeH1,6,sharpe,265.6,38.9,6.8,14/19,-12.0,0.65
rank:adxH1 × dev:squeezeH1,6,sharpe,291.0,30.6,9.5,14/19,-9.7,0.72
dev:adxH1 × rank:adxH4,6,sharpe,290.8,38.0,7.7,14/19,-10.4,0.69
dev:adxH1 × dev:adxH4,6,sharpe,300.2,27.1,11.1,14/19,-10.0,0.71
dev:adxH1 × rank:adxD1,6,sharpe,310.1,32.8,9.5,14/19,-10.4,0.77
dev:adxH1 × dev:adxD1,6,sharpe,293.3,32.2,9.1,14/19,-12.4,0.7
dev:adxH1 × rank:effH1,6,sharpe,263.7,32.5,8.1,13/19,-11.8,0.63
dev:adxH1 × dev:effH1,6,sharpe,269.0,33.5,8.0,13/19,-10.3,0.67
dev:adxH1 × rank:effH4,6,sharpe,289.4,30.1,9.6,14/19,-11.4,0.68
dev:adxH1 × dev:effH4,6,sharpe,288.0,32.3,8.9,15/19,-10.5,0.7
dev:adxH1 × rank:stackH4,6,sharpe,291.7,30.3,9.6,13/19,-10.8,0.68
dev:adxH1 × rank:ribbonD1,6,sharpe,263.2,36.7,7.2,14/19,-12.4,0.69
dev:adxH1 × dev:ribbonD1,6,sharpe,293.2,37.7,7.8,14/19,-11.3,0.68
dev:adxH1 × rank:dayrange,6,sharpe,285.3,34.2,8.3,14/19,-11.6,0.68
dev:adxH1 × dev:dayrange,6,sharpe,294.4,32.1,9.2,14/19,-10.8,0.65
dev:adxH1 × rank:hour,6,sharpe,298.0,30.2,9.9,13/19,-10.8,0.71
dev:adxH1 × rank:posH4,6,sharpe,274.0,34.5,7.9,13/19,-9.9,0.65
dev:adxH1 × dev:posH4,6,sharpe,308.8,32.2,9.6,14/19,-8.8,0.71
dev:adxH1 × rank:distD1,6,sharpe,291.0,35.2,8.3,14/19,-10.4,0.7
dev:adxH1 × dev:distD1,6,sharpe,288.4,34.5,8.4,13/19,-10.3,0.67
dev:adxH1 × rank:volume,6,sharpe,287.4,31.9,9.0,14/19,-11.0,0.69
dev:adxH1 × dev:volume,6,sharpe,304.3,31.9,9.5,14/19,-11.4,0.71
dev:adxH1 × rank:squeezeH1,6,sharpe,264.0,37.2,7.1,14/19,-9.3,0.65
dev:adxH1 × dev:squeezeH1,6,sharpe,280.3,35.2,8.0,13/19,-7.6,0.65
rank:adxH4 × dev:adxH4,6,sharpe,275.5,32.9,8.4,14/19,-9.9,0.72
rank:adxH4 × rank:adxD1,6,sharpe,293.2,32.3,9.1,14/19,-9.9,0.77
rank:adxH4 × dev:adxD1,6,sharpe,290.7,36.2,8.0,14/19,-11.9,0.7
rank:adxH4 × rank:effH1,6,sharpe,288.6,37.1,7.8,13/19,-10.8,0.68
rank:adxH4 × dev:effH1,6,sharpe,317.1,35.6,8.9,14/19,-9.9,0.76
rank:adxH4 × rank:effH4,6,sharpe,272.0,35.7,7.6,14/19,-8.3,0.66
rank:adxH4 × dev:effH4,6,sharpe,284.3,35.3,8.1,14/19,-8.9,0.67
rank:adxH4 × rank:stackH4,6,sharpe,274.1,36.7,7.5,14/19,-9.4,0.71
rank:adxH4 × rank:ribbonD1,6,sharpe,268.7,34.3,7.8,14/19,-9.5,0.72
rank:adxH4 × dev:ribbonD1,6,sharpe,284.8,34.3,8.3,14/19,-12.4,0.69
rank:adxH4 × rank:dayrange,6,sharpe,305.7,31.7,9.6,14/19,-11.2,0.76
rank:adxH4 × dev:dayrange,6,sharpe,287.8,35.4,8.1,14/19,-10.8,0.7
rank:adxH4 × rank:hour,6,sharpe,285.8,34.6,8.3,14/19,-10.2,0.68
rank:adxH4 × rank:posH4,6,sharpe,299.2,38.0,7.9,14/19,-10.4,0.72
rank:adxH4 × dev:posH4,6,sharpe,282.4,35.6,7.9,14/19,-8.3,0.72
rank:adxH4 × rank:distD1,6,sharpe,276.6,39.4,7.0,14/19,-9.9,0.72
rank:adxH4 × dev:distD1,6,sharpe,315.1,33.6,9.4,14/19,-11.3,0.75
rank:adxH4 × rank:volume,6,sharpe,274.3,40.8,6.7,13/19,-11.0,0.64
rank:adxH4 × dev:volume,6,sharpe,287.9,38.5,7.5,14/19,-9.4,0.69
rank:adxH4 × rank:squeezeH1,6,sharpe,281.7,33.8,8.3,14/19,-11.9,0.66
rank:adxH4 × dev:squeezeH1,6,sharpe,275.8,33.9,8.1,14/19,-10.1,0.72
dev:adxH4 × rank:adxD1,6,sharpe,290.7,31.9,9.1,13/19,-9.6,0.71
dev:adxH4 × dev:adxD1,6,sharpe,290.9,28.5,10.2,13/19,-9.9,0.75
dev:adxH4 × rank:effH1,6,sharpe,262.1,30.8,8.5,14/19,-10.4,0.64
dev:adxH4 × dev:effH1,6,sharpe,272.6,29.5,9.2,15/19,-8.8,0.77
dev:adxH4 × rank:effH4,6,sharpe,293.1,31.5,9.3,14/19,-7.6,0.71
dev:adxH4 × dev:effH4,6,sharpe,266.7,33.5,8.0,14/19,-9.0,0.72
dev:adxH4 × rank:stackH4,6,sharpe,293.5,29.4,10.0,13/19,-7.9,0.73
dev:adxH4 × rank:ribbonD1,6,sharpe,276.1,28.4,9.7,14/19,-11.4,0.68
dev:adxH4 × dev:ribbonD1,6,sharpe,280.4,33.8,8.3,13/19,-11.3,0.72
dev:adxH4 × rank:dayrange,6,sharpe,290.1,29.9,9.7,14/19,-10.6,0.71
dev:adxH4 × dev:dayrange,6,sharpe,288.3,36.4,7.9,13/19,-8.8,0.67
dev:adxH4 × rank:hour,6,sharpe,297.8,33.1,9.0,14/19,-12.1,0.71
dev:adxH4 × rank:posH4,6,sharpe,302.2,30.6,9.9,14/19,-8.3,0.74
dev:adxH4 × dev:posH4,6,sharpe,300.4,34.0,8.8,14/19,-7.9,0.76
dev:adxH4 × rank:distD1,6,sharpe,306.0,32.2,9.5,14/19,-8.9,0.8
dev:adxH4 × dev:distD1,6,sharpe,290.2,36.9,7.9,13/19,-8.5,0.7
dev:adxH4 × rank:volume,6,sharpe,269.4,30.3,8.9,14/19,-9.4,0.66
dev:adxH4 × dev:volume,6,sharpe,313.8,31.1,10.1,14/19,-8.4,0.73
dev:adxH4 × rank:squeezeH1,6,sharpe,266.3,40.3,6.6,14/19,-10.9,0.65
dev:adxH4 × dev:squeezeH1,6,sharpe,296.3,32.8,9.0,14/19,-10.9,0.69
rank:adxD1 × dev:adxD1,6,sharpe,278.3,38.9,7.2,14/19,-10.9,0.75
rank:adxD1 × rank:effH1,6,sharpe,269.2,37.1,7.3,14/19,-10.8,0.68
rank:adxD1 × dev:effH1,6,sharpe,296.1,29.8,9.9,15/19,-11.3,0.8
rank:adxD1 × rank:effH4,6,sharpe,279.5,33.5,8.3,14/19,-8.3,0.73
rank:adxD1 × dev:effH4,6,sharpe,297.7,33.8,8.8,14/19,-10.7,0.77
rank:adxD1 × rank:stackH4,6,sharpe,303.5,41.8,7.3,14/19,-10.3,0.74
rank:adxD1 × rank:ribbonD1,6,sharpe,287.6,35.6,8.1,14/19,-9.9,0.74
rank:adxD1 × dev:ribbonD1,6,sharpe,286.4,30.4,9.4,14/19,-10.4,0.76
rank:adxD1 × rank:dayrange,6,sharpe,310.5,35.6,8.7,15/19,-9.9,0.81
rank:adxD1 × dev:dayrange,6,sharpe,305.4,37.3,8.2,15/19,-11.3,0.78
rank:adxD1 × rank:hour,6,sharpe,294.8,36.4,8.1,14/19,-9.9,0.71
rank:adxD1 × rank:posH4,6,sharpe,321.1,29.4,10.9,15/19,-9.9,0.8
rank:adxD1 × dev:posH4,6,sharpe,311.9,36.8,8.5,14/19,-8.9,0.76
rank:adxD1 × rank:distD1,6,sharpe,300.1,39.4,7.6,14/19,-9.9,0.76
rank:adxD1 × dev:distD1,6,sharpe,274.4,35.5,7.7,14/19,-10.3,0.71
rank:adxD1 × rank:volume,6,sharpe,298.4,31.7,9.4,15/19,-10.3,0.71
rank:adxD1 × dev:volume,6,sharpe,308.9,34.9,8.9,13/19,-10.3,0.71
rank:adxD1 × rank:squeezeH1,6,sharpe,315.0,31.7,9.9,14/19,-11.4,0.8
rank:adxD1 × dev:squeezeH1,6,sharpe,300.9,36.4,8.3,14/19,-8.4,0.76
dev:adxD1 × rank:effH1,6,sharpe,286.9,35.4,8.1,14/19,-12.4,0.7
dev:adxD1 × dev:effH1,6,sharpe,288.5,29.8,9.7,14/19,-12.3,0.75
dev:adxD1 × rank:effH4,6,sharpe,262.1,33.8,7.8,14/19,-10.4,0.68
dev:adxD1 × dev:effH4,6,sharpe,297.1,35.2,8.4,14/19,-9.9,0.74
dev:adxD1 × rank:stackH4,6,sharpe,261.0,40.8,6.4,14/19,-12.9,0.66
dev:adxD1 × rank:ribbonD1,6,sharpe,276.7,30.7,9.0,14/19,-12.9,0.77
dev:adxD1 × dev:ribbonD1,6,sharpe,279.2,31.1,9.0,14/19,-12.4,0.78
dev:adxD1 × rank:dayrange,6,sharpe,311.9,33.9,9.2,14/19,-10.4,0.72
dev:adxD1 × dev:dayrange,6,sharpe,288.8,37.1,7.8,14/19,-12.4,0.7
dev:adxD1 × rank:hour,6,sharpe,294.9,35.9,8.2,14/19,-11.9,0.72
dev:adxD1 × rank:posH4,6,sharpe,298.2,36.0,8.3,14/19,-12.0,0.7
dev:adxD1 × dev:posH4,6,sharpe,307.4,34.4,8.9,14/19,-8.9,0.76
dev:adxD1 × rank:distD1,6,sharpe,292.9,36.7,8.0,14/19,-12.4,0.74
dev:adxD1 × dev:distD1,6,sharpe,289.9,33.7,8.6,14/19,-11.3,0.75
dev:adxD1 × rank:volume,6,sharpe,275.2,36.5,7.5,14/19,-12.9,0.64
dev:adxD1 × dev:volume,6,sharpe,290.1,35.5,8.2,14/19,-9.0,0.72
dev:adxD1 × rank:squeezeH1,6,sharpe,279.6,35.4,7.9,14/19,-12.4,0.68
dev:adxD1 × dev:squeezeH1,6,sharpe,297.9,35.0,8.5,14/19,-10.5,0.74
rank:effH1 × dev:effH1,6,sharpe,285.2,36.6,7.8,14/19,-11.5,0.65
rank:effH1 × rank:effH4,6,sharpe,287.2,37.1,7.7,14/19,-10.3,0.64
rank:effH1 × dev:effH4,6,sharpe,280.1,32.5,8.6,14/19,-8.9,0.67
rank:effH1 × rank:stackH4,6,sharpe,289.1,35.7,8.1,14/19,-12.8,0.67
rank:effH1 × rank:ribbonD1,6,sharpe,293.5,32.3,9.1,14/19,-12.4,0.72
rank:effH1 × dev:ribbonD1,6,sharpe,282.3,38.5,7.3,14/19,-11.3,0.69
rank:effH1 × rank:dayrange,6,sharpe,294.3,31.2,9.4,14/19,-12.8,0.71
rank:effH1 × dev:dayrange,6,sharpe,288.0,38.4,7.5,14/19,-10.8,0.65
rank:effH1 × rank:hour,6,sharpe,279.6,36.8,7.6,14/19,-11.8,0.65
rank:effH1 × rank:posH4,6,sharpe,289.9,41.6,7.0,14/19,-11.9,0.66
rank:effH1 × dev:posH4,6,sharpe,297.5,36.8,8.1,14/19,-11.3,0.68
rank:effH1 × rank:distD1,6,sharpe,283.5,34.9,8.1,14/19,-12.8,0.7
rank:effH1 × dev:distD1,6,sharpe,295.7,33.8,8.7,13/19,-10.8,0.67
rank:effH1 × rank:volume,6,sharpe,277.7,32.0,8.7,14/19,-11.0,0.69
rank:effH1 × dev:volume,6,sharpe,310.9,32.6,9.5,14/19,-10.7,0.74
rank:effH1 × rank:squeezeH1,6,sharpe,284.0,34.7,8.2,13/19,-12.8,0.72
rank:effH1 × dev:squeezeH1,6,sharpe,289.7,37.0,7.8,14/19,-11.9,0.68
dev:effH1 × rank:effH4,6,sharpe,266.2,28.6,9.3,13/19,-9.9,0.66
dev:effH1 × dev:effH4,6,sharpe,281.7,30.8,9.1,14/19,-8.5,0.7
dev:effH1 × rank:stackH4,6,sharpe,290.0,33.6,8.6,13/19,-11.8,0.71
dev:effH1 × rank:ribbonD1,6,sharpe,290.0,31.1,9.3,14/19,-10.3,0.72
dev:effH1 × dev:ribbonD1,6,sharpe,286.3,33.7,8.5,14/19,-12.4,0.71
dev:effH1 × rank:dayrange,6,sharpe,282.8,31.9,8.9,14/19,-10.1,0.67
dev:effH1 × dev:dayrange,6,sharpe,283.0,38.9,7.3,14/19,-10.8,0.66
dev:effH1 × rank:hour,6,sharpe,276.3,28.0,9.9,14/19,-9.8,0.68
dev:effH1 × rank:posH4,6,sharpe,283.6,40.1,7.1,14/19,-10.4,0.68
dev:effH1 × dev:posH4,6,sharpe,304.4,34.1,8.9,15/19,-11.3,0.74
dev:effH1 × rank:distD1,6,sharpe,283.8,34.7,8.2,14/19,-9.2,0.71
dev:effH1 × dev:distD1,6,sharpe,302.5,33.5,9.0,14/19,-10.7,0.74
dev:effH1 × rank:volume,6,sharpe,291.4,30.2,9.6,13/19,-12.8,0.7
dev:effH1 × dev:volume,6,sharpe,318.1,29.4,10.8,14/19,-11.4,0.77
dev:effH1 × rank:squeezeH1,6,sharpe,261.0,42.5,6.1,14/19,-12.3,0.66
dev:effH1 × dev:squeezeH1,6,sharpe,280.5,39.3,7.1,13/19,-10.8,0.69
rank:effH4 × dev:effH4,6,sharpe,262.9,30.0,8.8,14/19,-7.8,0.68
rank:effH4 × rank:stackH4,6,sharpe,284.9,31.9,8.9,14/19,-7.8,0.7
rank:effH4 × rank:ribbonD1,6,sharpe,261.0,33.5,7.8,14/19,-12.0,0.65
rank:effH4 × dev:ribbonD1,6,sharpe,286.9,32.5,8.8,14/19,-9.3,0.75
rank:effH4 × rank:dayrange,6,sharpe,292.7,35.1,8.3,13/19,-12.2,0.65
rank:effH4 × dev:dayrange,6,sharpe,280.4,30.5,9.2,14/19,-11.3,0.66
rank:effH4 × rank:hour,6,sharpe,270.0,30.4,8.9,14/19,-12.4,0.67
rank:effH4 × rank:posH4,6,sharpe,289.4,38.1,7.6,12/19,-10.1,0.67
rank:effH4 × dev:posH4,6,sharpe,286.3,31.9,9.0,13/19,-9.9,0.69
rank:effH4 × rank:distD1,6,sharpe,240.4,35.1,6.8,13/19,-9.8,0.64
rank:effH4 × dev:distD1,6,sharpe,269.2,32.9,8.2,14/19,-11.3,0.63
rank:effH4 × rank:volume,6,sharpe,275.8,34.5,8.0,14/19,-11.0,0.68
rank:effH4 × dev:volume,6,sharpe,302.4,29.4,10.3,15/19,-10.4,0.74
rank:effH4 × rank:squeezeH1,6,sharpe,262.9,33.6,7.8,14/19,-10.4,0.7
rank:effH4 × dev:squeezeH1,6,sharpe,256.8,33.1,7.8,13/19,-10.2,0.67
dev:effH4 × rank:stackH4,6,sharpe,287.9,32.8,8.8,14/19,-8.8,0.72
dev:effH4 × rank:ribbonD1,6,sharpe,284.3,34.3,8.3,13/19,-9.4,0.67
dev:effH4 × dev:ribbonD1,6,sharpe,305.4,30.9,9.9,14/19,-11.8,0.77
dev:effH4 × rank:dayrange,6,sharpe,299.1,36.2,8.3,13/19,-12.4,0.69
dev:effH4 × dev:dayrange,6,sharpe,296.4,31.3,9.5,14/19,-10.3,0.69
dev:effH4 × rank:hour,6,sharpe,299.6,29.2,10.3,14/19,-10.4,0.71
dev:effH4 × rank:posH4,6,sharpe,293.0,34.4,8.5,14/19,-6.9,0.69
dev:effH4 × dev:posH4,6,sharpe,299.5,35.2,8.5,14/19,-9.9,0.72
dev:effH4 × rank:distD1,6,sharpe,285.7,34.9,8.2,14/19,-10.9,0.69
dev:effH4 × dev:distD1,6,sharpe,291.8,29.3,10.0,14/19,-9.8,0.74
dev:effH4 × rank:volume,6,sharpe,300.9,32.2,9.3,14/19,-10.4,0.73
dev:effH4 × dev:volume,6,sharpe,315.3,31.1,10.1,14/19,-11.4,0.73
dev:effH4 × rank:squeezeH1,6,sharpe,266.4,36.9,7.2,13/19,-9.1,0.68
dev:effH4 × dev:squeezeH1,6,sharpe,281.7,32.3,8.7,14/19,-9.8,0.68
rank:stackH4 × rank:ribbonD1,6,sharpe,277.5,38.3,7.2,14/19,-12.4,0.72
rank:stackH4 × dev:ribbonD1,6,sharpe,266.7,36.7,7.3,13/19,-10.8,0.7
rank:stackH4 × rank:dayrange,6,sharpe,301.1,31.2,9.7,15/19,-11.1,0.74
rank:stackH4 × dev:dayrange,6,sharpe,282.4,34.8,8.1,14/19,-11.8,0.67
rank:stackH4 × rank:hour,6,sharpe,293.9,29.3,10.0,15/19,-12.4,0.68
rank:stackH4 × rank:posH4,6,sharpe,324.8,38.4,8.5,13/19,-10.3,0.7
rank:stackH4 × dev:posH4,6,sharpe,308.4,34.0,9.1,14/19,-9.9,0.72
rank:stackH4 × rank:distD1,6,sharpe,301.1,38.7,7.8,14/19,-11.9,0.72
rank:stackH4 × dev:distD1,6,sharpe,312.3,33.3,9.4,14/19,-11.3,0.74
rank:stackH4 × rank:volume,6,sharpe,303.2,33.1,9.2,15/19,-13.0,0.73
rank:stackH4 × dev:volume,6,sharpe,320.9,31.8,10.1,14/19,-11.4,0.76
rank:stackH4 × rank:squeezeH1,6,sharpe,247.7,42.3,5.9,14/19,-11.0,0.63
rank:stackH4 × dev:squeezeH1,6,sharpe,266.4,39.6,6.7,14/19,-11.5,0.66
rank:ribbonD1 × dev:ribbonD1,6,sharpe,272.7,41.1,6.6,14/19,-11.3,0.69
rank:ribbonD1 × rank:dayrange,6,sharpe,275.2,33.5,8.2,13/19,-10.9,0.7
rank:ribbonD1 × dev:dayrange,6,sharpe,293.5,34.6,8.5,14/19,-12.4,0.71
rank:ribbonD1 × rank:hour,6,sharpe,283.7,33.1,8.6,14/19,-10.8,0.72
rank:ribbonD1 × rank:posH4,6,sharpe,295.4,35.3,8.4,14/19,-11.3,0.74
rank:ribbonD1 × dev:posH4,6,sharpe,294.3,33.0,8.9,15/19,-10.3,0.73
rank:ribbonD1 × rank:distD1,6,sharpe,263.6,37.5,7.0,14/19,-10.5,0.66
rank:ribbonD1 × dev:distD1,6,sharpe,268.0,35.6,7.5,14/19,-10.3,0.69
rank:ribbonD1 × rank:volume,6,sharpe,285.7,38.0,7.5,14/19,-12.3,0.67
rank:ribbonD1 × dev:volume,6,sharpe,290.4,39.2,7.4,14/19,-10.3,0.7
rank:ribbonD1 × rank:squeezeH1,6,sharpe,270.6,32.2,8.4,14/19,-11.3,0.7
rank:ribbonD1 × dev:squeezeH1,6,sharpe,262.5,33.5,7.8,14/19,-11.9,0.71
dev:ribbonD1 × rank:dayrange,6,sharpe,271.1,36.2,7.5,13/19,-8.4,0.68
dev:ribbonD1 × dev:dayrange,6,sharpe,268.6,34.4,7.8,13/19,-9.9,0.69
dev:ribbonD1 × rank:hour,6,sharpe,292.6,36.0,8.1,14/19,-13.4,0.69
dev:ribbonD1 × rank:posH4,6,sharpe,285.9,29.3,9.8,13/19,-10.8,0.7
dev:ribbonD1 × dev:posH4,6,sharpe,281.7,35.0,8.0,14/19,-10.8,0.69
dev:ribbonD1 × rank:distD1,6,sharpe,276.8,31.6,8.8,14/19,-11.8,0.73
dev:ribbonD1 × dev:distD1,6,sharpe,293.6,35.2,8.3,14/19,-12.4,0.76
dev:ribbonD1 × rank:volume,6,sharpe,288.6,33.8,8.5,14/19,-11.9,0.7
dev:ribbonD1 × dev:volume,6,sharpe,298.1,36.8,8.1,14/19,-11.5,0.73
dev:ribbonD1 × rank:squeezeH1,6,sharpe,275.2,30.8,8.9,13/19,-11.3,0.67
dev:ribbonD1 × dev:squeezeH1,6,sharpe,277.3,29.2,9.5,14/19,-9.4,0.69
rank:dayrange × dev:dayrange,6,sharpe,285.5,36.7,7.8,14/19,-10.9,0.7
rank:dayrange × rank:hour,6,sharpe,273.5,32.4,8.4,14/19,-9.9,0.68
rank:dayrange × rank:posH4,6,sharpe,300.6,35.1,8.6,14/19,-10.7,0.77
rank:dayrange × dev:posH4,6,sharpe,289.6,30.8,9.4,14/19,-9.3,0.74
rank:dayrange × rank:distD1,6,sharpe,285.2,31.6,9.0,14/19,-12.1,0.71
rank:dayrange × dev:distD1,6,sharpe,270.6,34.2,7.9,14/19,-11.8,0.66
rank:dayrange × rank:volume,6,sharpe,297.1,33.3,8.9,14/19,-11.8,0.69
rank:dayrange × dev:volume,6,sharpe,308.1,32.8,9.4,14/19,-13.4,0.7
rank:dayrange × rank:squeezeH1,6,sharpe,275.5,36.5,7.5,13/19,-11.9,0.65
rank:dayrange × dev:squeezeH1,6,sharpe,289.9,35.0,8.3,14/19,-10.9,0.68
dev:dayrange × rank:hour,6,sharpe,291.5,30.5,9.6,14/19,-9.8,0.66
dev:dayrange × rank:posH4,6,sharpe,282.4,37.5,7.5,13/19,-10.4,0.66
dev:dayrange × dev:posH4,6,sharpe,303.6,32.9,9.2,14/19,-11.8,0.67
dev:dayrange × rank:distD1,6,sharpe,281.9,40.0,7.0,14/19,-11.8,0.63
dev:dayrange × dev:distD1,6,sharpe,289.1,35.3,8.2,14/19,-12.3,0.67
dev:dayrange × rank:volume,6,sharpe,305.4,36.3,8.4,14/19,-12.3,0.69
dev:dayrange × dev:volume,6,sharpe,302.0,34.0,8.9,14/19,-11.0,0.7
dev:dayrange × rank:squeezeH1,6,sharpe,271.6,42.2,6.4,14/19,-11.8,0.66
dev:dayrange × dev:squeezeH1,6,sharpe,292.5,34.3,8.5,14/19,-10.8,0.67
rank:hour × rank:posH4,6,sharpe,317.1,27.2,11.7,14/19,-9.2,0.74
rank:hour × dev:posH4,6,sharpe,310.1,32.2,9.6,15/19,-11.3,0.71
rank:hour × rank:distD1,6,sharpe,280.5,34.6,8.1,14/19,-11.4,0.68
rank:hour × dev:distD1,6,sharpe,301.7,33.9,8.9,14/19,-10.8,0.7
rank:hour × rank:volume,6,sharpe,334.2,31.1,10.7,14/19,-11.9,0.76
rank:hour × dev:volume,6,sharpe,312.2,29.1,10.7,15/19,-10.9,0.73
rank:hour × rank:squeezeH1,6,sharpe,296.4,31.5,9.4,14/19,-11.8,0.7
rank:hour × dev:squeezeH1,6,sharpe,310.1,36.5,8.5,14/19,-11.3,0.72
rank:posH4 × dev:posH4,6,sharpe,302.9,34.0,8.9,13/19,-10.3,0.7
rank:posH4 × rank:distD1,6,sharpe,305.9,33.6,9.1,14/19,-11.3,0.75
rank:posH4 × dev:distD1,6,sharpe,305.4,36.4,8.4,14/19,-9.9,0.72
rank:posH4 × rank:volume,6,sharpe,306.9,32.6,9.4,14/19,-9.4,0.74
rank:posH4 × dev:volume,6,sharpe,310.7,34.6,9.0,13/19,-9.9,0.7
rank:posH4 × rank:squeezeH1,6,sharpe,304.9,30.3,10.1,14/19,-10.4,0.76
rank:posH4 × dev:squeezeH1,6,sharpe,314.7,32.6,9.7,14/19,-9.9,0.75
dev:posH4 × rank:distD1,6,sharpe,313.7,37.5,8.4,14/19,-9.9,0.76
dev:posH4 × dev:distD1,6,sharpe,290.0,38.9,7.5,14/19,-8.5,0.71
dev:posH4 × rank:volume,6,sharpe,308.7,30.0,10.3,15/19,-10.4,0.73
dev:posH4 × dev:volume,6,sharpe,322.6,25.9,12.5,14/19,-9.5,0.73
dev:posH4 × rank:squeezeH1,6,sharpe,285.5,33.7,8.5,14/19,-10.5,0.68
dev:posH4 × dev:squeezeH1,6,sharpe,275.5,28.9,9.5,14/19,-8.4,0.71
rank:distD1 × dev:distD1,6,sharpe,302.0,33.3,9.1,14/19,-12.4,0.74
rank:distD1 × rank:volume,6,sharpe,279.8,38.0,7.4,14/19,-11.5,0.64
rank:distD1 × dev:volume,6,sharpe,312.7,39.8,7.9,14/19,-9.0,0.74
rank:distD1 × rank:squeezeH1,6,sharpe,277.3,32.6,8.5,14/19,-11.0,0.7
rank:distD1 × dev:squeezeH1,6,sharpe,280.1,33.4,8.4,14/19,-11.8,0.75
dev:distD1 × rank:volume,6,sharpe,271.8,34.3,7.9,14/19,-11.5,0.66
dev:distD1 × dev:volume,6,sharpe,323.6,35.9,9.0,14/19,-9.3,0.73
dev:distD1 × rank:squeezeH1,6,sharpe,272.6,30.3,9.0,14/19,-9.7,0.68
dev:distD1 × dev:squeezeH1,6,sharpe,276.5,27.4,10.1,14/19,-8.3,0.69
rank:volume × dev:volume,6,sharpe,315.3,33.7,9.4,14/19,-11.4,0.73
rank:volume × rank:squeezeH1,6,sharpe,270.8,35.1,7.7,14/19,-11.5,0.62
rank:volume × dev:squeezeH1,6,sharpe,277.1,36.6,7.6,14/19,-10.4,0.67
dev:volume × rank:squeezeH1,6,sharpe,280.6,35.5,7.9,14/19,-8.9,0.68
dev:volume × dev:squeezeH1,6,sharpe,276.5,34.4,8.0,14/19,-9.9,0.72
rank:squeezeH1 × dev:squeezeH1,6,sharpe,253.7,36.8,6.9,14/19,-11.0,0.68
none,3,mean,292.1,42.3,6.9,14/19,-11.8,0.7
rank:volH1,3,mean,282.0,41.6,6.8,14/19,-11.8,0.64
dev:volH1,3,mean,284.7,44.1,6.5,14/19,-11.8,0.66
rank:volH4,3,mean,302.9,43.8,6.9,14/19,-11.8,0.7
dev:volH4,3,mean,309.7,41.9,7.4,13/19,-12.4,0.68
rank:volD1,3,mean,306.5,43.0,7.1,14/19,-11.8,0.73
dev:volD1,3,mean,314.3,40.8,7.7,14/19,-11.8,0.7
rank:adxH1,3,mean,283.8,40.4,7.0,14/19,-10.4,0.62
dev:adxH1,3,mean,296.3,40.9,7.2,14/19,-11.9,0.66
rank:adxH4,3,mean,284.6,40.7,7.0,14/19,-11.8,0.7
dev:adxH4,3,mean,286.3,38.3,7.5,14/19,-10.9,0.7
rank:adxD1,3,mean,289.1,45.4,6.4,14/19,-11.8,0.7
dev:adxD1,3,mean,294.5,38.9,7.6,14/19,-12.4,0.68
rank:effH1,3,mean,300.3,37.0,8.1,14/19,-11.8,0.68
dev:effH1,3,mean,297.4,41.6,7.1,14/19,-11.8,0.67
rank:effH4,3,mean,282.7,42.3,6.7,14/19,-11.8,0.66
dev:effH4,3,mean,298.9,42.3,7.1,14/19,-10.4,0.69
rank:stackH4,3,mean,298.8,43.3,6.9,14/19,-11.8,0.7
rank:ribbonD1,3,mean,291.9,40.4,7.2,14/19,-11.8,0.68
dev:ribbonD1,3,mean,259.7,43.2,6.0,14/19,-11.8,0.63
rank:dayrange,3,mean,286.5,38.1,7.5,13/19,-10.9,0.67
dev:dayrange,3,mean,294.7,43.9,6.7,14/19,-11.8,0.66
rank:hour,3,mean,295.5,42.2,7.0,14/19,-11.8,0.66
rank:posH4,3,mean,312.5,40.4,7.7,14/19,-11.8,0.7
dev:posH4,3,mean,304.2,42.3,7.2,14/19,-11.8,0.66
rank:distD1,3,mean,285.4,41.8,6.8,13/19,-12.4,0.67
dev:distD1,3,mean,302.9,41.7,7.3,14/19,-9.9,0.66
rank:volume,3,mean,270.3,40.7,6.6,14/19,-12.4,0.64
dev:volume,3,mean,291.3,42.2,6.9,14/19,-11.8,0.65
rank:squeezeH1,3,mean,267.7,41.6,6.4,14/19,-11.8,0.63
dev:squeezeH1,3,mean,268.4,41.0,6.5,14/19,-11.8,0.64
rank:volH1 × dev:volH1,3,mean,277.2,43.9,6.3,14/19,-10.8,0.62
rank:volH1 × rank:volH4,3,mean,286.5,43.3,6.6,13/19,-11.4,0.66
rank:volH1 × dev:volH4,3,mean,294.9,44.2,6.7,13/19,-11.8,0.64
rank:volH1 × rank:volD1,3,mean,296.3,33.4,8.9,14/19,-11.3,0.67
rank:volH1 × dev:volD1,3,mean,280.9,38.6,7.3,14/19,-11.3,0.67
rank:volH1 × rank:adxH1,3,mean,289.1,36.3,8.0,14/19,-11.0,0.67
rank:volH1 × dev:adxH1,3,mean,262.7,37.3,7.0,13/19,-11.8,0.64
rank:volH1 × rank:adxH4,3,mean,290.7,38.3,7.6,13/19,-11.9,0.73
rank:volH1 × dev:adxH4,3,mean,305.5,39.5,7.7,13/19,-11.8,0.68
rank:volH1 × rank:adxD1,3,mean,301.9,40.1,7.5,14/19,-9.9,0.71
rank:volH1 × dev:adxD1,3,mean,293.0,40.4,7.3,14/19,-10.8,0.68
rank:volH1 × rank:effH1,3,mean,295.5,38.8,7.6,13/19,-11.8,0.67
rank:volH1 × dev:effH1,3,mean,272.2,43.7,6.2,13/19,-10.8,0.62
rank:volH1 × rank:effH4,3,mean,282.2,44.2,6.4,14/19,-10.8,0.62
rank:volH1 × dev:effH4,3,mean,289.9,43.1,6.7,14/19,-9.9,0.67
rank:volH1 × rank:stackH4,3,mean,288.9,37.6,7.7,14/19,-11.8,0.66
rank:volH1 × rank:ribbonD1,3,mean,260.8,40.7,6.4,14/19,-11.3,0.64
rank:volH1 × dev:ribbonD1,3,mean,297.1,38.2,7.8,14/19,-12.4,0.64
rank:volH1 × rank:dayrange,3,mean,297.8,39.1,7.6,13/19,-11.8,0.65
rank:volH1 × dev:dayrange,3,mean,283.0,43.6,6.5,14/19,-10.8,0.62
rank:volH1 × rank:hour,3,mean,306.6,36.5,8.4,13/19,-10.8,0.65
rank:volH1 × rank:posH4,3,mean,301.9,38.6,7.8,13/19,-11.3,0.69
rank:volH1 × dev:posH4,3,mean,304.7,38.9,7.8,14/19,-11.3,0.67
rank:volH1 × rank:distD1,3,mean,269.6,42.9,6.3,13/19,-11.8,0.62
rank:volH1 × dev:distD1,3,mean,283.1,39.9,7.1,14/19,-9.9,0.66
rank:volH1 × rank:volume,3,mean,286.5,42.3,6.8,14/19,-10.8,0.62
rank:volH1 × dev:volume,3,mean,298.2,43.1,6.9,14/19,-10.3,0.68
rank:volH1 × rank:squeezeH1,3,mean,254.9,42.7,6.0,13/19,-10.8,0.61
rank:volH1 × dev:squeezeH1,3,mean,263.1,44.1,6.0,13/19,-10.8,0.62
dev:volH1 × rank:volH4,3,mean,304.9,42.1,7.2,14/19,-12.4,0.65
dev:volH1 × dev:volH4,3,mean,312.8,44.3,7.1,14/19,-11.9,0.65
dev:volH1 × rank:volD1,3,mean,295.6,39.8,7.4,14/19,-11.8,0.66
dev:volH1 × dev:volD1,3,mean,291.8,44.0,6.6,14/19,-10.9,0.66
dev:volH1 × rank:adxH1,3,mean,279.5,42.9,6.5,14/19,-10.4,0.62
dev:volH1 × dev:adxH1,3,mean,305.4,41.9,7.3,14/19,-10.9,0.64
dev:volH1 × rank:adxH4,3,mean,292.5,40.1,7.3,14/19,-11.9,0.68
dev:volH1 × dev:adxH4,3,mean,291.1,41.6,7.0,13/19,-10.9,0.66
dev:volH1 × rank:adxD1,3,mean,291.2,38.0,7.7,14/19,-10.5,0.67
dev:volH1 × dev:adxD1,3,mean,291.4,42.9,6.8,14/19,-10.3,0.68
dev:volH1 × rank:effH1,3,mean,308.1,36.0,8.6,14/19,-11.9,0.68
dev:volH1 × dev:effH1,3,mean,284.2,43.9,6.5,14/19,-11.8,0.63
dev:volH1 × rank:effH4,3,mean,290.5,42.9,6.8,14/19,-10.8,0.62
dev:volH1 × dev:effH4,3,mean,290.2,43.4,6.7,14/19,-9.9,0.67
dev:volH1 × rank:stackH4,3,mean,286.3,44.1,6.5,14/19,-11.8,0.66
dev:volH1 × rank:ribbonD1,3,mean,266.0,41.8,6.4,13/19,-12.4,0.62
dev:volH1 × dev:ribbonD1,3,mean,275.1,39.2,7.0,14/19,-11.8,0.64
dev:volH1 × rank:dayrange,3,mean,293.3,40.6,7.2,13/19,-10.9,0.67
dev:volH1 × dev:dayrange,3,mean,290.7,43.9,6.6,14/19,-11.8,0.66
dev:volH1 × rank:hour,3,mean,298.0,36.1,8.3,14/19,-11.8,0.67
dev:volH1 × rank:posH4,3,mean,294.6,43.7,6.7,14/19,-10.9,0.68
dev:volH1 × dev:posH4,3,mean,297.4,42.7,7.0,14/19,-11.8,0.65
dev:volH1 × rank:distD1,3,mean,284.6,41.4,6.9,14/19,-11.8,0.68
dev:volH1 × dev:distD1,3,mean,279.3,43.1,6.5,14/19,-9.9,0.63
dev:volH1 × rank:volume,3,mean,285.7,41.0,7.0,14/19,-10.8,0.66
dev:volH1 × dev:volume,3,mean,276.7,41.5,6.7,14/19,-12.4,0.66
dev:volH1 × rank:squeezeH1,3,mean,273.6,45.4,6.0,14/19,-10.9,0.61
dev:volH1 × dev:squeezeH1,3,mean,298.3,41.0,7.3,13/19,-10.9,0.68
rank:volH4 × dev:volH4,3,mean,298.3,43.0,6.9,13/19,-12.4,0.7
rank:volH4 × rank:volD1,3,mean,300.7,37.6,8.0,14/19,-11.8,0.71
rank:volH4 × dev:volD1,3,mean,301.0,44.2,6.8,14/19,-11.8,0.67
rank:volH4 × rank:adxH1,3,mean,276.1,40.1,6.9,13/19,-11.8,0.65
rank:volH4 × dev:adxH1,3,mean,301.8,43.9,6.9,14/19,-11.8,0.66
rank:volH4 × rank:adxH4,3,mean,278.2,42.6,6.5,14/19,-11.8,0.67
rank:volH4 × dev:adxH4,3,mean,310.0,39.5,7.8,14/19,-11.8,0.71
rank:volH4 × rank:adxD1,3,mean,268.5,44.6,6.0,14/19,-11.8,0.65
rank:volH4 × dev:adxD1,3,mean,273.8,40.9,6.7,13/19,-11.3,0.64
rank:volH4 × rank:effH1,3,mean,334.2,40.5,8.3,14/19,-11.8,0.71
rank:volH4 × dev:effH1,3,mean,304.9,43.8,7.0,14/19,-11.8,0.72
rank:volH4 × rank:effH4,3,mean,279.1,42.7,6.5,14/19,-10.4,0.65
rank:volH4 × dev:effH4,3,mean,316.1,41.4,7.6,14/19,-12.4,0.73
rank:volH4 × rank:stackH4,3,mean,302.9,43.8,6.9,14/19,-11.8,0.7
rank:volH4 × rank:ribbonD1,3,mean,264.6,41.2,6.4,14/19,-11.8,0.67
rank:volH4 × dev:ribbonD1,3,mean,287.2,41.8,6.9,13/19,-12.4,0.66
rank:volH4 × rank:dayrange,3,mean,299.9,43.8,6.8,14/19,-10.9,0.66
rank:volH4 × dev:dayrange,3,mean,301.8,40.1,7.5,14/19,-11.8,0.69
rank:volH4 × rank:hour,3,mean,293.1,44.8,6.5,14/19,-10.9,0.67
rank:volH4 × rank:posH4,3,mean,306.8,37.7,8.1,14/19,-10.8,0.72
rank:volH4 × dev:posH4,3,mean,313.6,44.2,7.1,14/19,-12.4,0.7
rank:volH4 × rank:distD1,3,mean,277.1,42.5,6.5,14/19,-11.0,0.64
rank:volH4 × dev:distD1,3,mean,286.0,41.7,6.9,14/19,-11.3,0.7
rank:volH4 × rank:volume,3,mean,294.0,42.0,7.0,14/19,-11.8,0.66
rank:volH4 × dev:volume,3,mean,322.8,45.2,7.1,14/19,-11.8,0.71
rank:volH4 × rank:squeezeH1,3,mean,283.4,44.0,6.4,13/19,-11.0,0.67
rank:volH4 × dev:squeezeH1,3,mean,292.3,44.2,6.6,13/19,-11.8,0.66
dev:volH4 × rank:volD1,3,mean,310.8,43.6,7.1,14/19,-12.4,0.72
dev:volH4 × dev:volD1,3,mean,296.0,39.6,7.5,14/19,-12.4,0.68
dev:volH4 × rank:adxH1,3,mean,289.1,41.8,6.9,14/19,-10.4,0.65
dev:volH4 × dev:adxH1,3,mean,302.0,37.7,8.0,14/19,-12.4,0.69
dev:volH4 × rank:adxH4,3,mean,296.4,40.0,7.4,14/19,-9.9,0.66
dev:volH4 × dev:adxH4,3,mean,310.8,39.0,8.0,14/19,-11.4,0.67
dev:volH4 × rank:adxD1,3,mean,292.9,41.6,7.0,14/19,-12.4,0.66
dev:volH4 × dev:adxD1,3,mean,294.8,40.1,7.4,14/19,-12.4,0.68
dev:volH4 × rank:effH1,3,mean,314.6,36.9,8.5,13/19,-12.4,0.7
dev:volH4 × dev:effH1,3,mean,307.2,37.6,8.2,13/19,-12.4,0.7
dev:volH4 × rank:effH4,3,mean,268.2,40.4,6.6,14/19,-10.4,0.62
dev:volH4 × dev:effH4,3,mean,312.1,40.3,7.7,14/19,-10.9,0.7
dev:volH4 × rank:stackH4,3,mean,311.4,41.9,7.4,13/19,-12.4,0.68
dev:volH4 × rank:ribbonD1,3,mean,297.6,41.9,7.1,14/19,-12.4,0.68
dev:volH4 × dev:ribbonD1,3,mean,306.2,39.5,7.8,13/19,-12.4,0.66
dev:volH4 × rank:dayrange,3,mean,308.4,40.3,7.7,13/19,-12.4,0.69
dev:volH4 × dev:dayrange,3,mean,301.5,42.3,7.1,14/19,-12.4,0.67
dev:volH4 × rank:hour,3,mean,297.2,42.7,7.0,14/19,-11.3,0.63
dev:volH4 × rank:posH4,3,mean,304.8,41.0,7.4,13/19,-10.4,0.69
dev:volH4 × dev:posH4,3,mean,297.1,43.9,6.8,13/19,-12.4,0.64
dev:volH4 × rank:distD1,3,mean,306.6,41.3,7.4,14/19,-12.4,0.67
dev:volH4 × dev:distD1,3,mean,299.6,40.3,7.4,14/19,-12.4,0.69
dev:volH4 × rank:volume,3,mean,296.4,40.6,7.3,14/19,-11.8,0.66
dev:volH4 × dev:volume,3,mean,315.2,44.3,7.1,13/19,-12.4,0.71
dev:volH4 × rank:squeezeH1,3,mean,295.2,41.5,7.1,13/19,-11.8,0.66
dev:volH4 × dev:squeezeH1,3,mean,294.9,42.6,6.9,14/19,-11.8,0.67
rank:volD1 × dev:volD1,3,mean,318.6,39.6,8.0,14/19,-12.4,0.72
rank:volD1 × rank:adxH1,3,mean,302.9,39.8,7.6,13/19,-10.4,0.68
rank:volD1 × dev:adxH1,3,mean,300.7,42.4,7.1,14/19,-11.9,0.7
rank:volD1 × rank:adxH4,3,mean,320.4,32.7,9.8,14/19,-11.8,0.75
rank:volD1 × dev:adxH4,3,mean,307.6,41.0,7.5,14/19,-10.8,0.69
rank:volD1 × rank:adxD1,3,mean,271.0,41.3,6.6,14/19,-11.8,0.68
rank:volD1 × dev:adxD1,3,mean,298.3,40.7,7.3,14/19,-12.9,0.68
rank:volD1 × rank:effH1,3,mean,296.7,40.9,7.3,14/19,-11.8,0.68
rank:volD1 × dev:effH1,3,mean,298.7,42.3,7.1,14/19,-11.8,0.67
rank:volD1 × rank:effH4,3,mean,274.4,43.1,6.4,14/19,-11.8,0.64
rank:volD1 × dev:effH4,3,mean,262.6,42.3,6.2,14/19,-10.4,0.65
rank:volD1 × rank:stackH4,3,mean,304.7,42.8,7.1,14/19,-11.8,0.73
rank:volD1 × rank:ribbonD1,3,mean,262.3,41.1,6.4,14/19,-11.8,0.65
rank:volD1 × dev:ribbonD1,3,mean,266.8,44.0,6.1,14/19,-11.3,0.65
rank:volD1 × rank:dayrange,3,mean,305.2,40.6,7.5,14/19,-10.9,0.69
rank:volD1 × dev:dayrange,3,mean,299.9,41.3,7.3,14/19,-11.8,0.72
rank:volD1 × rank:hour,3,mean,294.5,42.7,6.9,14/19,-11.4,0.66
rank:volD1 × rank:posH4,3,mean,301.6,42.3,7.1,14/19,-10.4,0.72
rank:volD1 × dev:posH4,3,mean,303.6,39.4,7.7,14/19,-11.8,0.66
rank:volD1 × rank:distD1,3,mean,286.3,40.1,7.1,14/19,-12.4,0.67
rank:volD1 × dev:distD1,3,mean,306.8,43.4,7.1,14/19,-9.9,0.68
rank:volD1 × rank:volume,3,mean,297.2,41.8,7.1,14/19,-11.3,0.66
rank:volD1 × dev:volume,3,mean,304.4,42.3,7.2,14/19,-10.9,0.69
rank:volD1 × rank:squeezeH1,3,mean,255.6,39.5,6.5,14/19,-11.8,0.66
rank:volD1 × dev:squeezeH1,3,mean,279.6,41.1,6.8,14/19,-11.8,0.65
dev:volD1 × rank:adxH1,3,mean,288.3,31.9,9.0,15/19,-11.0,0.7
dev:volD1 × dev:adxH1,3,mean,299.1,39.4,7.6,14/19,-10.9,0.7
dev:volD1 × rank:adxH4,3,mean,316.8,36.1,8.8,14/19,-9.9,0.75
dev:volD1 × dev:adxH4,3,mean,296.4,36.7,8.1,14/19,-10.4,0.74
dev:volD1 × rank:adxD1,3,mean,292.9,39.2,7.5,14/19,-11.8,0.72
dev:volD1 × dev:adxD1,3,mean,285.7,40.1,7.1,14/19,-12.4,0.67
dev:volD1 × rank:effH1,3,mean,291.8,35.9,8.1,14/19,-12.9,0.73
dev:volD1 × dev:effH1,3,mean,306.1,38.2,8.0,14/19,-10.8,0.7
dev:volD1 × rank:effH4,3,mean,258.8,40.1,6.5,14/19,-9.9,0.65
dev:volD1 × dev:effH4,3,mean,260.2,39.1,6.7,14/19,-9.9,0.64
dev:volD1 × rank:stackH4,3,mean,311.5,37.9,8.2,14/19,-11.8,0.7
dev:volD1 × rank:ribbonD1,3,mean,285.4,38.0,7.5,14/19,-11.8,0.7
dev:volD1 × dev:ribbonD1,3,mean,276.8,39.6,7.0,14/19,-11.3,0.64
dev:volD1 × rank:dayrange,3,mean,289.4,38.2,7.6,14/19,-10.9,0.69
dev:volD1 × dev:dayrange,3,mean,295.3,39.3,7.5,14/19,-11.8,0.74
dev:volD1 × rank:hour,3,mean,311.6,39.0,8.0,14/19,-12.4,0.7
dev:volD1 × rank:posH4,3,mean,304.4,39.9,7.6,14/19,-10.8,0.68
dev:volD1 × dev:posH4,3,mean,295.9,39.6,7.5,14/19,-10.4,0.67
dev:volD1 × rank:distD1,3,mean,278.8,36.4,7.7,14/19,-10.9,0.66
dev:volD1 × dev:distD1,3,mean,309.9,39.2,7.9,14/19,-11.3,0.67
dev:volD1 × rank:volume,3,mean,262.8,42.5,6.2,14/19,-11.8,0.62
dev:volD1 × dev:volume,3,mean,318.1,36.1,8.8,14/19,-10.8,0.7
dev:volD1 × rank:squeezeH1,3,mean,286.2,43.8,6.5,14/19,-10.9,0.67
dev:volD1 × dev:squeezeH1,3,mean,286.0,37.1,7.7,14/19,-12.9,0.67
rank:adxH1 × dev:adxH1,3,mean,294.0,37.4,7.9,14/19,-10.4,0.64
rank:adxH1 × rank:adxH4,3,mean,308.2,29.1,10.6,14/19,-9.7,0.71
rank:adxH1 × dev:adxH4,3,mean,290.5,41.0,7.1,13/19,-9.9,0.64
rank:adxH1 × rank:adxD1,3,mean,277.5,38.9,7.1,14/19,-10.4,0.63
rank:adxH1 × dev:adxD1,3,mean,296.6,37.5,7.9,14/19,-9.4,0.68
rank:adxH1 × rank:effH1,3,mean,289.5,33.1,8.7,14/19,-10.4,0.63
rank:adxH1 × dev:effH1,3,mean,290.7,37.6,7.7,14/19,-11.0,0.65
rank:adxH1 × rank:effH4,3,mean,285.7,40.1,7.1,14/19,-10.4,0.63
rank:adxH1 × dev:effH4,3,mean,283.7,43.5,6.5,13/19,-10.4,0.62
rank:adxH1 × rank:stackH4,3,mean,284.6,40.4,7.0,14/19,-10.4,0.63
rank:adxH1 × rank:ribbonD1,3,mean,270.6,39.5,6.9,14/19,-11.0,0.63
rank:adxH1 × dev:ribbonD1,3,mean,262.7,41.1,6.4,14/19,-12.4,0.62
rank:adxH1 × rank:dayrange,3,mean,283.9,40.4,7.0,14/19,-10.4,0.63
rank:adxH1 × dev:dayrange,3,mean,298.1,41.9,7.1,14/19,-10.4,0.64
rank:adxH1 × rank:hour,3,mean,292.4,38.9,7.5,14/19,-10.4,0.64
rank:adxH1 × rank:posH4,3,mean,299.6,43.2,6.9,13/19,-10.4,0.64
rank:adxH1 × dev:posH4,3,mean,289.7,33.6,8.6,13/19,-10.4,0.65
rank:adxH1 × rank:distD1,3,mean,261.5,40.8,6.4,14/19,-10.0,0.6
rank:adxH1 × dev:distD1,3,mean,289.0,43.7,6.6,14/19,-9.9,0.64
rank:adxH1 × rank:volume,3,mean,273.2,40.4,6.8,14/19,-10.4,0.62
rank:adxH1 × dev:volume,3,mean,285.4,40.3,7.1,14/19,-10.4,0.65
rank:adxH1 × rank:squeezeH1,3,mean,275.6,43.7,6.3,14/19,-11.0,0.62
rank:adxH1 × dev:squeezeH1,3,mean,265.0,37.5,7.1,14/19,-11.8,0.6
dev:adxH1 × rank:adxH4,3,mean,288.5,39.0,7.4,14/19,-11.8,0.68
dev:adxH1 × dev:adxH4,3,mean,301.2,35.4,8.5,14/19,-11.9,0.68
dev:adxH1 × rank:adxD1,3,mean,283.8,41.0,6.9,14/19,-10.4,0.68
dev:adxH1 × dev:adxD1,3,mean,285.7,41.7,6.9,14/19,-12.4,0.65
dev:adxH1 × rank:effH1,3,mean,281.6,37.7,7.5,14/19,-11.9,0.63
dev:adxH1 × dev:effH1,3,mean,298.4,39.5,7.6,14/19,-11.9,0.66
dev:adxH1 × rank:effH4,3,mean,283.1,42.7,6.6,14/19,-12.4,0.64
dev:adxH1 × dev:effH4,3,mean,289.3,42.7,6.8,13/19,-10.9,0.64
dev:adxH1 × rank:stackH4,3,mean,295.8,40.9,7.2,14/19,-11.9,0.66
dev:adxH1 × rank:ribbonD1,3,mean,274.1,39.8,6.9,14/19,-11.8,0.62
dev:adxH1 × dev:ribbonD1,3,mean,279.6,41.1,6.8,14/19,-10.9,0.67
dev:adxH1 × rank:dayrange,3,mean,271.8,37.9,7.2,13/19,-11.9,0.64
dev:adxH1 × dev:dayrange,3,mean,285.9,44.4,6.4,14/19,-11.9,0.63
dev:adxH1 × rank:hour,3,mean,284.4,39.8,7.1,14/19,-11.8,0.65
dev:adxH1 × rank:posH4,3,mean,299.5,42.7,7.0,14/19,-11.9,0.67
dev:adxH1 × dev:posH4,3,mean,317.0,40.9,7.8,14/19,-11.9,0.7
dev:adxH1 × rank:distD1,3,mean,285.1,41.8,6.8,14/19,-10.8,0.63
dev:adxH1 × dev:distD1,3,mean,290.9,39.1,7.4,13/19,-10.8,0.64
dev:adxH1 × rank:volume,3,mean,276.2,42.1,6.6,14/19,-10.8,0.61
dev:adxH1 × dev:volume,3,mean,282.3,39.3,7.2,14/19,-10.9,0.65
dev:adxH1 × rank:squeezeH1,3,mean,259.3,44.0,5.9,13/19,-11.9,0.62
dev:adxH1 × dev:squeezeH1,3,mean,273.7,42.7,6.4,14/19,-11.8,0.64
rank:adxH4 × dev:adxH4,3,mean,280.8,38.3,7.3,14/19,-9.9,0.7
rank:adxH4 × rank:adxD1,3,mean,291.8,40.3,7.2,14/19,-10.4,0.74
rank:adxH4 × dev:adxD1,3,mean,293.9,37.2,7.9,14/19,-12.4,0.68
rank:adxH4 × rank:effH1,3,mean,297.9,41.2,7.2,14/19,-11.8,0.66
rank:adxH4 × dev:effH1,3,mean,302.4,39.8,7.6,14/19,-11.8,0.69
rank:adxH4 × rank:effH4,3,mean,270.2,44.0,6.1,14/19,-11.8,0.67
rank:adxH4 × dev:effH4,3,mean,289.0,43.2,6.7,14/19,-10.4,0.69
rank:adxH4 × rank:stackH4,3,mean,286.5,40.7,7.0,14/19,-11.8,0.71
rank:adxH4 × rank:ribbonD1,3,mean,284.8,37.4,7.6,14/19,-11.8,0.68
rank:adxH4 × dev:ribbonD1,3,mean,265.5,41.3,6.4,14/19,-11.8,0.6
rank:adxH4 × rank:dayrange,3,mean,311.1,35.7,8.7,14/19,-11.8,0.73
rank:adxH4 × dev:dayrange,3,mean,313.3,36.8,8.5,14/19,-11.8,0.7
rank:adxH4 × rank:hour,3,mean,275.6,40.3,6.8,14/19,-10.8,0.66
rank:adxH4 × rank:posH4,3,mean,296.1,43.8,6.8,14/19,-9.9,0.69
rank:adxH4 × dev:posH4,3,mean,291.7,40.4,7.2,14/19,-10.8,0.69
rank:adxH4 × rank:distD1,3,mean,265.1,39.9,6.6,12/19,-12.4,0.65
rank:adxH4 × dev:distD1,3,mean,287.0,41.7,6.9,14/19,-10.3,0.66
rank:adxH4 × rank:volume,3,mean,302.4,43.3,7.0,14/19,-11.8,0.68
rank:adxH4 × dev:volume,3,mean,291.9,41.3,7.1,14/19,-10.4,0.7
rank:adxH4 × rank:squeezeH1,3,mean,275.2,37.7,7.3,14/19,-11.8,0.66
rank:adxH4 × dev:squeezeH1,3,mean,274.6,36.5,7.5,14/19,-10.4,0.69
dev:adxH4 × rank:adxD1,3,mean,288.7,41.8,6.9,14/19,-11.8,0.65
dev:adxH4 × dev:adxD1,3,mean,294.1,38.8,7.6,14/19,-10.4,0.68
dev:adxH4 × rank:effH1,3,mean,291.4,37.4,7.8,14/19,-11.8,0.65
dev:adxH4 × dev:effH1,3,mean,287.7,41.9,6.9,14/19,-10.8,0.67
dev:adxH4 × rank:effH4,3,mean,279.9,40.1,7.0,13/19,-9.9,0.64
dev:adxH4 × dev:effH4,3,mean,288.2,39.9,7.2,14/19,-9.9,0.67
dev:adxH4 × rank:stackH4,3,mean,286.3,38.3,7.5,14/19,-10.9,0.7
dev:adxH4 × rank:ribbonD1,3,mean,270.1,35.6,7.6,14/19,-11.9,0.66
dev:adxH4 × dev:ribbonD1,3,mean,275.0,43.2,6.4,14/19,-11.8,0.66
dev:adxH4 × rank:dayrange,3,mean,311.3,37.6,8.3,14/19,-11.8,0.71
dev:adxH4 × dev:dayrange,3,mean,296.2,36.7,8.1,14/19,-11.8,0.69
dev:adxH4 × rank:hour,3,mean,304.0,39.5,7.7,14/19,-11.8,0.69
dev:adxH4 × rank:posH4,3,mean,310.7,38.1,8.2,14/19,-9.4,0.71
dev:adxH4 × dev:posH4,3,mean,311.1,37.2,8.4,14/19,-9.9,0.7
dev:adxH4 × rank:distD1,3,mean,292.1,40.0,7.3,14/19,-9.9,0.68
dev:adxH4 × dev:distD1,3,mean,285.2,42.3,6.7,14/19,-9.9,0.65
dev:adxH4 × rank:volume,3,mean,300.8,37.3,8.1,14/19,-10.4,0.68
dev:adxH4 × dev:volume,3,mean,297.1,37.3,8.0,14/19,-10.4,0.67
dev:adxH4 × rank:squeezeH1,3,mean,307.8,42.3,7.3,14/19,-11.8,0.69
dev:adxH4 × dev:squeezeH1,3,mean,314.0,35.4,8.9,14/19,-11.8,0.69
rank:adxD1 × dev:adxD1,3,mean,304.0,38.0,8.0,14/19,-10.3,0.71
rank:adxD1 × rank:effH1,3,mean,297.3,40.9,7.3,14/19,-11.8,0.69
rank:adxD1 × dev:effH1,3,mean,274.9,39.5,7.0,14/19,-11.8,0.68
rank:adxD1 × rank:effH4,3,mean,284.9,37.9,7.5,14/19,-10.4,0.71
rank:adxD1 × dev:effH4,3,mean,282.8,42.1,6.7,13/19,-11.8,0.69
rank:adxD1 × rank:stackH4,3,mean,286.7,45.4,6.3,14/19,-11.8,0.7
rank:adxD1 × rank:ribbonD1,3,mean,293.4,43.5,6.7,14/19,-11.8,0.69
rank:adxD1 × dev:ribbonD1,3,mean,272.5,39.2,7.0,13/19,-11.3,0.68
rank:adxD1 × rank:dayrange,3,mean,288.9,41.4,7.0,14/19,-10.4,0.7
rank:adxD1 × dev:dayrange,3,mean,311.6,40.7,7.7,14/19,-10.8,0.72
rank:adxD1 × rank:hour,3,mean,284.8,39.7,7.2,13/19,-10.8,0.69
rank:adxD1 × rank:posH4,3,mean,318.3,42.3,7.5,14/19,-9.9,0.73
rank:adxD1 × dev:posH4,3,mean,301.3,40.1,7.5,14/19,-8.9,0.7
rank:adxD1 × rank:distD1,3,mean,282.6,41.4,6.8,14/19,-10.3,0.68
rank:adxD1 × dev:distD1,3,mean,291.9,42.0,7.0,14/19,-10.3,0.67
rank:adxD1 × rank:volume,3,mean,280.9,44.0,6.4,14/19,-10.8,0.64
rank:adxD1 × dev:volume,3,mean,304.8,44.4,6.9,14/19,-11.8,0.68
rank:adxD1 × rank:squeezeH1,3,mean,282.1,43.0,6.6,14/19,-10.4,0.69
rank:adxD1 × dev:squeezeH1,3,mean,286.9,39.5,7.3,14/19,-10.4,0.69
dev:adxD1 × rank:effH1,3,mean,303.0,40.9,7.4,14/19,-12.4,0.68
dev:adxD1 × dev:effH1,3,mean,289.0,35.4,8.2,14/19,-10.3,0.7
dev:adxD1 × rank:effH4,3,mean,284.6,38.1,7.5,14/19,-12.4,0.66
dev:adxD1 × dev:effH4,3,mean,297.0,41.3,7.2,14/19,-11.8,0.69
dev:adxD1 × rank:stackH4,3,mean,298.1,38.9,7.7,14/19,-12.4,0.69
dev:adxD1 × rank:ribbonD1,3,mean,271.2,40.3,6.7,14/19,-12.9,0.68
dev:adxD1 × dev:ribbonD1,3,mean,294.0,38.4,7.7,14/19,-12.4,0.72
dev:adxD1 × rank:dayrange,3,mean,294.7,40.6,7.3,14/19,-10.4,0.69
dev:adxD1 × dev:dayrange,3,mean,295.7,38.0,7.8,14/19,-11.3,0.68
dev:adxD1 × rank:hour,3,mean,277.8,40.0,6.9,14/19,-11.3,0.65
dev:adxD1 × rank:posH4,3,mean,301.1,42.8,7.0,13/19,-12.4,0.68
dev:adxD1 × dev:posH4,3,mean,290.5,40.0,7.3,14/19,-10.3,0.69
dev:adxD1 × rank:distD1,3,mean,274.1,37.9,7.2,14/19,-12.4,0.68
dev:adxD1 × dev:distD1,3,mean,298.4,41.3,7.2,14/19,-10.3,0.7
dev:adxD1 × rank:volume,3,mean,287.0,39.0,7.4,14/19,-11.3,0.64
dev:adxD1 × dev:volume,3,mean,307.7,39.7,7.8,14/19,-10.3,0.71
dev:adxD1 × rank:squeezeH1,3,mean,277.4,41.7,6.7,13/19,-11.3,0.65
dev:adxD1 × dev:squeezeH1,3,mean,300.1,35.8,8.4,13/19,-10.3,0.7
rank:effH1 × dev:effH1,3,mean,288.8,38.3,7.5,14/19,-11.0,0.66
rank:effH1 × rank:effH4,3,mean,278.7,43.7,6.4,14/19,-10.8,0.61
rank:effH1 × dev:effH4,3,mean,287.3,43.7,6.6,14/19,-10.4,0.64
rank:effH1 × rank:stackH4,3,mean,300.3,37.0,8.1,14/19,-11.8,0.68
rank:effH1 × rank:ribbonD1,3,mean,310.8,37.1,8.4,14/19,-11.8,0.71
rank:effH1 × dev:ribbonD1,3,mean,280.9,38.0,7.4,14/19,-11.3,0.67
rank:effH1 × rank:dayrange,3,mean,281.6,38.0,7.4,14/19,-11.8,0.65
rank:effH1 × dev:dayrange,3,mean,281.5,43.2,6.5,14/19,-11.8,0.63
rank:effH1 × rank:hour,3,mean,277.8,39.4,7.1,14/19,-11.8,0.62
rank:effH1 × rank:posH4,3,mean,312.2,44.9,7.0,14/19,-11.8,0.67
rank:effH1 × dev:posH4,3,mean,305.2,36.0,8.5,14/19,-10.8,0.66
rank:effH1 × rank:distD1,3,mean,296.0,41.6,7.1,14/19,-11.8,0.66
rank:effH1 × dev:distD1,3,mean,303.2,43.0,7.1,14/19,-9.9,0.64
rank:effH1 × rank:volume,3,mean,284.2,38.9,7.3,14/19,-11.8,0.67
rank:effH1 × dev:volume,3,mean,297.8,36.4,8.2,14/19,-11.8,0.68
rank:effH1 × rank:squeezeH1,3,mean,286.4,44.6,6.4,14/19,-11.8,0.66
rank:effH1 × dev:squeezeH1,3,mean,292.2,41.0,7.1,14/19,-10.9,0.66
dev:effH1 × rank:effH4,3,mean,270.0,40.9,6.6,14/19,-10.8,0.63
dev:effH1 × dev:effH4,3,mean,293.1,41.2,7.1,14/19,-9.9,0.67
dev:effH1 × rank:stackH4,3,mean,296.1,41.6,7.1,14/19,-11.8,0.67
dev:effH1 × rank:ribbonD1,3,mean,291.4,40.0,7.3,14/19,-11.8,0.66
dev:effH1 × dev:ribbonD1,3,mean,283.7,38.9,7.3,14/19,-12.4,0.66
dev:effH1 × rank:dayrange,3,mean,274.7,38.1,7.2,14/19,-10.5,0.65
dev:effH1 × dev:dayrange,3,mean,279.9,42.7,6.6,14/19,-11.8,0.65
dev:effH1 × rank:hour,3,mean,281.0,38.1,7.4,14/19,-10.8,0.67
dev:effH1 × rank:posH4,3,mean,311.4,39.9,7.8,14/19,-11.8,0.69
dev:effH1 × dev:posH4,3,mean,299.5,40.1,7.5,14/19,-11.8,0.64
dev:effH1 × rank:distD1,3,mean,283.4,40.3,7.0,14/19,-10.8,0.66
dev:effH1 × dev:distD1,3,mean,289.6,42.9,6.8,14/19,-10.8,0.65
dev:effH1 × rank:volume,3,mean,284.3,39.9,7.1,14/19,-11.8,0.68
dev:effH1 × dev:volume,3,mean,297.7,40.4,7.4,14/19,-11.8,0.68
dev:effH1 × rank:squeezeH1,3,mean,275.6,45.6,6.0,14/19,-11.8,0.64
dev:effH1 × dev:squeezeH1,3,mean,270.2,43.4,6.2,14/19,-11.8,0.62
rank:effH4 × dev:effH4,3,mean,282.8,42.3,6.7,14/19,-10.4,0.65
rank:effH4 × rank:stackH4,3,mean,278.0,42.3,6.6,14/19,-11.8,0.65
rank:effH4 × rank:ribbonD1,3,mean,242.0,43.2,5.6,14/19,-11.8,0.6
rank:effH4 × dev:ribbonD1,3,mean,281.2,43.4,6.5,14/19,-11.8,0.67
rank:effH4 × rank:dayrange,3,mean,273.7,41.2,6.6,13/19,-11.3,0.61
rank:effH4 × dev:dayrange,3,mean,279.8,43.2,6.5,14/19,-11.8,0.63
rank:effH4 × rank:hour,3,mean,277.3,39.8,7.0,14/19,-10.8,0.63
rank:effH4 × rank:posH4,3,mean,282.5,43.4,6.5,13/19,-10.7,0.62
rank:effH4 × dev:posH4,3,mean,287.2,42.5,6.8,14/19,-11.3,0.64
rank:effH4 × rank:distD1,3,mean,265.3,44.4,6.0,14/19,-10.8,0.62
rank:effH4 × dev:distD1,3,mean,291.3,41.3,7.1,14/19,-10.8,0.63
rank:effH4 × rank:volume,3,mean,265.5,42.1,6.3,14/19,-10.8,0.65
rank:effH4 × dev:volume,3,mean,278.9,41.3,6.8,14/19,-10.4,0.62
rank:effH4 × rank:squeezeH1,3,mean,254.3,43.6,5.8,14/19,-10.4,0.65
rank:effH4 × dev:squeezeH1,3,mean,272.9,41.8,6.5,14/19,-10.4,0.64
dev:effH4 × rank:stackH4,3,mean,295.6,42.3,7.0,14/19,-10.4,0.69
dev:effH4 × rank:ribbonD1,3,mean,260.7,43.3,6.0,14/19,-11.8,0.62
dev:effH4 × dev:ribbonD1,3,mean,285.4,42.7,6.7,14/19,-11.8,0.65
dev:effH4 × rank:dayrange,3,mean,297.5,40.2,7.4,14/19,-10.4,0.64
dev:effH4 × dev:dayrange,3,mean,286.8,41.2,7.0,14/19,-10.8,0.67
dev:effH4 × rank:hour,3,mean,302.4,41.6,7.3,14/19,-9.4,0.67
dev:effH4 × rank:posH4,3,mean,288.9,43.8,6.6,14/19,-9.9,0.67
dev:effH4 × dev:posH4,3,mean,305.2,42.3,7.2,14/19,-9.9,0.68
dev:effH4 × rank:distD1,3,mean,292.4,44.2,6.6,14/19,-9.9,0.71
dev:effH4 × dev:distD1,3,mean,301.3,43.2,7.0,14/19,-10.8,0.66
dev:effH4 × rank:volume,3,mean,284.8,39.7,7.2,14/19,-10.4,0.66
dev:effH4 × dev:volume,3,mean,307.1,42.1,7.3,14/19,-10.4,0.67
dev:effH4 × rank:squeezeH1,3,mean,276.7,40.3,6.9,14/19,-10.9,0.69
dev:effH4 × dev:squeezeH1,3,mean,288.8,42.3,6.8,14/19,-10.4,0.66
rank:stackH4 × rank:ribbonD1,3,mean,289.5,40.4,7.2,14/19,-11.8,0.68
rank:stackH4 × dev:ribbonD1,3,mean,256.0,42.1,6.1,14/19,-11.8,0.63
rank:stackH4 × rank:dayrange,3,mean,285.5,39.1,7.3,13/19,-10.9,0.67
rank:stackH4 × dev:dayrange,3,mean,288.7,43.9,6.6,14/19,-11.8,0.65
rank:stackH4 × rank:hour,3,mean,294.1,42.2,7.0,14/19,-11.8,0.65
rank:stackH4 × rank:posH4,3,mean,311.0,40.9,7.6,14/19,-11.8,0.69
rank:stackH4 × dev:posH4,3,mean,309.3,42.3,7.3,14/19,-11.8,0.66
rank:stackH4 × rank:distD1,3,mean,285.4,41.8,6.8,13/19,-12.4,0.67
rank:stackH4 × dev:distD1,3,mean,302.9,41.7,7.3,14/19,-9.9,0.66
rank:stackH4 × rank:volume,3,mean,267.3,40.7,6.6,14/19,-12.4,0.63
rank:stackH4 × dev:volume,3,mean,293.5,42.2,7.0,14/19,-11.8,0.66
rank:stackH4 × rank:squeezeH1,3,mean,264.2,44.5,5.9,14/19,-11.8,0.62
rank:stackH4 × dev:squeezeH1,3,mean,270.5,41.0,6.6,14/19,-11.8,0.65
rank:ribbonD1 × dev:ribbonD1,3,mean,276.2,42.8,6.5,14/19,-11.3,0.65
rank:ribbonD1 × rank:dayrange,3,mean,264.1,39.9,6.6,13/19,-10.4,0.66
rank:ribbonD1 × dev:dayrange,3,mean,278.4,39.4,7.1,14/19,-12.4,0.66
rank:ribbonD1 × rank:hour,3,mean,268.5,42.3,6.3,14/19,-11.8,0.64
rank:ribbonD1 × rank:posH4,3,mean,305.9,38.8,7.9,14/19,-11.3,0.71
rank:ribbonD1 × dev:posH4,3,mean,288.6,40.0,7.2,14/19,-11.3,0.64
rank:ribbonD1 × rank:distD1,3,mean,235.9,41.0,5.8,13/19,-12.4,0.59
rank:ribbonD1 × dev:distD1,3,mean,266.4,42.8,6.2,14/19,-10.3,0.63
rank:ribbonD1 × rank:volume,3,mean,277.8,41.0,6.8,14/19,-11.8,0.66
rank:ribbonD1 × dev:volume,3,mean,291.6,43.7,6.7,14/19,-11.8,0.69
rank:ribbonD1 × rank:squeezeH1,3,mean,275.9,40.0,6.9,14/19,-11.8,0.66
rank:ribbonD1 × dev:squeezeH1,3,mean,254.3,38.6,6.6,14/19,-11.8,0.65
dev:ribbonD1 × rank:dayrange,3,mean,262.7,39.4,6.7,14/19,-9.4,0.67
dev:ribbonD1 × dev:dayrange,3,mean,282.2,43.2,6.5,14/19,-12.4,0.66
dev:ribbonD1 × rank:hour,3,mean,292.3,40.6,7.2,14/19,-12.4,0.67
dev:ribbonD1 × rank:posH4,3,mean,295.3,40.0,7.4,14/19,-11.8,0.68
dev:ribbonD1 × dev:posH4,3,mean,287.6,43.2,6.7,14/19,-10.9,0.65
dev:ribbonD1 × rank:distD1,3,mean,257.6,42.3,6.1,14/19,-11.8,0.63
dev:ribbonD1 × dev:distD1,3,mean,269.8,42.3,6.4,14/19,-10.8,0.63
dev:ribbonD1 × rank:volume,3,mean,292.5,40.5,7.2,14/19,-11.3,0.65
dev:ribbonD1 × dev:volume,3,mean,292.1,43.8,6.7,14/19,-12.4,0.65
dev:ribbonD1 × rank:squeezeH1,3,mean,268.2,42.3,6.3,14/19,-12.4,0.66
dev:ribbonD1 × dev:squeezeH1,3,mean,284.1,40.9,6.9,14/19,-11.8,0.66
rank:dayrange × dev:dayrange,3,mean,289.6,38.6,7.5,13/19,-10.9,0.65
rank:dayrange × rank:hour,3,mean,283.5,35.3,8.0,14/19,-9.8,0.66
rank:dayrange × rank:posH4,3,mean,296.7,42.3,7.0,14/19,-9.4,0.67
rank:dayrange × dev:posH4,3,mean,291.1,38.4,7.6,14/19,-9.4,0.65
rank:dayrange × rank:distD1,3,mean,287.8,39.8,7.2,14/19,-11.8,0.67
rank:dayrange × dev:distD1,3,mean,295.4,37.9,7.8,13/19,-10.8,0.64
rank:dayrange × rank:volume,3,mean,297.6,39.3,7.6,13/19,-10.8,0.65
rank:dayrange × dev:volume,3,mean,298.1,38.4,7.8,14/19,-11.8,0.68
rank:dayrange × rank:squeezeH1,3,mean,284.5,44.1,6.5,13/19,-10.9,0.63
rank:dayrange × dev:squeezeH1,3,mean,291.3,41.1,7.1,13/19,-10.9,0.65
dev:dayrange × rank:hour,3,mean,299.2,36.9,8.1,14/19,-11.8,0.69
dev:dayrange × rank:posH4,3,mean,287.3,40.4,7.1,14/19,-11.8,0.67
dev:dayrange × dev:posH4,3,mean,297.8,40.4,7.4,14/19,-10.8,0.64
dev:dayrange × rank:distD1,3,mean,275.3,38.9,7.1,14/19,-11.8,0.62
dev:dayrange × dev:distD1,3,mean,285.2,41.3,6.9,14/19,-10.3,0.64
dev:dayrange × rank:volume,3,mean,297.6,41.2,7.2,14/19,-10.8,0.67
dev:dayrange × dev:volume,3,mean,301.5,39.9,7.6,14/19,-11.8,0.66
dev:dayrange × rank:squeezeH1,3,mean,270.7,46.4,5.8,14/19,-11.8,0.63
dev:dayrange × dev:squeezeH1,3,mean,267.8,45.9,5.8,14/19,-11.8,0.61
rank:hour × rank:posH4,3,mean,317.2,36.5,8.7,14/19,-9.4,0.7
rank:hour × dev:posH4,3,mean,294.7,37.4,7.9,14/19,-10.8,0.67
rank:hour × rank:distD1,3,mean,273.0,41.5,6.6,14/19,-10.8,0.61
rank:hour × dev:distD1,3,mean,310.4,42.7,7.3,14/19,-10.8,0.67
rank:hour × rank:volume,3,mean,289.8,41.6,7.0,14/19,-11.5,0.67
rank:hour × dev:volume,3,mean,303.6,40.3,7.5,14/19,-11.8,0.68
rank:hour × rank:squeezeH1,3,mean,299.3,40.8,7.3,14/19,-11.8,0.67
rank:hour × dev:squeezeH1,3,mean,301.2,42.7,7.1,14/19,-11.8,0.67
rank:posH4 × dev:posH4,3,mean,322.7,37.6,8.6,14/19,-10.4,0.69
rank:posH4 × rank:distD1,3,mean,302.0,43.4,7.0,14/19,-10.9,0.69
rank:posH4 × dev:distD1,3,mean,305.0,40.8,7.5,14/19,-11.8,0.69
rank:posH4 × rank:volume,3,mean,302.8,41.4,7.3,14/19,-9.9,0.66
rank:posH4 × dev:volume,3,mean,314.5,38.6,8.1,14/19,-10.9,0.72
rank:posH4 × rank:squeezeH1,3,mean,306.9,34.5,8.9,14/19,-11.8,0.72
rank:posH4 × dev:squeezeH1,3,mean,292.1,43.3,6.7,14/19,-10.4,0.68
dev:posH4 × rank:distD1,3,mean,285.9,40.9,7.0,13/19,-10.3,0.65
dev:posH4 × dev:distD1,3,mean,293.6,42.7,6.9,14/19,-9.9,0.66
dev:posH4 × rank:volume,3,mean,283.7,42.1,6.7,14/19,-10.8,0.67
dev:posH4 × dev:volume,3,mean,313.5,40.9,7.7,14/19,-10.9,0.7
dev:posH4 × rank:squeezeH1,3,mean,289.6,40.7,7.1,14/19,-11.8,0.65
dev:posH4 × dev:squeezeH1,3,mean,298.5,39.1,7.6,14/19,-10.9,0.66
rank:distD1 × dev:distD1,3,mean,286.7,41.7,6.9,14/19,-10.8,0.66
rank:distD1 × rank:volume,3,mean,291.5,41.3,7.1,14/19,-11.8,0.68
rank:distD1 × dev:volume,3,mean,285.0,41.4,6.9,13/19,-9.9,0.7
rank:distD1 × rank:squeezeH1,3,mean,258.3,41.2,6.3,14/19,-11.8,0.63
rank:distD1 × dev:squeezeH1,3,mean,266.2,44.4,6.0,14/19,-11.8,0.64
dev:distD1 × rank:volume,3,mean,295.5,43.6,6.8,14/19,-10.8,0.66
dev:distD1 × dev:volume,3,mean,304.4,43.7,7.0,14/19,-9.9,0.67
dev:distD1 × rank:squeezeH1,3,mean,276.5,40.0,6.9,14/19,-9.9,0.64
dev:distD1 × dev:squeezeH1,3,mean,275.7,39.3,7.0,14/19,-9.9,0.64
rank:volume × dev:volume,3,mean,295.1,40.7,7.3,14/19,-11.8,0.67
rank:volume × rank:squeezeH1,3,mean,272.7,43.8,6.2,14/19,-11.8,0.61
rank:volume × dev:squeezeH1,3,mean,273.8,41.0,6.7,14/19,-11.8,0.63
dev:volume × rank:squeezeH1,3,mean,292.3,42.5,6.9,14/19,-11.8,0.64
dev:volume × dev:squeezeH1,3,mean,293.0,38.6,7.6,14/19,-12.4,0.69
rank:squeezeH1 × dev:squeezeH1,3,mean,275.1,41.6,6.6,14/19,-11.8,0.63
none,3,sharpe,301.1,38.5,7.8,14/19,-12.8,0.72
rank:volH1,3,sharpe,301.3,33.6,9.0,14/19,-11.3,0.76
dev:volH1,3,sharpe,284.7,38.0,7.5,14/19,-11.3,0.68
rank:volH4,3,sharpe,288.1,40.8,7.1,14/19,-12.4,0.69
dev:volH4,3,sharpe,309.9,38.2,8.1,13/19,-10.9,0.75
rank:volD1,3,sharpe,309.9,38.6,8.0,14/19,-11.9,0.76
dev:volD1,3,sharpe,308.6,24.8,12.4,15/19,-11.4,0.86
rank:adxH1,3,sharpe,278.5,31.0,9.0,15/19,-11.3,0.67
dev:adxH1,3,sharpe,296.5,31.4,9.4,14/19,-11.3,0.7
rank:adxH4,3,sharpe,297.0,36.2,8.2,14/19,-11.4,0.75
dev:adxH4,3,sharpe,305.6,29.4,10.4,14/19,-10.9,0.78
rank:adxD1,3,sharpe,303.2,42.6,7.1,14/19,-12.4,0.75
dev:adxD1,3,sharpe,293.3,39.5,7.4,14/19,-13.9,0.76
rank:effH1,3,sharpe,279.2,34.7,8.0,14/19,-12.8,0.67
dev:effH1,3,sharpe,287.7,33.8,8.5,14/19,-12.8,0.74
rank:effH4,3,sharpe,283.6,34.6,8.2,14/19,-8.3,0.7
dev:effH4,3,sharpe,283.0,36.5,7.8,14/19,-9.2,0.7
rank:stackH4,3,sharpe,298.0,38.5,7.7,14/19,-12.8,0.72
rank:ribbonD1,3,sharpe,274.8,38.1,7.2,14/19,-12.4,0.7
dev:ribbonD1,3,sharpe,265.8,40.0,6.6,14/19,-9.9,0.69
rank:dayrange,3,sharpe,288.3,33.0,8.7,15/19,-10.9,0.75
dev:dayrange,3,sharpe,291.6,34.0,8.6,14/19,-12.9,0.7
rank:hour,3,sharpe,289.3,29.3,9.9,15/19,-12.4,0.72
rank:posH4,3,sharpe,317.3,39.0,8.1,14/19,-11.3,0.73
dev:posH4,3,sharpe,305.9,37.0,8.3,14/19,-9.9,0.71
rank:distD1,3,sharpe,289.6,39.4,7.4,14/19,-11.9,0.72
dev:distD1,3,sharpe,296.6,35.9,8.3,14/19,-11.3,0.73
rank:volume,3,sharpe,303.3,32.0,9.5,14/19,-13.0,0.75
dev:volume,3,sharpe,325.2,31.6,10.3,14/19,-11.4,0.77
rank:squeezeH1,3,sharpe,262.6,39.7,6.6,14/19,-11.0,0.69
dev:squeezeH1,3,sharpe,276.0,39.6,7.0,14/19,-12.5,0.68
rank:volH1 × dev:volH1,3,sharpe,290.3,33.6,8.6,14/19,-11.3,0.68
rank:volH1 × rank:volH4,3,sharpe,303.7,37.7,8.1,14/19,-11.4,0.74
rank:volH1 × dev:volH4,3,sharpe,283.0,33.9,8.3,14/19,-11.0,0.72
rank:volH1 × rank:volD1,3,sharpe,271.4,34.1,8.0,15/19,-10.3,0.7
rank:volH1 × dev:volD1,3,sharpe,275.6,32.1,8.6,15/19,-10.5,0.73
rank:volH1 × rank:adxH1,3,sharpe,305.7,30.8,9.9,15/19,-11.0,0.76
rank:volH1 × dev:adxH1,3,sharpe,285.4,33.9,8.4,14/19,-9.9,0.67
rank:volH1 × rank:adxH4,3,sharpe,296.0,37.2,8.0,14/19,-9.8,0.75
rank:volH1 × dev:adxH4,3,sharpe,290.2,38.8,7.5,14/19,-9.4,0.71
rank:volH1 × rank:adxD1,3,sharpe,295.2,31.4,9.4,14/19,-8.4,0.74
rank:volH1 × dev:adxD1,3,sharpe,288.0,36.3,7.9,14/19,-11.3,0.71
rank:volH1 × rank:effH1,3,sharpe,306.0,36.3,8.4,15/19,-11.8,0.69
rank:volH1 × dev:effH1,3,sharpe,292.0,35.4,8.2,14/19,-8.9,0.71
rank:volH1 × rank:effH4,3,sharpe,287.5,32.5,8.8,14/19,-8.9,0.72
rank:volH1 × dev:effH4,3,sharpe,300.8,34.0,8.8,14/19,-8.3,0.76
rank:volH1 × rank:stackH4,3,sharpe,302.2,32.7,9.2,14/19,-11.3,0.76
rank:volH1 × rank:ribbonD1,3,sharpe,267.7,34.6,7.7,14/19,-11.3,0.69
rank:volH1 × dev:ribbonD1,3,sharpe,262.2,30.9,8.5,15/19,-11.3,0.71
rank:volH1 × rank:dayrange,3,sharpe,292.3,33.2,8.8,14/19,-12.9,0.69
rank:volH1 × dev:dayrange,3,sharpe,276.5,36.9,7.5,14/19,-9.8,0.69
rank:volH1 × rank:hour,3,sharpe,318.5,32.7,9.7,15/19,-12.4,0.77
rank:volH1 × rank:posH4,3,sharpe,306.7,36.6,8.4,14/19,-8.2,0.74
rank:volH1 × dev:posH4,3,sharpe,302.7,34.7,8.7,14/19,-11.5,0.75
rank:volH1 × rank:distD1,3,sharpe,301.4,37.6,8.0,14/19,-10.4,0.76
rank:volH1 × dev:distD1,3,sharpe,284.7,34.1,8.3,13/19,-9.3,0.72
rank:volH1 × rank:volume,3,sharpe,289.4,34.6,8.4,14/19,-11.4,0.71
rank:volH1 × dev:volume,3,sharpe,313.9,31.9,9.8,14/19,-10.5,0.78
rank:volH1 × rank:squeezeH1,3,sharpe,262.5,40.9,6.4,14/19,-10.8,0.67
rank:volH1 × dev:squeezeH1,3,sharpe,260.1,36.9,7.0,14/19,-11.3,0.65
dev:volH1 × rank:volH4,3,sharpe,287.2,39.2,7.3,13/19,-12.4,0.69
dev:volH1 × dev:volH4,3,sharpe,305.0,34.2,8.9,14/19,-11.5,0.72
dev:volH1 × rank:volD1,3,sharpe,275.4,35.4,7.8,14/19,-10.3,0.7
dev:volH1 × dev:volD1,3,sharpe,299.0,26.3,11.4,15/19,-10.4,0.8
dev:volH1 × rank:adxH1,3,sharpe,281.7,30.3,9.3,14/19,-11.4,0.74
dev:volH1 × dev:adxH1,3,sharpe,305.6,31.4,9.7,14/19,-10.4,0.7
dev:volH1 × rank:adxH4,3,sharpe,286.9,36.8,7.8,14/19,-11.8,0.74
dev:volH1 × dev:adxH4,3,sharpe,301.7,34.1,8.8,14/19,-9.4,0.72
dev:volH1 × rank:adxD1,3,sharpe,288.9,35.3,8.2,14/19,-9.5,0.74
dev:volH1 × dev:adxD1,3,sharpe,304.5,42.5,7.2,14/19,-12.4,0.71
dev:volH1 × rank:effH1,3,sharpe,288.3,29.0,9.9,14/19,-11.8,0.69
dev:volH1 × dev:effH1,3,sharpe,291.6,35.4,8.2,14/19,-7.8,0.72
dev:volH1 × rank:effH4,3,sharpe,279.3,41.1,6.8,14/19,-10.3,0.68
dev:volH1 × dev:effH4,3,sharpe,286.6,41.2,7.0,14/19,-9.9,0.71
dev:volH1 × rank:stackH4,3,sharpe,289.8,38.0,7.6,14/19,-11.3,0.7
dev:volH1 × rank:ribbonD1,3,sharpe,272.2,36.8,7.4,14/19,-11.3,0.7
dev:volH1 × dev:ribbonD1,3,sharpe,275.6,35.9,7.7,14/19,-11.8,0.67
dev:volH1 × rank:dayrange,3,sharpe,283.7,34.9,8.1,14/19,-12.4,0.69
dev:volH1 × dev:dayrange,3,sharpe,284.4,39.6,7.2,13/19,-10.8,0.67
dev:volH1 × rank:hour,3,sharpe,291.7,31.4,9.3,14/19,-12.4,0.75
dev:volH1 × rank:posH4,3,sharpe,293.6,38.0,7.7,14/19,-9.9,0.71
dev:volH1 × dev:posH4,3,sharpe,303.6,33.0,9.2,14/19,-10.3,0.75
dev:volH1 × rank:distD1,3,sharpe,286.8,35.9,8.0,14/19,-11.8,0.75
dev:volH1 × dev:distD1,3,sharpe,280.2,36.0,7.8,14/19,-9.9,0.69
dev:volH1 × rank:volume,3,sharpe,298.3,33.1,9.0,14/19,-12.8,0.73
dev:volH1 × dev:volume,3,sharpe,304.9,32.5,9.4,14/19,-11.3,0.76
dev:volH1 × rank:squeezeH1,3,sharpe,271.4,37.5,7.2,13/19,-9.9,0.68
dev:volH1 × dev:squeezeH1,3,sharpe,271.6,40.3,6.7,14/19,-10.4,0.67
rank:volH4 × dev:volH4,3,sharpe,296.0,36.7,8.1,13/19,-11.4,0.75
rank:volH4 × rank:volD1,3,sharpe,290.8,33.5,8.7,14/19,-11.9,0.77
rank:volH4 × dev:volD1,3,sharpe,277.2,42.3,6.6,14/19,-12.4,0.72
rank:volH4 × rank:adxH1,3,sharpe,293.0,34.3,8.5,14/19,-9.7,0.76
rank:volH4 × dev:adxH1,3,sharpe,302.8,42.4,7.1,14/19,-11.4,0.72
rank:volH4 × rank:adxH4,3,sharpe,285.3,37.6,7.6,14/19,-13.4,0.72
rank:volH4 × dev:adxH4,3,sharpe,288.2,35.9,8.0,14/19,-10.9,0.75
rank:volH4 × rank:adxD1,3,sharpe,267.6,34.8,7.7,14/19,-12.8,0.71
rank:volH4 × dev:adxD1,3,sharpe,272.7,42.8,6.4,14/19,-11.3,0.71
rank:volH4 × rank:effH1,3,sharpe,326.5,39.9,8.2,14/19,-11.8,0.72
rank:volH4 × dev:effH1,3,sharpe,315.1,41.3,7.6,14/19,-12.8,0.75
rank:volH4 × rank:effH4,3,sharpe,278.7,36.8,7.6,14/19,-10.4,0.71
rank:volH4 × dev:effH4,3,sharpe,303.3,39.3,7.7,14/19,-9.9,0.74
rank:volH4 × rank:stackH4,3,sharpe,287.2,40.8,7.0,14/19,-12.4,0.69
rank:volH4 × rank:ribbonD1,3,sharpe,270.5,32.9,8.2,14/19,-13.4,0.71
rank:volH4 × dev:ribbonD1,3,sharpe,262.7,43.1,6.1,13/19,-10.9,0.66
rank:volH4 × rank:dayrange,3,sharpe,279.3,37.6,7.4,14/19,-10.9,0.73
rank:volH4 × dev:dayrange,3,sharpe,286.1,41.6,6.9,14/19,-12.4,0.71
rank:volH4 × rank:hour,3,sharpe,297.2,33.6,8.8,14/19,-10.8,0.73
rank:volH4 × rank:posH4,3,sharpe,282.0,37.7,7.5,13/19,-9.9,0.69
rank:volH4 × dev:posH4,3,sharpe,297.0,40.7,7.3,14/19,-11.4,0.73
rank:volH4 × rank:distD1,3,sharpe,269.2,32.9,8.2,14/19,-11.0,0.71
rank:volH4 × dev:distD1,3,sharpe,287.4,33.9,8.5,14/19,-12.4,0.73
rank:volH4 × rank:volume,3,sharpe,283.1,31.3,9.0,14/19,-11.3,0.72
rank:volH4 × dev:volume,3,sharpe,294.8,40.8,7.2,14/19,-12.4,0.69
rank:volH4 × rank:squeezeH1,3,sharpe,280.0,41.7,6.7,14/19,-11.0,0.7
rank:volH4 × dev:squeezeH1,3,sharpe,280.7,34.0,8.3,14/19,-11.0,0.73
dev:volH4 × rank:volD1,3,sharpe,282.8,38.0,7.4,14/19,-11.1,0.74
dev:volH4 × dev:volD1,3,sharpe,268.6,33.4,8.0,13/19,-10.4,0.71
dev:volH4 × rank:adxH1,3,sharpe,315.5,34.1,9.3,15/19,-11.0,0.76
dev:volH4 × dev:adxH1,3,sharpe,302.6,33.6,9.0,14/19,-10.9,0.74
dev:volH4 × rank:adxH4,3,sharpe,298.5,40.3,7.4,14/19,-9.9,0.72
dev:volH4 × dev:adxH4,3,sharpe,301.9,30.0,10.1,14/19,-10.4,0.78
dev:volH4 × rank:adxD1,3,sharpe,285.7,41.0,7.0,13/19,-11.3,0.69
dev:volH4 × dev:adxD1,3,sharpe,291.3,39.4,7.4,13/19,-11.4,0.72
dev:volH4 × rank:effH1,3,sharpe,308.1,36.2,8.5,14/19,-12.4,0.71
dev:volH4 × dev:effH1,3,sharpe,303.8,36.7,8.3,13/19,-11.5,0.74
dev:volH4 × rank:effH4,3,sharpe,264.3,35.0,7.6,13/19,-11.9,0.67
dev:volH4 × dev:effH4,3,sharpe,300.2,35.9,8.4,13/19,-12.5,0.74
dev:volH4 × rank:stackH4,3,sharpe,308.8,38.2,8.1,13/19,-10.9,0.75
dev:volH4 × rank:ribbonD1,3,sharpe,296.1,31.0,9.6,14/19,-12.4,0.75
dev:volH4 × dev:ribbonD1,3,sharpe,287.1,37.1,7.7,13/19,-12.4,0.71
dev:volH4 × rank:dayrange,3,sharpe,310.3,33.3,9.3,14/19,-10.9,0.76
dev:volH4 × dev:dayrange,3,sharpe,294.9,39.2,7.5,13/19,-12.4,0.68
dev:volH4 × rank:hour,3,sharpe,289.0,34.7,8.3,13/19,-10.6,0.68
dev:volH4 × rank:posH4,3,sharpe,301.0,36.8,8.2,13/19,-10.9,0.74
dev:volH4 × dev:posH4,3,sharpe,280.1,39.9,7.0,13/19,-10.9,0.72
dev:volH4 × rank:distD1,3,sharpe,290.7,38.0,7.6,14/19,-12.2,0.73
dev:volH4 × dev:distD1,3,sharpe,291.6,32.2,9.1,13/19,-13.4,0.74
dev:volH4 × rank:volume,3,sharpe,307.3,27.0,11.4,13/19,-10.4,0.77
dev:volH4 × dev:volume,3,sharpe,305.8,35.0,8.7,13/19,-10.9,0.75
dev:volH4 × rank:squeezeH1,3,sharpe,289.7,41.0,7.1,13/19,-10.5,0.69
dev:volH4 × dev:squeezeH1,3,sharpe,289.3,33.4,8.7,14/19,-11.5,0.74
rank:volD1 × dev:volD1,3,sharpe,295.3,29.8,9.9,15/19,-11.1,0.82
rank:volD1 × rank:adxH1,3,sharpe,310.0,30.0,10.3,15/19,-10.2,0.77
rank:volD1 × dev:adxH1,3,sharpe,294.0,32.2,9.1,14/19,-9.4,0.74
rank:volD1 × rank:adxH4,3,sharpe,322.2,33.5,9.6,14/19,-10.4,0.81
rank:volD1 × dev:adxH4,3,sharpe,293.5,40.3,7.3,14/19,-8.7,0.78
rank:volD1 × rank:adxD1,3,sharpe,284.9,37.7,7.6,14/19,-12.9,0.69
rank:volD1 × dev:adxD1,3,sharpe,283.0,33.7,8.4,14/19,-13.4,0.73
rank:volD1 × rank:effH1,3,sharpe,286.8,32.6,8.8,14/19,-10.3,0.73
rank:volD1 × dev:effH1,3,sharpe,278.6,37.5,7.4,14/19,-11.9,0.69
rank:volD1 × rank:effH4,3,sharpe,277.6,39.8,7.0,13/19,-9.9,0.66
rank:volD1 × dev:effH4,3,sharpe,281.2,39.1,7.2,14/19,-10.4,0.71
rank:volD1 × rank:stackH4,3,sharpe,309.9,38.6,8.0,14/19,-11.9,0.76
rank:volD1 × rank:ribbonD1,3,sharpe,255.9,41.2,6.2,13/19,-13.4,0.65
rank:volD1 × dev:ribbonD1,3,sharpe,276.1,39.2,7.0,14/19,-10.9,0.74
rank:volD1 × rank:dayrange,3,sharpe,295.5,38.2,7.7,14/19,-11.1,0.75
rank:volD1 × dev:dayrange,3,sharpe,287.0,39.2,7.3,14/19,-11.8,0.69
rank:volD1 × rank:hour,3,sharpe,296.2,39.0,7.6,14/19,-10.9,0.69
rank:volD1 × rank:posH4,3,sharpe,290.6,35.4,8.2,13/19,-7.7,0.7
rank:volD1 × dev:posH4,3,sharpe,277.0,37.5,7.4,14/19,-9.9,0.7
rank:volD1 × rank:distD1,3,sharpe,273.8,40.2,6.8,14/19,-11.9,0.69
rank:volD1 × dev:distD1,3,sharpe,267.1,44.2,6.0,14/19,-12.3,0.66
rank:volD1 × rank:volume,3,sharpe,312.6,34.2,9.1,14/19,-10.9,0.75
rank:volD1 × dev:volume,3,sharpe,320.9,35.1,9.1,14/19,-11.4,0.76
rank:volD1 × rank:squeezeH1,3,sharpe,258.0,38.1,6.8,14/19,-10.1,0.7
rank:volD1 × dev:squeezeH1,3,sharpe,262.7,35.7,7.4,14/19,-11.3,0.7
dev:volD1 × rank:adxH1,3,sharpe,286.3,25.9,11.1,15/19,-11.0,0.73
dev:volD1 × dev:adxH1,3,sharpe,297.3,20.5,14.5,16/19,-9.9,0.76
dev:volD1 × rank:adxH4,3,sharpe,287.2,33.2,8.7,14/19,-10.4,0.74
dev:volD1 × dev:adxH4,3,sharpe,296.1,28.0,10.6,14/19,-10.9,0.79
dev:volD1 × rank:adxD1,3,sharpe,273.9,37.4,7.3,14/19,-11.8,0.72
dev:volD1 × dev:adxD1,3,sharpe,270.5,37.7,7.2,14/19,-12.4,0.71
dev:volD1 × rank:effH1,3,sharpe,288.8,29.2,9.9,15/19,-12.3,0.77
dev:volD1 × dev:effH1,3,sharpe,315.9,32.0,9.9,14/19,-10.1,0.79
dev:volD1 × rank:effH4,3,sharpe,267.2,31.0,8.6,14/19,-10.4,0.71
dev:volD1 × dev:effH4,3,sharpe,283.9,30.5,9.3,14/19,-10.9,0.76
dev:volD1 × rank:stackH4,3,sharpe,302.5,24.8,12.2,15/19,-11.4,0.84
dev:volD1 × rank:ribbonD1,3,sharpe,280.7,33.1,8.5,15/19,-10.4,0.77
dev:volD1 × dev:ribbonD1,3,sharpe,275.2,31.3,8.8,14/19,-8.9,0.75
dev:volD1 × rank:dayrange,3,sharpe,274.0,32.1,8.5,15/19,-10.2,0.73
dev:volD1 × dev:dayrange,3,sharpe,302.1,31.6,9.6,14/19,-12.4,0.76
dev:volD1 × rank:hour,3,sharpe,331.9,27.1,12.2,15/19,-11.3,0.85
dev:volD1 × rank:posH4,3,sharpe,306.6,32.5,9.4,14/19,-9.8,0.76
dev:volD1 × dev:posH4,3,sharpe,308.2,30.0,10.3,15/19,-10.4,0.81
dev:volD1 × rank:distD1,3,sharpe,281.0,37.6,7.5,14/19,-11.5,0.73
dev:volD1 × dev:distD1,3,sharpe,272.5,36.2,7.5,14/19,-11.3,0.71
dev:volD1 × rank:volume,3,sharpe,290.5,32.7,8.9,14/19,-12.0,0.71
dev:volD1 × dev:volume,3,sharpe,327.6,21.2,15.5,16/19,-9.9,0.84
dev:volD1 × rank:squeezeH1,3,sharpe,276.1,36.6,7.5,14/19,-10.3,0.73
dev:volD1 × dev:squeezeH1,3,sharpe,301.5,26.8,11.2,14/19,-9.1,0.79
rank:adxH1 × dev:adxH1,3,sharpe,283.5,32.4,8.8,14/19,-11.5,0.66
rank:adxH1 × rank:adxH4,3,sharpe,309.4,26.3,11.8,14/19,-10.4,0.76
rank:adxH1 × dev:adxH4,3,sharpe,296.2,27.0,11.0,15/19,-9.9,0.76
rank:adxH1 × rank:adxD1,3,sharpe,307.0,35.5,8.6,15/19,-10.4,0.74
rank:adxH1 × dev:adxD1,3,sharpe,294.2,31.5,9.3,14/19,-11.3,0.74
rank:adxH1 × rank:effH1,3,sharpe,275.6,32.7,8.4,14/19,-11.4,0.65
rank:adxH1 × dev:effH1,3,sharpe,289.9,28.1,10.3,15/19,-11.0,0.71
rank:adxH1 × rank:effH4,3,sharpe,290.6,35.7,8.1,14/19,-9.9,0.69
rank:adxH1 × dev:effH4,3,sharpe,284.1,35.2,8.1,14/19,-9.9,0.67
rank:adxH1 × rank:stackH4,3,sharpe,280.1,31.0,9.0,15/19,-11.3,0.68
rank:adxH1 × rank:ribbonD1,3,sharpe,274.7,28.8,9.5,14/19,-11.5,0.72
rank:adxH1 × dev:ribbonD1,3,sharpe,284.2,33.8,8.4,14/19,-9.9,0.7
rank:adxH1 × rank:dayrange,3,sharpe,306.8,33.0,9.3,15/19,-9.7,0.71
rank:adxH1 × dev:dayrange,3,sharpe,277.8,34.9,8.0,15/19,-10.4,0.7
rank:adxH1 × rank:hour,3,sharpe,284.6,30.2,9.4,14/19,-9.9,0.69
rank:adxH1 × rank:posH4,3,sharpe,296.4,38.2,7.8,14/19,-10.2,0.68
rank:adxH1 × dev:posH4,3,sharpe,288.8,29.7,9.7,15/19,-8.8,0.73
rank:adxH1 × rank:distD1,3,sharpe,275.1,33.2,8.3,14/19,-10.9,0.66
rank:adxH1 × dev:distD1,3,sharpe,302.1,32.7,9.2,14/19,-9.2,0.76
rank:adxH1 × rank:volume,3,sharpe,284.5,29.8,9.5,14/19,-10.4,0.7
rank:adxH1 × dev:volume,3,sharpe,293.2,28.7,10.2,15/19,-12.4,0.71
rank:adxH1 × rank:squeezeH1,3,sharpe,264.3,38.5,6.9,14/19,-11.3,0.66
rank:adxH1 × dev:squeezeH1,3,sharpe,281.0,30.6,9.2,14/19,-9.7,0.71
dev:adxH1 × rank:adxH4,3,sharpe,299.0,38.8,7.7,14/19,-11.4,0.72
dev:adxH1 × dev:adxH4,3,sharpe,309.9,27.2,11.4,14/19,-8.8,0.77
dev:adxH1 × rank:adxD1,3,sharpe,296.8,33.1,9.0,14/19,-10.4,0.75
dev:adxH1 × dev:adxD1,3,sharpe,283.4,33.7,8.4,14/19,-12.4,0.71
dev:adxH1 × rank:effH1,3,sharpe,278.6,32.7,8.5,14/19,-12.4,0.69
dev:adxH1 × dev:effH1,3,sharpe,284.5,31.0,9.2,13/19,-9.3,0.72
dev:adxH1 × rank:effH4,3,sharpe,289.4,34.8,8.3,14/19,-10.9,0.67
dev:adxH1 × dev:effH4,3,sharpe,302.5,33.5,9.0,15/19,-11.5,0.71
dev:adxH1 × rank:stackH4,3,sharpe,296.3,31.4,9.4,14/19,-11.3,0.7
dev:adxH1 × rank:ribbonD1,3,sharpe,261.3,34.4,7.6,14/19,-12.4,0.7
dev:adxH1 × dev:ribbonD1,3,sharpe,284.2,38.0,7.5,13/19,-9.9,0.7
dev:adxH1 × rank:dayrange,3,sharpe,273.2,37.4,7.3,14/19,-10.6,0.68
dev:adxH1 × dev:dayrange,3,sharpe,274.8,36.7,7.5,13/19,-9.8,0.63
dev:adxH1 × rank:hour,3,sharpe,302.7,30.2,10.0,14/19,-10.3,0.75
dev:adxH1 × rank:posH4,3,sharpe,277.9,39.6,7.0,13/19,-9.2,0.65
dev:adxH1 × dev:posH4,3,sharpe,301.6,35.2,8.6,13/19,-11.4,0.69
dev:adxH1 × rank:distD1,3,sharpe,305.2,35.2,8.7,14/19,-10.4,0.72
dev:adxH1 × dev:distD1,3,sharpe,293.9,33.3,8.8,13/19,-11.3,0.69
dev:adxH1 × rank:volume,3,sharpe,290.4,29.9,9.7,14/19,-11.0,0.73
dev:adxH1 × dev:volume,3,sharpe,299.0,31.1,9.6,14/19,-11.0,0.71
dev:adxH1 × rank:squeezeH1,3,sharpe,252.6,44.0,5.7,13/19,-11.0,0.67
dev:adxH1 × dev:squeezeH1,3,sharpe,262.6,33.3,7.9,12/19,-8.3,0.64
rank:adxH4 × dev:adxH4,3,sharpe,300.9,32.4,9.3,14/19,-10.9,0.77
rank:adxH4 × rank:adxD1,3,sharpe,302.7,31.7,9.5,14/19,-9.9,0.78
rank:adxH4 × dev:adxD1,3,sharpe,294.0,35.7,8.2,14/19,-11.4,0.73
rank:adxH4 × rank:effH1,3,sharpe,306.0,37.7,8.1,14/19,-11.8,0.74
rank:adxH4 × dev:effH1,3,sharpe,314.1,36.4,8.6,14/19,-9.9,0.77
rank:adxH4 × rank:effH4,3,sharpe,265.3,35.7,7.4,14/19,-10.4,0.7
rank:adxH4 × dev:effH4,3,sharpe,309.7,35.0,8.8,14/19,-10.9,0.77
rank:adxH4 × rank:stackH4,3,sharpe,297.2,36.2,8.2,14/19,-11.4,0.75
rank:adxH4 × rank:ribbonD1,3,sharpe,274.6,31.0,8.9,14/19,-11.5,0.74
rank:adxH4 × dev:ribbonD1,3,sharpe,290.6,34.1,8.5,14/19,-13.4,0.72
rank:adxH4 × rank:dayrange,3,sharpe,308.2,32.4,9.5,14/19,-11.4,0.77
rank:adxH4 × dev:dayrange,3,sharpe,275.0,35.2,7.8,14/19,-11.9,0.71
rank:adxH4 × rank:hour,3,sharpe,279.3,40.5,6.9,14/19,-11.8,0.69
rank:adxH4 × rank:posH4,3,sharpe,300.8,43.9,6.9,14/19,-10.4,0.74
rank:adxH4 × dev:posH4,3,sharpe,303.7,36.9,8.2,14/19,-9.9,0.78
rank:adxH4 × rank:distD1,3,sharpe,267.1,40.1,6.7,13/19,-11.9,0.68
rank:adxH4 × dev:distD1,3,sharpe,316.4,31.3,10.1,14/19,-11.3,0.79
rank:adxH4 × rank:volume,3,sharpe,280.0,42.2,6.6,14/19,-10.2,0.68
rank:adxH4 × dev:volume,3,sharpe,303.1,38.3,7.9,14/19,-10.4,0.76
rank:adxH4 × rank:squeezeH1,3,sharpe,288.1,33.7,8.5,14/19,-11.8,0.74
rank:adxH4 × dev:squeezeH1,3,sharpe,282.0,36.6,7.7,14/19,-10.4,0.72
dev:adxH4 × rank:adxD1,3,sharpe,301.6,30.2,10.0,14/19,-9.9,0.73
dev:adxH4 × dev:adxD1,3,sharpe,315.5,32.2,9.8,13/19,-9.4,0.77
dev:adxH4 × rank:effH1,3,sharpe,266.1,32.3,8.2,14/19,-10.4,0.67
dev:adxH4 × dev:effH1,3,sharpe,270.3,29.0,9.3,14/19,-8.8,0.77
dev:adxH4 × rank:effH4,3,sharpe,278.6,31.5,8.8,14/19,-7.4,0.7
dev:adxH4 × dev:effH4,3,sharpe,284.2,33.8,8.4,14/19,-8.9,0.76
dev:adxH4 × rank:stackH4,3,sharpe,307.6,29.4,10.5,14/19,-10.9,0.78
dev:adxH4 × rank:ribbonD1,3,sharpe,268.9,30.3,8.9,14/19,-12.4,0.69
dev:adxH4 × dev:ribbonD1,3,sharpe,278.2,38.8,7.2,13/19,-12.3,0.7
dev:adxH4 × rank:dayrange,3,sharpe,304.1,27.0,11.3,15/19,-11.4,0.77
dev:adxH4 × dev:dayrange,3,sharpe,287.1,35.6,8.1,14/19,-9.8,0.69
dev:adxH4 × rank:hour,3,sharpe,314.8,34.0,9.3,14/19,-11.8,0.75
dev:adxH4 × rank:posH4,3,sharpe,307.6,36.2,8.5,14/19,-9.3,0.74
dev:adxH4 × dev:posH4,3,sharpe,304.4,33.3,9.1,14/19,-8.9,0.75
dev:adxH4 × rank:distD1,3,sharpe,302.0,37.8,8.0,13/19,-8.5,0.75
dev:adxH4 × dev:distD1,3,sharpe,293.8,37.8,7.8,14/19,-9.9,0.73
dev:adxH4 × rank:volume,3,sharpe,308.3,29.1,10.6,14/19,-9.4,0.77
dev:adxH4 × dev:volume,3,sharpe,311.2,29.5,10.5,14/19,-8.4,0.75
dev:adxH4 × rank:squeezeH1,3,sharpe,267.3,40.5,6.6,14/19,-10.9,0.65
dev:adxH4 × dev:squeezeH1,3,sharpe,306.4,32.2,9.5,14/19,-11.8,0.71
rank:adxD1 × dev:adxD1,3,sharpe,279.0,40.8,6.8,14/19,-11.9,0.72
rank:adxD1 × rank:effH1,3,sharpe,272.3,38.2,7.1,14/19,-10.8,0.66
rank:adxD1 × dev:effH1,3,sharpe,293.3,32.9,8.9,15/19,-12.3,0.74
rank:adxD1 × rank:effH4,3,sharpe,283.6,35.3,8.0,14/19,-9.3,0.73
rank:adxD1 × dev:effH4,3,sharpe,295.9,34.7,8.5,14/19,-10.8,0.76
rank:adxD1 × rank:stackH4,3,sharpe,302.7,42.6,7.1,14/19,-12.4,0.75
rank:adxD1 × rank:ribbonD1,3,sharpe,283.3,34.6,8.2,14/19,-10.4,0.71
rank:adxD1 × dev:ribbonD1,3,sharpe,278.0,33.6,8.3,14/19,-9.9,0.74
rank:adxD1 × rank:dayrange,3,sharpe,296.1,36.6,8.1,15/19,-9.9,0.76
rank:adxD1 × dev:dayrange,3,sharpe,313.7,37.3,8.4,15/19,-10.3,0.8
rank:adxD1 × rank:hour,3,sharpe,298.3,36.1,8.3,14/19,-11.3,0.74
rank:adxD1 × rank:posH4,3,sharpe,319.2,36.7,8.7,14/19,-9.9,0.78
rank:adxD1 × dev:posH4,3,sharpe,312.4,37.8,8.3,14/19,-9.3,0.77
rank:adxD1 × rank:distD1,3,sharpe,288.6,40.1,7.2,14/19,-11.5,0.74
rank:adxD1 × dev:distD1,3,sharpe,283.6,33.4,8.5,14/19,-10.3,0.72
rank:adxD1 × rank:volume,3,sharpe,287.6,34.1,8.4,15/19,-11.3,0.71
rank:adxD1 × dev:volume,3,sharpe,303.6,41.7,7.3,13/19,-11.3,0.7
rank:adxD1 × rank:squeezeH1,3,sharpe,299.3,33.5,8.9,14/19,-10.2,0.74
rank:adxD1 × dev:squeezeH1,3,sharpe,285.2,38.2,7.5,14/19,-9.3,0.71
dev:adxD1 × rank:effH1,3,sharpe,290.6,36.9,7.9,13/19,-13.4,0.69
dev:adxD1 × dev:effH1,3,sharpe,284.8,31.5,9.0,14/19,-13.3,0.75
dev:adxD1 × rank:effH4,3,sharpe,263.6,34.2,7.7,14/19,-11.4,0.69
dev:adxD1 × dev:effH4,3,sharpe,285.7,37.8,7.6,14/19,-11.4,0.73
dev:adxD1 × rank:stackH4,3,sharpe,291.2,39.5,7.4,14/19,-13.9,0.76
dev:adxD1 × rank:ribbonD1,3,sharpe,263.8,35.8,7.4,14/19,-12.4,0.72
dev:adxD1 × dev:ribbonD1,3,sharpe,287.2,34.3,8.4,14/19,-12.4,0.77
dev:adxD1 × rank:dayrange,3,sharpe,284.7,32.5,8.8,14/19,-10.4,0.75
dev:adxD1 × dev:dayrange,3,sharpe,278.6,40.1,6.9,14/19,-11.3,0.7
dev:adxD1 × rank:hour,3,sharpe,308.3,36.9,8.4,14/19,-11.8,0.79
dev:adxD1 × rank:posH4,3,sharpe,299.6,36.6,8.2,14/19,-10.9,0.73
dev:adxD1 × dev:posH4,3,sharpe,306.2,38.5,8.0,13/19,-9.9,0.75
dev:adxD1 × rank:distD1,3,sharpe,282.3,37.7,7.5,14/19,-12.4,0.73
dev:adxD1 × dev:distD1,3,sharpe,287.2,35.5,8.1,14/19,-11.3,0.77
dev:adxD1 × rank:volume,3,sharpe,300.9,31.9,9.4,14/19,-13.9,0.72
dev:adxD1 × dev:volume,3,sharpe,296.0,35.8,8.3,14/19,-10.9,0.73
dev:adxD1 × rank:squeezeH1,3,sharpe,283.7,36.3,7.8,14/19,-12.4,0.72
dev:adxD1 × dev:squeezeH1,3,sharpe,302.6,36.5,8.3,14/19,-10.5,0.74
rank:effH1 × dev:effH1,3,sharpe,272.2,36.7,7.4,14/19,-10.8,0.68
rank:effH1 × rank:effH4,3,sharpe,291.9,35.1,8.3,14/19,-10.3,0.67
rank:effH1 × dev:effH4,3,sharpe,283.2,37.6,7.5,14/19,-9.9,0.67
rank:effH1 × rank:stackH4,3,sharpe,283.0,34.7,8.2,14/19,-12.8,0.67
rank:effH1 × rank:ribbonD1,3,sharpe,300.1,28.4,10.6,14/19,-13.4,0.75
rank:effH1 × dev:ribbonD1,3,sharpe,284.4,38.5,7.4,13/19,-10.5,0.7
rank:effH1 × rank:dayrange,3,sharpe,303.5,33.0,9.2,14/19,-12.8,0.7
rank:effH1 × dev:dayrange,3,sharpe,280.8,39.4,7.1,14/19,-11.8,0.65
rank:effH1 × rank:hour,3,sharpe,283.2,37.1,7.6,14/19,-11.8,0.68
rank:effH1 × rank:posH4,3,sharpe,287.2,42.9,6.7,14/19,-11.9,0.67
rank:effH1 × dev:posH4,3,sharpe,308.3,32.5,9.5,14/19,-11.3,0.73
rank:effH1 × rank:distD1,3,sharpe,285.8,39.9,7.2,14/19,-12.8,0.7
rank:effH1 × dev:distD1,3,sharpe,284.6,40.3,7.1,13/19,-10.8,0.65
rank:effH1 × rank:volume,3,sharpe,297.2,31.6,9.4,14/19,-9.9,0.73
rank:effH1 × dev:volume,3,sharpe,304.6,34.8,8.8,14/19,-10.5,0.74
rank:effH1 × rank:squeezeH1,3,sharpe,287.6,39.2,7.3,14/19,-11.8,0.71
rank:effH1 × dev:squeezeH1,3,sharpe,281.1,33.0,8.5,14/19,-10.9,0.67
dev:effH1 × rank:effH4,3,sharpe,277.0,33.1,8.4,13/19,-9.9,0.67
dev:effH1 × dev:effH4,3,sharpe,302.0,31.7,9.5,14/19,-10.5,0.76
dev:effH1 × rank:stackH4,3,sharpe,288.9,33.8,8.5,14/19,-12.8,0.75
dev:effH1 × rank:ribbonD1,3,sharpe,296.6,34.8,8.5,14/19,-12.4,0.73
dev:effH1 × dev:ribbonD1,3,sharpe,287.6,34.3,8.4,14/19,-12.4,0.71
dev:effH1 × rank:dayrange,3,sharpe,291.0,32.2,9.0,14/19,-9.8,0.71
dev:effH1 × dev:dayrange,3,sharpe,274.8,39.7,6.9,14/19,-10.8,0.67
dev:effH1 × rank:hour,3,sharpe,267.2,29.7,9.0,14/19,-10.3,0.71
dev:effH1 × rank:posH4,3,sharpe,290.8,39.8,7.3,13/19,-9.3,0.66
dev:effH1 × dev:posH4,3,sharpe,301.5,32.9,9.2,14/19,-11.3,0.73
dev:effH1 × rank:distD1,3,sharpe,285.4,39.7,7.2,14/19,-10.9,0.69
dev:effH1 × dev:distD1,3,sharpe,283.2,38.4,7.4,14/19,-11.8,0.7
dev:effH1 × rank:volume,3,sharpe,301.5,32.7,9.2,14/19,-11.3,0.73
dev:effH1 × dev:volume,3,sharpe,312.8,28.8,10.9,13/19,-12.4,0.74
dev:effH1 × rank:squeezeH1,3,sharpe,266.6,41.9,6.4,14/19,-12.3,0.7
dev:effH1 × dev:squeezeH1,3,sharpe,283.8,38.3,7.4,14/19,-12.4,0.71
rank:effH4 × dev:effH4,3,sharpe,279.4,33.8,8.3,14/19,-7.8,0.68
rank:effH4 × rank:stackH4,3,sharpe,287.6,34.6,8.3,14/19,-8.3,0.7
rank:effH4 × rank:ribbonD1,3,sharpe,264.3,33.7,7.8,14/19,-11.8,0.65
rank:effH4 × dev:ribbonD1,3,sharpe,289.8,33.5,8.7,13/19,-10.4,0.77
rank:effH4 × rank:dayrange,3,sharpe,276.4,36.6,7.6,14/19,-11.8,0.68
rank:effH4 × dev:dayrange,3,sharpe,278.6,34.2,8.1,14/19,-10.3,0.68
rank:effH4 × rank:hour,3,sharpe,279.0,28.3,9.9,14/19,-11.3,0.67
rank:effH4 × rank:posH4,3,sharpe,280.0,35.8,7.8,13/19,-8.2,0.7
rank:effH4 × dev:posH4,3,sharpe,289.6,32.7,8.9,14/19,-9.9,0.7
rank:effH4 × rank:distD1,3,sharpe,251.0,39.5,6.4,13/19,-10.9,0.65
rank:effH4 × dev:distD1,3,sharpe,283.0,33.6,8.4,13/19,-10.3,0.66
rank:effH4 × rank:volume,3,sharpe,278.2,36.9,7.5,14/19,-10.0,0.7
rank:effH4 × dev:volume,3,sharpe,294.4,29.4,10.0,14/19,-10.4,0.74
rank:effH4 × rank:squeezeH1,3,sharpe,261.4,35.4,7.4,14/19,-11.9,0.68
rank:effH4 × dev:squeezeH1,3,sharpe,276.0,32.0,8.6,14/19,-10.2,0.69
dev:effH4 × rank:stackH4,3,sharpe,280.1,36.0,7.8,14/19,-9.2,0.7
dev:effH4 × rank:ribbonD1,3,sharpe,268.0,39.1,6.9,13/19,-10.3,0.64
dev:effH4 × dev:ribbonD1,3,sharpe,296.3,31.6,9.4,13/19,-11.3,0.78
dev:effH4 × rank:dayrange,3,sharpe,293.1,37.1,7.9,14/19,-11.4,0.7
dev:effH4 × dev:dayrange,3,sharpe,282.8,30.3,9.3,14/19,-10.3,0.69
dev:effH4 × rank:hour,3,sharpe,305.8,29.4,10.4,14/19,-10.4,0.73
dev:effH4 × rank:posH4,3,sharpe,297.0,34.9,8.5,14/19,-8.7,0.69
dev:effH4 × dev:posH4,3,sharpe,304.3,36.8,8.3,14/19,-9.9,0.73
dev:effH4 × rank:distD1,3,sharpe,287.1,34.9,8.2,13/19,-12.4,0.73
dev:effH4 × dev:distD1,3,sharpe,280.6,37.2,7.5,14/19,-9.9,0.7
dev:effH4 × rank:volume,3,sharpe,290.4,32.2,9.0,14/19,-10.4,0.72
dev:effH4 × dev:volume,3,sharpe,312.5,29.2,10.7,14/19,-10.4,0.77
dev:effH4 × rank:squeezeH1,3,sharpe,274.3,38.3,7.2,14/19,-9.9,0.71
dev:effH4 × dev:squeezeH1,3,sharpe,290.7,32.7,8.9,13/19,-8.8,0.71
rank:stackH4 × rank:ribbonD1,3,sharpe,272.2,38.3,7.1,14/19,-12.4,0.71
rank:stackH4 × dev:ribbonD1,3,sharpe,269.2,37.4,7.2,14/19,-9.9,0.7
rank:stackH4 × rank:dayrange,3,sharpe,287.4,33.0,8.7,14/19,-10.9,0.75
rank:stackH4 × dev:dayrange,3,sharpe,291.7,34.0,8.6,14/19,-12.9,0.7
rank:stackH4 × rank:hour,3,sharpe,292.2,29.3,10.0,15/19,-12.4,0.72
rank:stackH4 × rank:posH4,3,sharpe,317.3,39.0,8.1,14/19,-11.3,0.73
rank:stackH4 × dev:posH4,3,sharpe,309.6,34.0,9.1,14/19,-9.9,0.74
rank:stackH4 × rank:distD1,3,sharpe,290.8,39.4,7.4,14/19,-11.9,0.72
rank:stackH4 × dev:distD1,3,sharpe,296.6,35.9,8.3,14/19,-11.3,0.73
rank:stackH4 × rank:volume,3,sharpe,306.4,32.0,9.6,14/19,-13.0,0.76
rank:stackH4 × dev:volume,3,sharpe,324.0,30.7,10.6,14/19,-11.4,0.78
rank:stackH4 × rank:squeezeH1,3,sharpe,258.9,42.6,6.1,14/19,-11.0,0.67
rank:stackH4 × dev:squeezeH1,3,sharpe,275.2,39.6,6.9,14/19,-12.5,0.68
rank:ribbonD1 × dev:ribbonD1,3,sharpe,272.2,40.2,6.8,14/19,-11.3,0.69
rank:ribbonD1 × rank:dayrange,3,sharpe,257.9,33.6,7.7,14/19,-11.9,0.7
rank:ribbonD1 × dev:dayrange,3,sharpe,284.9,34.7,8.2,14/19,-12.4,0.73
rank:ribbonD1 × rank:hour,3,sharpe,268.5,34.4,7.8,14/19,-13.4,0.7
rank:ribbonD1 × rank:posH4,3,sharpe,283.9,33.8,8.4,14/19,-11.3,0.74
rank:ribbonD1 × dev:posH4,3,sharpe,286.8,32.9,8.7,15/19,-10.3,0.72
rank:ribbonD1 × rank:distD1,3,sharpe,268.1,38.0,7.1,14/19,-12.5,0.67
rank:ribbonD1 × dev:distD1,3,sharpe,262.5,36.6,7.2,13/19,-10.3,0.67
rank:ribbonD1 × rank:volume,3,sharpe,276.7,35.9,7.7,14/19,-12.3,0.68
rank:ribbonD1 × dev:volume,3,sharpe,290.2,41.4,7.0,14/19,-11.3,0.69
rank:ribbonD1 × rank:squeezeH1,3,sharpe,275.0,31.2,8.8,14/19,-11.8,0.7
rank:ribbonD1 × dev:squeezeH1,3,sharpe,267.2,35.0,7.6,14/19,-11.8,0.69
dev:ribbonD1 × rank:dayrange,3,sharpe,266.2,37.6,7.1,14/19,-9.4,0.71
dev:ribbonD1 × dev:dayrange,3,sharpe,283.1,35.0,8.1,14/19,-9.9,0.69
dev:ribbonD1 × rank:hour,3,sharpe,282.1,35.9,7.9,14/19,-12.4,0.7
dev:ribbonD1 × rank:posH4,3,sharpe,297.5,30.9,9.6,14/19,-11.4,0.74
dev:ribbonD1 × dev:posH4,3,sharpe,281.9,34.9,8.1,14/19,-9.9,0.69
dev:ribbonD1 × rank:distD1,3,sharpe,273.4,37.2,7.3,14/19,-12.8,0.7
dev:ribbonD1 × dev:distD1,3,sharpe,282.2,38.9,7.3,14/19,-10.9,0.75
dev:ribbonD1 × rank:volume,3,sharpe,287.8,34.1,8.4,14/19,-10.9,0.69
dev:ribbonD1 × dev:volume,3,sharpe,297.5,39.7,7.5,14/19,-11.5,0.73
dev:ribbonD1 × rank:squeezeH1,3,sharpe,284.4,31.0,9.2,14/19,-11.3,0.73
dev:ribbonD1 × dev:squeezeH1,3,sharpe,271.8,33.8,8.0,14/19,-10.4,0.7
rank:dayrange × dev:dayrange,3,sharpe,284.9,37.9,7.5,14/19,-11.9,0.71
rank:dayrange × rank:hour,3,sharpe,272.9,31.8,8.6,14/19,-8.8,0.69
rank:dayrange × rank:posH4,3,sharpe,306.5,35.0,8.8,15/19,-8.7,0.77
rank:dayrange × dev:posH4,3,sharpe,302.4,33.4,9.1,14/19,-9.7,0.72
rank:dayrange × rank:distD1,3,sharpe,275.5,36.8,7.5,14/19,-11.4,0.74
rank:dayrange × dev:distD1,3,sharpe,273.5,36.5,7.5,14/19,-10.0,0.67
rank:dayrange × rank:volume,3,sharpe,299.4,34.5,8.7,14/19,-12.3,0.72
rank:dayrange × dev:volume,3,sharpe,305.0,34.4,8.9,14/19,-12.5,0.71
rank:dayrange × rank:squeezeH1,3,sharpe,285.0,39.1,7.3,14/19,-11.9,0.66
rank:dayrange × dev:squeezeH1,3,sharpe,289.7,31.9,9.1,14/19,-12.4,0.71
dev:dayrange × rank:hour,3,sharpe,286.6,31.5,9.1,14/19,-10.8,0.7
dev:dayrange × rank:posH4,3,sharpe,299.3,38.9,7.7,13/19,-10.4,0.71
dev:dayrange × dev:posH4,3,sharpe,280.4,34.7,8.1,14/19,-11.8,0.68
dev:dayrange × rank:distD1,3,sharpe,279.7,35.7,7.8,14/19,-11.8,0.66
dev:dayrange × dev:distD1,3,sharpe,278.8,37.0,7.5,14/19,-11.3,0.67
dev:dayrange × rank:volume,3,sharpe,293.8,36.3,8.1,14/19,-11.3,0.73
dev:dayrange × dev:volume,3,sharpe,309.0,34.7,8.9,13/19,-13.0,0.73
dev:dayrange × rank:squeezeH1,3,sharpe,264.8,43.3,6.1,14/19,-11.8,0.66
dev:dayrange × dev:squeezeH1,3,sharpe,271.2,38.9,7.0,14/19,-10.8,0.67
rank:hour × rank:posH4,3,sharpe,310.3,30.6,10.1,14/19,-9.2,0.75
rank:hour × dev:posH4,3,sharpe,307.4,31.2,9.9,14/19,-11.4,0.79
rank:hour × rank:distD1,3,sharpe,277.2,35.2,7.9,14/19,-11.4,0.67
rank:hour × dev:distD1,3,sharpe,299.3,36.3,8.2,14/19,-11.3,0.7
rank:hour × rank:volume,3,sharpe,328.3,32.9,10.0,14/19,-12.9,0.76
rank:hour × dev:volume,3,sharpe,325.4,31.1,10.5,15/19,-10.9,0.75
rank:hour × rank:squeezeH1,3,sharpe,287.4,30.4,9.5,14/19,-11.8,0.72
rank:hour × dev:squeezeH1,3,sharpe,316.7,33.6,9.4,14/19,-11.3,0.75
rank:posH4 × dev:posH4,3,sharpe,305.3,37.4,8.2,14/19,-10.3,0.72
rank:posH4 × rank:distD1,3,sharpe,292.5,35.6,8.2,14/19,-11.3,0.73
rank:posH4 × dev:distD1,3,sharpe,284.0,37.8,7.5,13/19,-9.3,0.7
rank:posH4 × rank:volume,3,sharpe,312.7,38.0,8.2,14/19,-9.9,0.7
rank:posH4 × dev:volume,3,sharpe,307.9,35.3,8.7,13/19,-8.8,0.72
rank:posH4 × rank:squeezeH1,3,sharpe,293.3,34.7,8.5,14/19,-11.9,0.74
rank:posH4 × dev:squeezeH1,3,sharpe,299.5,36.1,8.3,14/19,-10.3,0.74
dev:posH4 × rank:distD1,3,sharpe,317.1,41.4,7.7,14/19,-11.5,0.75
dev:posH4 × dev:distD1,3,sharpe,295.6,41.0,7.2,14/19,-9.9,0.7
dev:posH4 × rank:volume,3,sharpe,310.5,31.2,10.0,14/19,-11.5,0.76
dev:posH4 × dev:volume,3,sharpe,314.2,31.7,9.9,14/19,-9.9,0.78
dev:posH4 × rank:squeezeH1,3,sharpe,290.2,35.8,8.1,14/19,-10.5,0.71
dev:posH4 × dev:squeezeH1,3,sharpe,281.7,34.0,8.3,14/19,-8.4,0.7
rank:distD1 × dev:distD1,3,sharpe,296.6,36.0,8.2,14/19,-11.4,0.75
rank:distD1 × rank:volume,3,sharpe,280.4,33.4,8.4,14/19,-10.4,0.7
rank:distD1 × dev:volume,3,sharpe,293.9,39.9,7.4,14/19,-9.3,0.73
rank:distD1 × rank:squeezeH1,3,sharpe,272.6,37.4,7.3,14/19,-12.0,0.69
rank:distD1 × dev:squeezeH1,3,sharpe,289.3,33.5,8.6,14/19,-12.9,0.73
dev:distD1 × rank:volume,3,sharpe,274.8,39.0,7.0,14/19,-10.4,0.69
dev:distD1 × dev:volume,3,sharpe,306.7,35.0,8.8,14/19,-9.3,0.74
dev:distD1 × rank:squeezeH1,3,sharpe,274.1,30.4,9.0,14/19,-9.8,0.75
dev:distD1 × dev:squeezeH1,3,sharpe,279.2,31.0,9.0,14/19,-9.9,0.72
rank:volume × dev:volume,3,sharpe,308.3,32.6,9.5,15/19,-10.4,0.76
rank:volume × rank:squeezeH1,3,sharpe,284.6,36.0,7.9,14/19,-11.5,0.7
rank:volume × dev:squeezeH1,3,sharpe,277.3,35.9,7.7,14/19,-10.5,0.69
dev:volume × rank:squeezeH1,3,sharpe,282.4,40.6,7.0,14/19,-9.9,0.68
dev:volume × dev:squeezeH1,3,sharpe,284.2,36.1,7.9,14/19,-9.3,0.72
rank:squeezeH1 × dev:squeezeH1,3,sharpe,253.6,36.8,6.9,14/19,-11.0,0.68
