t_in,t_out,dir,R,mfe,tp1,s
2024-08-01 00:05:00+00:00,2024-08-01 01:00:00+00:00,1,0.14970273926364155,0.9439742186948176,1.0,S3 5m pullb+15m conf | runner->4H
2024-08-01 01:05:00+00:00,2024-08-01 02:12:00+00:00,1,0.15320456076809175,2.2658932365652364,1.0,S3 5m pullb+15m conf | runner->4H
2024-08-01 00:40:00+00:00,2024-08-01 02:42:00+00:00,1,-1.2922822766956967,6.170403619129666,0.0,R1 5m pullb+15m pure RUNNER (4H)
2024-08-01 07:15:00+00:00,2024-08-01 07:31:00+00:00,1,0.13934827332868532,0.9538941954424915,1.0,"S1 15m swing  | TP1 0.5R, runner->4H trend"
2024-08-01 13:00:00+00:00,2024-08-01 13:07:00+00:00,1,0.19545484618661074,0.6028674895167332,1.0,"S1 15m swing  | TP1 0.5R, runner->4H trend"
2024-08-01 15:05:00+00:00,2024-08-01 17:02:00+00:00,1,-1.0377177964559499,0.09984122591287925,0.0,R1 5m pullb+15m pure RUNNER (4H)
2024-08-02 00:10:00+00:00,2024-08-02 01:13:00+00:00,1,-1.208557443234582,4.355170138135277,0.0,R1 5m pullb+15m pure RUNNER (4H)
2024-08-02 07:15:00+00:00,2024-08-02 07:50:00+00:00,1,-1.0644344487416484,0.18793380882980035,0.0,"S1 15m swing  | TP1 0.5R, runner->4H trend"
2024-08-02 12:45:00+00:00,2024-08-02 12:46:00+00:00,1,0.307905634778215,0.7634876042474701,1.0,S2 15m pullb+1H conf | runner->4H
2024-08-02 13:30:00+00:00,2024-08-02 13:38:00+00:00,1,0.32419233027100103,0.9635937362394719,1.0,S2 15m pullb+1H conf | runner->4H
2024-08-01 14:15:00+00:00,2024-08-02 14:33:00+00:00,1,0.23256786043898986,1.6650698822072123,1.0,S3 5m pullb+15m conf | runner->4H
2024-08-02 02:00:00+00:00,2024-08-02 14:37:00+00:00,1,-1.0476051221684441,6.1489949467572975,0.0,R1 5m pullb+15m pure RUNNER (4H)
2024-08-11 23:00:00+00:00,2024-08-11 23:12:00+00:00,1,-1.1349039413772182,0.11241995114800754,0.0,R1 5m pullb+15m pure RUNNER (4H)
2024-08-11 23:00:00+00:00,2024-08-12 00:03:00+00:00,1,-1.0674519706886079,0.05620997557400377,0.0,S3 5m pullb+15m conf | runner->4H
2024-08-12 07:15:00+00:00,2024-08-12 07:22:00+00:00,1,-0.029250741800005114,0.9519911652268267,1.0,"S1 15m swing  | TP1 0.5R, runner->4H trend"
2024-08-13 12:45:00+00:00,2024-08-13 12:48:00+00:00,1,-1.1077751579011414,0.17962526316848493,0.0,"S1 15m swing  | TP1 0.5R, runner->4H trend"
2024-08-13 14:45:00+00:00,2024-08-13 14:50:00+00:00,1,0.29046093227143444,0.5718819287522545,1.0,S2 15m pullb+1H conf | runner->4H
2024-08-13 16:45:00+00:00,2024-08-13 16:55:00+00:00,1,0.2747174559160546,0.6193921840477705,1.0,S2 15m pullb+1H conf | runner->4H
2024-08-13 18:00:00+00:00,2024-08-13 18:09:00+00:00,1,0.25257441694786825,0.504105341979186,1.0,S2 15m pullb+1H conf | runner->4H
2024-08-13 18:15:00+00:00,2024-08-13 19:13:00+00:00,1,0.28460104457077134,0.6026597028623383,1.0,S2 15m pullb+1H conf | runner->4H
2024-08-14 08:30:00+00:00,2024-08-14 12:30:00+00:00,1,0.04851200125723173,5.037199968568322,1.0,"S1 15m swing  | TP1 0.5R, runner->4H trend"
2024-08-12 12:05:00+00:00,2024-08-14 15:45:00+00:00,1,-1.117854176561947,18.267397367111393,0.0,R1 5m pullb+15m pure RUNNER (4H)
2024-08-15 11:00:00+00:00,2024-08-15 11:17:00+00:00,1,-0.043860252016308277,1.6421602318563377,1.0,"S1 15m swing  | TP1 0.5R, runner->4H trend"
2024-08-12 05:55:00+00:00,2024-08-15 13:10:00+00:00,1,0.15809455243991824,15.46546841700071,1.0,S3 5m pullb+15m conf | runner->4H
2024-08-15 18:00:00+00:00,2024-08-15 19:47:00+00:00,1,0.1822446329436117,1.0597634334457597,1.0,S3 5m pullb+15m conf | runner->4H
2024-08-15 18:00:00+00:00,2024-08-15 19:47:00+00:00,1,0.14924658211243005,1.57588679259963,1.0,"S1 15m swing  | TP1 0.5R, runner->4H trend"
2024-08-15 20:40:00+00:00,2024-08-16 00:41:00+00:00,1,0.17922624617853108,0.7667156663996735,1.0,S3 5m pullb+15m conf | runner->4H
2024-08-16 00:45:00+00:00,2024-08-16 01:00:00+00:00,1,0.07956204522226212,0.4807224365527077,1.0,S3 5m pullb+15m conf | runner->4H
2024-08-16 01:15:00+00:00,2024-08-16 01:26:00+00:00,1,0.12184458253789301,0.7538553968361352,1.0,S3 5m pullb+15m conf | runner->4H
2024-08-16 01:40:00+00:00,2024-08-16 02:27:00+00:00,1,-1.0997791771507857,0.13606251429651586,0.0,S3 5m pullb+15m conf | runner->4H
2024-08-15 18:00:00+00:00,2024-08-16 03:12:00+00:00,1,-1.1528839051530098,2.1195268668915195,0.0,R1 5m pullb+15m pure RUNNER (4H)
2024-08-16 08:15:00+00:00,2024-08-16 08:22:00+00:00,1,0.005096455602796939,0.4998031518309545,1.0,"S1 15m swing  | TP1 0.5R, runner->4H trend"
2024-08-18 22:40:00+00:00,2024-08-19 00:30:00+00:00,1,-1.094540442458654,0.5283142372687144,0.0,R1 5m pullb+15m pure RUNNER (4H)
2024-08-19 04:35:00+00:00,2024-08-19 04:45:00+00:00,1,-1.1381260096748795,0.3250023757057979,0.0,R1 5m pullb+15m pure RUNNER (4H)
2024-08-19 07:05:00+00:00,2024-08-19 07:31:00+00:00,1,-1.1150174349991928,0.16914328676355758,0.0,R1 5m pullb+15m pure RUNNER (4H)
2024-08-19 08:00:00+00:00,2024-08-19 08:05:00+00:00,1,0.2359422958597909,0.572590546459504,1.0,S2 15m pullb+1H conf | runner->4H
2024-08-19 07:55:00+00:00,2024-08-19 09:58:00+00:00,1,-1.111080907928084,1.4701884872832436,0.0,R1 5m pullb+15m pure RUNNER (4H)
2024-08-19 16:00:00+00:00,2024-08-19 16:17:00+00:00,1,0.1399265482260079,0.45030048453003624,1.0,"S1 15m swing  | TP1 0.5R, runner->4H trend"
2024-08-19 17:45:00+00:00,2024-08-20 02:04:00+00:00,1,-1.1126878920570002,1.4914573948716665,0.0,R1 5m pullb+15m pure RUNNER (4H)
2024-08-20 12:45:00+00:00,2024-08-20 13:36:00+00:00,1,-1.0356629623571318,1.6048333060759559,0.0,R1 5m pullb+15m pure RUNNER (4H)
2024-08-20 13:45:00+00:00,2024-08-20 14:26:00+00:00,1,-1.0588710816185174,0.9003812482825931,0.0,R1 5m pullb+15m pure RUNNER (4H)
2024-08-20 14:50:00+00:00,2024-08-20 15:02:00+00:00,1,-1.0389545322274352,0.48693165284333995,0.0,R1 5m pullb+15m pure RUNNER (4H)
2024-08-19 14:00:00+00:00,2024-08-20 15:03:00+00:00,1,1.6073856559573676,5.086465495499183,1.0,"S4 1h pullback | TP1 .75R, trail 3ATR"
2024-08-20 07:30:00+00:00,2024-08-20 15:17:00+00:00,1,0.11037440566707084,12.855184029967955,1.0,"S1 15m swing  | TP1 0.5R, runner->4H trend"
2024-08-20 18:00:00+00:00,2024-08-21 00:04:00+00:00,1,0.46262786137532835,0.8505383273207998,1.0,"S4 1h pullback | TP1 .75R, trail 3ATR"
2024-08-21 03:40:00+00:00,2024-08-21 04:40:00+00:00,1,-1.1324838737477307,0.5065559878592651,0.0,R1 5m pullb+15m pure RUNNER (4H)
2024-08-21 05:10:00+00:00,2024-08-21 05:55:00+00:00,1,-1.2901240493631492,0.9890592591913284,0.0,R1 5m pullb+15m pure RUNNER (4H)
2024-08-21 07:15:00+00:00,2024-08-21 07:26:00+00:00,1,0.07539364864397549,0.626792030508783,1.0,"S1 15m swing  | TP1 0.5R, runner->4H trend"
2024-08-21 12:00:00+00:00,2024-08-21 13:26:00+00:00,1,-1.0719365855575111,0.32698447980703443,0.0,"S4 1h pullback | TP1 .75R, trail 3ATR"
2024-08-21 19:00:00+00:00,2024-08-22 01:35:00+00:00,1,-1.0449800918395973,0.052917755105413584,0.0,"S4 1h pullback | TP1 .75R, trail 3ATR"
2024-08-23 09:15:00+00:00,2024-08-23 09:46:00+00:00,1,0.016034330195711287,1.857962671974964,1.0,"S1 15m swing  | TP1 0.5R, runner->4H trend"
2024-08-23 10:45:00+00:00,2024-08-23 13:42:00+00:00,1,-1.1488026961226376,2.5383989338571213,0.0,R1 5m pullb+15m pure RUNNER (4H)
2024-08-23 14:05:00+00:00,2024-08-23 14:20:00+00:00,1,-1.0938280231997939,1.2510403093314193,0.0,R1 5m pullb+15m pure RUNNER (4H)
2024-08-26 17:15:00+00:00,2024-08-26 17:28:00+00:00,1,-1.0840710851894835,0.10508885648686046,0.0,"S1 15m swing  | TP1 0.5R, runner->4H trend"
2024-08-26 15:00:00+00:00,2024-08-26 17:33:00+00:00,1,0.44980951697600635,1.1941873547089494,1.0,"S4 1h pullback | TP1 .75R, trail 3ATR"
2024-08-27 14:00:00+00:00,2024-08-27 15:00:00+00:00,1,0.4766536686328651,1.0172330095682238,1.0,"S4 1h pullback | TP1 .75R, trail 3ATR"
2024-08-27 17:00:00+00:00,2024-08-28 01:04:00+00:00,1,0.8950645472334338,2.2598042826213622,1.0,"S4 1h pullback | TP1 .75R, trail 3ATR"
2024-08-27 17:45:00+00:00,2024-08-28 01:05:00+00:00,1,0.1472882502849187,3.258441715097669,1.0,"S1 15m swing  | TP1 0.5R, runner->4H trend"
2024-08-23 14:55:00+00:00,2024-08-28 12:00:00+00:00,1,-1.0255703275216337,2.1947864456106236,0.0,R1 5m pullb+15m pure RUNNER (4H)
2024-08-29 07:15:00+00:00,2024-08-29 07:30:00+00:00,1,0.02698874360061854,0.9838731899974252,1.0,"S1 15m swing  | TP1 0.5R, runner->4H trend"
2024-08-29 05:20:00+00:00,2024-08-29 12:30:00+00:00,1,-1.1550620584357842,5.879436382361654,0.0,R1 5m pullb+15m pure RUNNER (4H)
2024-08-29 14:00:00+00:00,2024-08-29 14:05:00+00:00,1,0.2973043077596359,1.3127892826813277,1.0,S2 15m pullb+1H conf | runner->4H
2024-08-29 14:00:00+00:00,2024-08-29 14:05:00+00:00,1,0.45467510473526573,0.7658344372315422,1.0,"S4 1h pullback | TP1 .75R, trail 3ATR"
2024-08-29 14:45:00+00:00,2024-08-29 15:21:00+00:00,1,0.28048974414232175,1.5751709309615862,1.0,S2 15m pullb+1H conf | runner->4H
2024-08-29 15:00:00+00:00,2024-08-29 17:46:00+00:00,1,0.4479652026479587,1.010087242716251,1.0,"S4 1h pullback | TP1 .75R, trail 3ATR"
2024-08-29 16:15:00+00:00,2024-08-30 01:06:00+00:00,1,-1.0997835270538843,1.7915678721013635,0.0,R1 5m pullb+15m pure RUNNER (4H)
2024-08-30 08:30:00+00:00,2024-08-30 08:37:00+00:00,1,0.05317054485456437,0.4542218195664438,1.0,"S1 15m swing  | TP1 0.5R, runner->4H trend"
2024-08-30 08:00:00+00:00,2024-08-30 10:16:00+00:00,1,0.43528086121115905,1.4466631023384289,1.0,"S4 1h pullback | TP1 .75R, trail 3ATR"
2024-08-30 11:30:00+00:00,2024-08-30 11:50:00+00:00,1,-1.1551885547513896,0.182574770295603,0.0,S2 15m pullb+1H conf | runner->4H
2024-08-30 12:15:00+00:00,2024-08-30 12:17:00+00:00,1,0.23297511212281283,0.5876891912164885,1.0,S2 15m pullb+1H conf | runner->4H
2024-08-30 12:00:00+00:00,2024-08-30 12:34:00+00:00,1,0.44946914645951724,0.9583437740435076,1.0,"S4 1h pullback | TP1 .75R, trail 3ATR"
2024-08-30 12:40:00+00:00,2024-08-30 12:44:00+00:00,1,-1.0659726557344693,0.35735188522821637,0.0,R1 5m pullb+15m pure RUNNER (4H)
2024-08-30 13:00:00+00:00,2024-08-30 13:15:00+00:00,1,-1.0572061184396129,0.0,0.0,"S4 1h pullback | TP1 .75R, trail 3ATR"
2024-08-16 11:40:00+00:00,2024-09-02 22:00:00+00:00,1,2.2369534613520563,9.882122816868273,1.0,S3 5m pullb+15m conf | runner->4H
2024-09-06 08:15:00+00:00,2024-09-06 08:19:00+00:00,1,-1.2172003250318235,0.1810002708599314,0.0,"S1 15m swing  | TP1 0.5R, runner->4H trend"
2024-09-06 08:15:00+00:00,2024-09-06 08:19:00+00:00,1,-1.2172003250318235,0.1810002708599314,0.0,S2 15m pullb+1H conf | runner->4H
2024-09-06 09:30:00+00:00,2024-09-06 10:06:00+00:00,1,0.13949676265859506,1.9625269778451353,1.0,S2 15m pullb+1H conf | runner->4H
2024-09-06 10:00:00+00:00,2024-09-06 10:07:00+00:00,1,-1.2561325161449934,0.0,0.0,R1 5m pullb+15m pure RUNNER (4H)
2024-09-06 10:15:00+00:00,2024-09-06 10:18:00+00:00,1,-1.1752952266892713,0.21911903336178115,0.0,R1 5m pullb+15m pure RUNNER (4H)
2024-09-06 10:30:00+00:00,2024-09-06 10:35:00+00:00,1,-1.2283067291950045,0.5707668229872032,0.0,S2 15m pullb+1H conf | runner->4H
2024-09-06 10:25:00+00:00,2024-09-06 10:36:00+00:00,1,-1.1591424988663752,0.331546872638803,0.0,R1 5m pullb+15m pure RUNNER (4H)
2024-09-06 11:00:00+00:00,2024-09-06 11:07:00+00:00,1,0.10891642338957196,0.7340236596153135,1.0,S2 15m pullb+1H conf | runner->4H
2024-09-06 10:50:00+00:00,2024-09-06 11:36:00+00:00,1,-1.163654769171849,0.9546528201687091,0.0,R1 5m pullb+15m pure RUNNER (4H)
2024-09-06 10:00:00+00:00,2024-09-06 11:39:00+00:00,1,-1.1280662580725953,0.4519985579032883,0.0,S3 5m pullb+15m conf | runner->4H
2024-09-06 12:45:00+00:00,2024-09-06 12:45:00+00:00,1,-1.074206412477444,0.34011272385476243,0.0,S2 15m pullb+1H conf | runner->4H
2024-09-06 13:00:00+00:00,2024-09-06 13:04:00+00:00,1,-1.080983313494838,0.14724238817245347,0.0,"S4 1h pullback | TP1 .75R, trail 3ATR"
2024-09-10 22:51:00+00:00,2024-09-10 23:45:00+00:00,1,0.008300086083337255,1.4110146341800192,1.0,S3 5m pullb+15m conf | runner->4H
2024-09-10 23:50:00+00:00,2024-09-11 00:07:00+00:00,1,-0.017667144371025578,1.0234331990657874,1.0,S3 5m pullb+15m conf | runner->4H
2024-09-11 00:25:00+00:00,2024-09-11 00:49:00+00:00,1,0.05402202323268258,0.7433647394621152,1.0,S3 5m pullb+15m conf | runner->4H
2024-09-10 23:50:00+00:00,2024-09-11 00:51:00+00:00,1,-1.5353342887419856,2.046866398131575,0.0,R1 5m pullb+15m pure RUNNER (4H)
2024-09-11 01:25:00+00:00,2024-09-11 03:03:00+00:00,1,0.11800622054140353,2.5943604928063335,1.0,S3 5m pullb+15m conf | runner->4H
2024-09-11 07:15:00+00:00,2024-09-11 07:36:00+00:00,1,-0.03839938674750599,1.7747654569080504,1.0,"S1 15m swing  | TP1 0.5R, runner->4H trend"
2024-09-11 11:15:00+00:00,2024-09-11 11:17:00+00:00,1,0.14247104468531074,0.5471269536813924,1.0,S2 15m pullb+1H conf | runner->4H
2024-09-11 11:45:00+00:00,2024-09-11 11:53:00+00:00,1,0.16540472853669055,1.2794830703255617,1.0,S2 15m pullb+1H conf | runner->4H
2024-09-11 03:30:00+00:00,2024-09-11 12:11:00+00:00,1,0.12773269846093696,3.1977601940968188,1.0,S3 5m pullb+15m conf | runner->4H
2024-09-11 01:25:00+00:00,2024-09-11 12:30:00+00:00,1,-1.2184724625521874,10.650532549415647,0.0,R1 5m pullb+15m pure RUNNER (4H)
2024-09-12 06:45:00+00:00,2024-09-12 07:04:00+00:00,1,-1.0887814574965207,0.11097682187086674,0.0,S3 5m pullb+15m conf | runner->4H
2024-09-12 07:15:00+00:00,2024-09-12 07:26:00+00:00,1,0.002534560839217568,1.1342165961534427,1.0,"S1 15m swing  | TP1 0.5R, runner->4H trend"
2024-09-12 07:40:00+00:00,2024-09-12 07:47:00+00:00,1,-1.231467243265646,0.0680786009604022,0.0,R1 5m pullb+15m pure RUNNER (4H)
2024-09-12 08:15:00+00:00,2024-09-12 08:33:00+00:00,1,0.14019604807665464,1.95669959935915,1.0,S2 15m pullb+1H conf | runner->4H
2024-09-12 07:40:00+00:00,2024-09-12 08:41:00+00:00,1,0.13426637836722793,0.7488646105651983,1.0,S3 5m pullb+15m conf | runner->4H
2024-09-12 09:00:00+00:00,2024-09-12 10:25:00+00:00,1,0.4110126429788753,0.8670562991801682,1.0,"S4 1h pullback | TP1 .75R, trail 3ATR"
2024-09-12 08:55:00+00:00,2024-09-12 10:28:00+00:00,1,0.15221161724896348,1.1802046194091964,1.0,S3 5m pullb+15m conf | runner->4H
2024-09-12 08:10:00+00:00,2024-09-12 10:45:00+00:00,1,-1.1512580253818994,2.4579429124528267,0.0,R1 5m pullb+15m pure RUNNER (4H)
2024-09-12 11:45:00+00:00,2024-09-12 11:50:00+00:00,1,0.12173024976538485,0.6075935537432584,1.0,S2 15m pullb+1H conf | runner->4H
2024-09-12 12:00:00+00:00,2024-09-12 12:29:00+00:00,1,0.4073056328208125,0.8216091636338304,1.0,"S4 1h pullback | TP1 .75R, trail 3ATR"
2024-09-12 12:35:00+00:00,2024-09-12 13:00:00+00:00,1,0.20541545728990715,1.783381708403242,1.0,S3 5m pullb+15m conf | runner->4H
2024-09-12 13:05:00+00:00,2024-09-12 13:21:00+00:00,1,0.22788960818604634,1.0064040411865516,1.0,S3 5m pullb+15m conf | runner->4H
2024-09-13 12:00:00+00:00,2024-09-13 12:21:00+00:00,1,0.1777881843646216,0.6274921406581426,1.0,S2 15m pullb+1H conf | runner->4H
2024-09-16 08:30:00+00:00,2024-09-16 08:32:00+00:00,1,0.14946488928654283,0.6939541868108133,1.0,S2 15m pullb+1H conf | runner->4H
2024-09-16 14:00:00+00:00,2024-09-16 14:00:00+00:00,1,-1.0915068566428914,0.15251142773843926,0.0,S2 15m pullb+1H conf | runner->4H
2024-09-16 14:00:00+00:00,2024-09-16 14:00:00+00:00,1,-1.0915068566428914,0.15251142773843926,0.0,"S1 15m swing  | TP1 0.5R, runner->4H trend"
2024-09-17 12:00:00+00:00,2024-09-17 12:30:00+00:00,1,-1.0974022747999632,0.25252441614814697,0.0,"S4 1h pullback | TP1 .75R, trail 3ATR"
2024-09-18 12:30:00+00:00,2024-09-18 12:32:00+00:00,1,-1.210711209587148,0.0,0.0,"S1 15m swing  | TP1 0.5R, runner->4H trend"
2024-09-18 18:15:00+00:00,2024-09-18 18:36:00+00:00,1,0.1465683153116899,2.67982092146835,1.0,"S1 15m swing  | TP1 0.5R, runner->4H trend"
2024-09-12 16:40:00+00:00,2024-09-18 19:46:00+00:00,1,0.2160665587056806,5.050094498507739,1.0,S3 5m pullb+15m conf | runner->4H
2024-09-19 08:00:00+00:00,2024-09-19 08:17:00+00:00,1,-1.1487688361855701,0.16905549566547173,0.0,"S1 15m swing  | TP1 0.5R, runner->4H trend"
2024-09-19 10:30:00+00:00,2024-09-19 12:37:00+00:00,1,-1.0334937593993065,0.4465834586575411,0.0,S3 5m pullb+15m conf | runner->4H
2024-09-19 18:35:00+00:00,2024-09-20 01:19:00+00:00,1,-1.0560774167725036,0.2570214935404672,0.0,S3 5m pullb+15m conf | runner->4H
2024-09-19 15:00:00+00:00,2024-09-20 01:19:00+00:00,1,0.4582563564220439,1.252309307339031,1.0,"S4 1h pullback | TP1 .75R, trail 3ATR"
2024-09-23 12:00:00+00:00,2024-09-23 12:07:00+00:00,1,0.22431800914337055,0.6235116863033126,1.0,S2 15m pullb+1H conf | runner->4H
2024-09-23 12:00:00+00:00,2024-09-23 12:12:00+00:00,1,0.0993180091433142,0.8313489150711623,1.0,"S1 15m swing  | TP1 0.5R, runner->4H trend"
2024-09-23 12:45:00+00:00,2024-09-24 00:00:00+00:00,1,0.20489729087339567,5.3532323166308915,1.0,S2 15m pullb+1H conf | runner->4H
2024-09-24 10:00:00+00:00,2024-09-24 11:05:00+00:00,1,0.1864384145115172,2.7075509711175054,1.0,S2 15m pullb+1H conf | runner->4H
2024-09-24 10:00:00+00:00,2024-09-24 11:06:00+00:00,1,0.06143841451146761,2.7075509711175054,1.0,"S1 15m swing  | TP1 0.5R, runner->4H trend"
2024-09-24 08:00:00+00:00,2024-09-24 11:07:00+00:00,1,0.4499066367731748,1.2955180144857033,1.0,"S4 1h pullback | TP1 .75R, trail 3ATR"
2024-09-24 13:00:00+00:00,2024-09-24 13:06:00+00:00,1,0.2519926008202796,0.5992668165167738,1.0,S2 15m pullb+1H conf | runner->4H
2024-09-24 13:00:00+00:00,2024-09-24 13:07:00+00:00,1,0.1269926008202496,0.5992668165167738,1.0,"S1 15m swing  | TP1 0.5R, runner->4H trend"
2024-09-24 13:00:00+00:00,2024-09-24 14:03:00+00:00,1,0.43726320718456396,0.7882314994760476,1.0,"S4 1h pullback | TP1 .75R, trail 3ATR"
2024-09-25 10:00:00+00:00,2024-09-25 10:33:00+00:00,1,0.18675610046485025,0.587264781398209,1.0,S2 15m pullb+1H conf | runner->4H
2024-09-25 12:00:00+00:00,2024-09-25 12:13:00+00:00,1,0.2196575256280597,1.8212565960839067,1.0,S2 15m pullb+1H conf | runner->4H
2024-09-25 12:00:00+00:00,2024-09-25 12:20:00+00:00,1,0.09465752562811947,1.8212565960839067,1.0,"S1 15m swing  | TP1 0.5R, runner->4H trend"
2024-09-25 15:15:00+00:00,2024-09-25 15:27:00+00:00,1,-1.1210998877119231,0.08256810525820596,0.0,S2 15m pullb+1H conf | runner->4H
2024-09-25 17:30:00+00:00,2024-09-25 17:33:00+00:00,1,0.28181297590974025,0.5207510169750783,1.0,S2 15m pullb+1H conf | runner->4H
2024-09-25 17:30:00+00:00,2024-09-25 17:59:00+00:00,1,0.15681297590973595,0.7126066548080675,1.0,"S1 15m swing  | TP1 0.5R, runner->4H trend"
2024-09-25 18:00:00+00:00,2024-09-26 12:12:00+00:00,1,1.1534525153150286,3.3322247957729814,1.0,"S4 1h pullback | TP1 .75R, trail 3ATR"
2024-09-26 07:30:00+00:00,2024-09-26 13:18:00+00:00,1,0.1817543729817459,15.926105123228176,1.0,S2 15m pullb+1H conf | runner->4H
2024-09-26 07:15:00+00:00,2024-09-26 13:18:00+00:00,1,0.017248654091221352,17.11406955211433,1.0,"S1 15m swing  | TP1 0.5R, runner->4H trend"
2024-09-26 15:00:00+00:00,2024-09-26 16:05:00+00:00,1,0.45842118546646043,0.8804925430627406,1.0,"S4 1h pullback | TP1 .75R, trail 3ATR"
2024-09-26 16:45:00+00:00,2024-09-26 17:07:00+00:00,1,0.32025062821009387,0.5286146241784747,1.0,S2 15m pullb+1H conf | runner->4H
2024-09-26 17:15:00+00:00,2024-09-26 19:31:00+00:00,1,0.29739664048313014,1.3132876225923944,1.0,S2 15m pullb+1H conf | runner->4H
2024-09-27 13:00:00+00:00,2024-09-27 14:01:00+00:00,1,-1.0687389224501334,0.17184730612536356,0.0,"S4 1h pullback | TP1 .75R, trail 3ATR"
2024-10-01 09:00:00+00:00,2024-10-01 09:03:00+00:00,1,0.037875574647808004,0.6583171821269126,1.0,"S1 15m swing  | TP1 0.5R, runner->4H trend"
2024-10-02 08:00:00+00:00,2024-10-02 08:14:00+00:00,1,-1.0676986137931814,0.04615814576810076,0.0,"S4 1h pullback | TP1 .75R, trail 3ATR"
2024-10-02 14:00:00+00:00,2024-10-02 14:47:00+00:00,1,-1.0791027750535673,0.5566491577843489,0.0,"S4 1h pullback | TP1 .75R, trail 3ATR"
2024-10-03 18:15:00+00:00,2024-10-03 22:17:00+00:00,1,-1.0840593714371065,0.3461268235647066,0.0,"S1 15m swing  | TP1 0.5R, runner->4H trend"
2024-09-12 12:35:00+00:00,2024-10-04 05:15:00+00:00,1,40.60575662271278,48.02831428492901,0.0,R1 5m pullb+15m pure RUNNER (4H)
2024-10-04 11:45:00+00:00,2024-10-04 11:48:00+00:00,1,0.09317440036005988,0.7460089402234266,1.0,S2 15m pullb+1H conf | runner->4H
2024-10-04 11:00:00+00:00,2024-10-04 12:01:00+00:00,1,0.4431655296968798,0.8819141943584351,1.0,"S4 1h pullback | TP1 .75R, trail 3ATR"
2024-10-04 15:00:00+00:00,2024-10-04 15:24:00+00:00,1,0.4587925420142835,1.4422610295004294,1.0,"S4 1h pullback | TP1 .75R, trail 3ATR"
2024-10-07 11:30:00+00:00,2024-10-07 11:59:00+00:00,1,0.06534879716817221,1.3577294325873237,1.0,"S1 15m swing  | TP1 0.5R, runner->4H trend"
2024-09-20 05:30:00+00:00,2024-10-08 16:00:00+00:00,1,3.124993319880982,38.90452957454457,1.0,S3 5m pullb+15m conf | runner->4H
2024-10-14 07:15:00+00:00,2024-10-14 07:23:00+00:00,1,0.11795180646611995,0.7285417574280754,1.0,"S1 15m swing  | TP1 0.5R, runner->4H trend"
2024-10-14 05:55:00+00:00,2024-10-14 08:00:00+00:00,1,0.48622550587632957,2.8284896098343504,1.0,S3 5m pullb+15m conf | runner->4H
2024-10-14 07:40:00+00:00,2024-10-14 08:00:00+00:00,1,-0.9208535309048546,0.41856978677507234,0.0,R1 5m pullb+15m pure RUNNER (4H)
2024-10-14 08:05:00+00:00,2024-10-14 08:47:00+00:00,1,-1.1539122387331437,0.03498005425766911,0.0,R1 5m pullb+15m pure RUNNER (4H)
2024-10-14 09:10:00+00:00,2024-10-14 09:29:00+00:00,1,-1.1817933794090003,0.04131667713838032,0.0,R1 5m pullb+15m pure RUNNER (4H)
2024-10-14 08:05:00+00:00,2024-10-14 11:01:00+00:00,1,-1.0769561193665675,0.22737035267405387,0.0,S3 5m pullb+15m conf | runner->4H
2024-10-14 14:00:00+00:00,2024-10-14 14:16:00+00:00,1,-1.0818487202515445,0.22735755625413392,0.0,"S4 1h pullback | TP1 .75R, trail 3ATR"
2024-10-14 20:00:00+00:00,2024-10-14 20:49:00+00:00,1,-1.0556656492396863,0.14735024798732602,0.0,"S4 1h pullback | TP1 .75R, trail 3ATR"
2024-10-15 08:00:00+00:00,2024-10-15 09:12:00+00:00,1,0.4391103866077249,0.8775267812419001,1.0,"S4 1h pullback | TP1 .75R, trail 3ATR"
2024-10-15 10:30:00+00:00,2024-10-15 10:43:00+00:00,1,-1.2252941107059894,0.358422448850807,0.0,"S1 15m swing  | TP1 0.5R, runner->4H trend"
2024-10-15 12:30:00+00:00,2024-10-15 12:31:00+00:00,1,0.21552546352147134,0.6511856890385586,1.0,S2 15m pullb+1H conf | runner->4H
2024-10-15 13:30:00+00:00,2024-10-15 13:38:00+00:00,1,-1.107535208418745,0.18976801485665187,0.0,S2 15m pullb+1H conf | runner->4H
2024-10-15 15:00:00+00:00,2024-10-15 16:48:00+00:00,1,0.4434108008238797,1.3639448006554378,1.0,"S4 1h pullback | TP1 .75R, trail 3ATR"
2024-10-15 16:55:00+00:00,2024-10-15 17:11:00+00:00,1,-1.0588842188117458,0.0,0.0,R1 5m pullb+15m pure RUNNER (4H)
2024-10-15 17:25:00+00:00,2024-10-16 00:48:00+00:00,1,-1.0901956813682,1.1937663710490498,0.0,R1 5m pullb+15m pure RUNNER (4H)
2024-10-17 07:15:00+00:00,2024-10-17 07:26:00+00:00,1,-1.1155815931575424,0.24079498574460448,0.0,"S1 15m swing  | TP1 0.5R, runner->4H trend"
2024-10-17 14:00:00+00:00,2024-10-17 15:20:00+00:00,1,0.43997466878565944,1.277462177125972,1.0,"S4 1h pullback | TP1 .75R, trail 3ATR"
2024-10-22 07:15:00+00:00,2024-10-22 07:34:00+00:00,1,-1.2691728039777894,0.30587818633840735,0.0,"S1 15m swing  | TP1 0.5R, runner->4H trend"
2024-10-23 07:15:00+00:00,2024-10-23 07:21:00+00:00,1,-0.026544591076303733,0.6285104342643315,1.0,"S1 15m swing  | TP1 0.5R, runner->4H trend"
2024-10-24 09:15:00+00:00,2024-10-24 09:34:00+00:00,1,0.0598754544238547,0.8947037438879164,1.0,"S1 15m swing  | TP1 0.5R, runner->4H trend"
2024-10-25 15:30:00+00:00,2024-10-25 15:37:00+00:00,1,-1.0893806723580515,0.10515373218596936,0.0,"S1 15m swing  | TP1 0.5R, runner->4H trend"
2024-10-28 07:15:00+00:00,2024-10-28 07:22:00+00:00,1,-1.1616657521192102,0.07348443278133318,0.0,"S1 15m swing  | TP1 0.5R, runner->4H trend"
2024-10-28 14:00:00+00:00,2024-10-28 15:03:00+00:00,1,0.14636871036550989,1.893951155388165,1.0,"S1 15m swing  | TP1 0.5R, runner->4H trend"
2024-10-28 13:00:00+00:00,2024-10-29 11:26:00+00:00,1,1.2819608154102873,3.781674071321874,1.0,"S4 1h pullback | TP1 .75R, trail 3ATR"
2024-10-29 12:00:00+00:00,2024-10-29 13:30:00+00:00,1,0.44275383948547486,0.9428779378861203,1.0,"S4 1h pullback | TP1 .75R, trail 3ATR"
2024-10-30 15:45:00+00:00,2024-10-30 16:11:00+00:00,1,0.17414974167778519,0.5577224876632283,1.0,"S1 15m swing  | TP1 0.5R, runner->4H trend"
2024-10-15 16:55:00+00:00,2024-11-05 04:00:00+00:00,1,4.170707569216049,14.990940705826155,1.0,S3 5m pullb+15m conf | runner->4H
2024-10-15 14:15:00+00:00,2024-11-05 04:00:00+00:00,1,9.520322513654706,33.595587004497354,1.0,S2 15m pullb+1H conf | runner->4H
2024-10-16 05:00:00+00:00,2024-11-05 04:00:00+00:00,1,42.59502666248594,83.41760505566118,0.0,R1 5m pullb+15m pure RUNNER (4H)
2024-11-20 09:45:00+00:00,2024-11-20 09:53:00+00:00,-1,0.10255033913956907,0.6938807569903628,1.0,"S1 15m swing  | TP1 0.5R, runner->4H trend"
2024-11-20 10:50:00+00:00,2024-11-20 11:55:00+00:00,-1,-1.1712532977233883,0.8951876926452056,0.0,R1 5m pullb+15m pure RUNNER (4H)
2024-11-20 10:50:00+00:00,2024-11-20 12:00:00+00:00,-1,-1.0856266488616975,0.4475938463226028,0.0,S3 5m pullb+15m conf | runner->4H
2024-11-27 16:00:00+00:00,2024-11-27 17:11:00+00:00,-1,0.4462604315597935,0.8793747562946873,1.0,"S4 1h pullback | TP1 .75R, trail 3ATR"
2024-11-27 18:00:00+00:00,2024-11-28 03:31:00+00:00,-1,1.1317412844411072,2.024959707616922,1.0,"S4 1h pullback | TP1 .75R, trail 3ATR"
2024-11-28 04:03:00+00:00,2024-11-28 04:28:00+00:00,-1,-1.7103577030436008,0.0,0.0,S3 5m pullb+15m conf | runner->4H
2024-11-28 07:16:00+00:00,2024-11-28 07:23:00+00:00,-1,-0.4655119369725345,0.0,0.0,"S1 15m swing  | TP1 0.5R, runner->4H trend"
2024-11-28 16:04:00+00:00,2024-11-29 01:06:00+00:00,-1,0.46480329787985764,1.0744256436672042,1.0,"S4 1h pullback | TP1 .75R, trail 3ATR"
2024-12-02 04:40:00+00:00,2024-12-02 07:11:00+00:00,-1,0.21469526769006542,0.9374015130570263,1.0,S3 5m pullb+15m conf | runner->4H
2024-12-02 05:50:00+00:00,2024-12-02 07:26:00+00:00,-1,-1.0648076929555452,1.3771634753070483,0.0,R1 5m pullb+15m pure RUNNER (4H)
2024-12-02 07:15:00+00:00,2024-12-02 07:42:00+00:00,-1,-1.094419783207917,0.33324629367499964,0.0,"S1 15m swing  | TP1 0.5R, runner->4H trend"
2024-12-02 13:00:00+00:00,2024-12-02 13:42:00+00:00,-1,-1.0308166489737438,0.5521316274461767,0.0,"S4 1h pullback | TP1 .75R, trail 3ATR"
2024-12-02 17:00:00+00:00,2024-12-02 19:22:00+00:00,-1,0.45817297007627766,0.9964674775948055,1.0,"S4 1h pullback | TP1 .75R, trail 3ATR"
2024-12-02 21:55:00+00:00,2024-12-02 23:17:00+00:00,-1,-1.206915337175459,0.4260021647726638,0.0,R1 5m pullb+15m pure RUNNER (4H)
2024-12-02 21:55:00+00:00,2024-12-02 23:28:00+00:00,-1,-1.1034576685876467,0.2130010823863319,0.0,S3 5m pullb+15m conf | runner->4H
2024-12-03 05:35:00+00:00,2024-12-03 05:48:00+00:00,-1,-1.2968974790316032,0.6747669977989298,0.0,R1 5m pullb+15m pure RUNNER (4H)
2024-12-03 02:55:00+00:00,2024-12-03 06:08:00+00:00,-1,-1.0705810575026693,0.12832919545930752,0.0,S3 5m pullb+15m conf | runner->4H
2024-12-03 13:00:00+00:00,2024-12-03 13:22:00+00:00,-1,-1.0571165596615197,0.36957773898640156,0.0,"S4 1h pullback | TP1 .75R, trail 3ATR"
2024-12-03 16:00:00+00:00,2024-12-03 16:50:00+00:00,-1,-1.046312768152241,0.2043210359658992,0.0,"S4 1h pullback | TP1 .75R, trail 3ATR"
2024-12-04 01:25:00+00:00,2024-12-04 01:31:00+00:00,-1,-1.3233893420797391,0.23954766080000267,0.0,R1 5m pullb+15m pure RUNNER (4H)
2024-12-04 01:25:00+00:00,2024-12-04 01:56:00+00:00,-1,-1.1616946710399647,0.11977383040000134,0.0,S3 5m pullb+15m conf | runner->4H
2024-12-04 09:45:00+00:00,2024-12-04 09:52:00+00:00,-1,0.0692584472570355,1.0631856043705639,1.0,"S1 15m swing  | TP1 0.5R, runner->4H trend"
2024-12-04 10:40:00+00:00,2024-12-04 10:56:00+00:00,-1,-1.1763223078823652,0.48087902149746603,0.0,R1 5m pullb+15m pure RUNNER (4H)
2024-12-04 09:45:00+00:00,2024-12-04 11:27:00+00:00,-1,-1.057318573051523,0.33716807677378224,0.0,S3 5m pullb+15m conf | runner->4H
2024-12-04 12:30:00+00:00,2024-12-04 12:36:00+00:00,-1,0.06403338319492227,0.8751370202591912,1.0,"S1 15m swing  | TP1 0.5R, runner->4H trend"
2024-12-04 13:00:00+00:00,2024-12-04 13:05:00+00:00,-1,0.4262757463357607,0.8042645854282512,1.0,"S4 1h pullback | TP1 .75R, trail 3ATR"
2024-12-04 13:00:00+00:00,2024-12-04 13:06:00+00:00,-1,0.18291243881868138,2.0955006674335483,1.0,S2 15m pullb+1H conf | runner->4H
2024-12-05 20:15:00+00:00,2024-12-06 03:20:00+00:00,-1,0.1966226924051049,3.110608615013359,1.0,S3 5m pullb+15m conf | runner->4H
2024-12-06 11:00:00+00:00,2024-12-06 12:42:00+00:00,-1,-1.0604802887102782,0.2474193629057665,0.0,"S4 1h pullback | TP1 .75R, trail 3ATR"
2024-12-06 14:15:00+00:00,2024-12-06 14:43:00+00:00,-1,0.29226482905020895,0.48792536713980594,1.0,S2 15m pullb+1H conf | runner->4H
2024-12-06 14:15:00+00:00,2024-12-06 14:44:00+00:00,-1,0.16726482905022425,0.5091395135372685,1.0,"S1 15m swing  | TP1 0.5R, runner->4H trend"
2024-12-06 14:00:00+00:00,2024-12-06 14:50:00+00:00,-1,0.43529544313123586,1.5317813462800496,1.0,"S4 1h pullback | TP1 .75R, trail 3ATR"
2024-12-06 15:45:00+00:00,2024-12-06 16:20:00+00:00,-1,-1.0997382764200783,0.12929035832225752,0.0,S2 15m pullb+1H conf | runner->4H
2024-12-06 19:15:00+00:00,2024-12-06 19:52:00+00:00,-1,0.27198509997221837,0.5150745001386977,1.0,S2 15m pullb+1H conf | runner->4H
2024-12-06 19:15:00+00:00,2024-12-06 19:57:00+00:00,-1,0.14698509997222872,0.5150745001386977,1.0,"S1 15m swing  | TP1 0.5R, runner->4H trend"
2024-12-06 18:00:00+00:00,2024-12-08 23:00:00+00:00,-1,-1.093548034715104,0.4683018204219445,0.0,"S4 1h pullback | TP1 .75R, trail 3ATR"
2024-12-06 15:45:00+00:00,2024-12-08 23:00:00+00:00,-1,-1.2288688068473095,0.4122828248080639,0.0,R1 5m pullb+15m pure RUNNER (4H)
2024-12-06 15:45:00+00:00,2024-12-08 23:00:00+00:00,-1,-1.0359085040961928,0.20614141240403194,0.0,S3 5m pullb+15m conf | runner->4H
2024-12-12 01:25:00+00:00,2024-12-12 01:30:00+00:00,1,-1.0173728248534433,0.34745649706815385,0.0,R1 5m pullb+15m pure RUNNER (4H)
2024-12-12 01:25:00+00:00,2024-12-12 01:30:00+00:00,1,-1.008686412426776,0.17372824853407692,0.0,S3 5m pullb+15m conf | runner->4H
2024-12-12 07:15:00+00:00,2024-12-12 07:22:00+00:00,1,-1.1431497781441007,0.2385829635734581,0.0,"S1 15m swing  | TP1 0.5R, runner->4H trend"
2024-12-12 08:15:00+00:00,2024-12-12 08:16:00+00:00,1,0.1285695169389342,0.442311123443114,1.0,S2 15m pullb+1H conf | runner->4H
2024-12-12 08:05:00+00:00,2024-12-12 09:07:00+00:00,1,0.17137671887427142,1.2200164312612956,1.0,S3 5m pullb+15m conf | runner->4H
2024-12-12 09:30:00+00:00,2024-12-12 09:31:00+00:00,1,0.1560565762137011,0.4449951653037179,1.0,S2 15m pullb+1H conf | runner->4H
2024-12-12 08:05:00+00:00,2024-12-12 09:41:00+00:00,1,-1.1301350860013009,2.440032862522591,0.0,R1 5m pullb+15m pure RUNNER (4H)
2024-12-12 09:20:00+00:00,2024-12-12 09:46:00+00:00,1,-1.0449081847804391,0.20582918024340502,0.0,S3 5m pullb+15m conf | runner->4H
2024-12-16 16:45:00+00:00,2024-12-16 17:22:00+00:00,-1,-1.1110528240750381,0.09798778594856873,0.0,"S1 15m swing  | TP1 0.5R, runner->4H trend"
2024-12-16 17:30:00+00:00,2024-12-16 18:35:00+00:00,-1,0.19499105116677826,0.6449325035619725,1.0,S3 5m pullb+15m conf | runner->4H
2024-12-16 19:25:00+00:00,2024-12-16 19:43:00+00:00,-1,0.13137577193313563,0.8373474922366524,1.0,S3 5m pullb+15m conf | runner->4H
2024-12-16 19:55:00+00:00,2024-12-16 20:00:00+00:00,-1,0.12935807918966638,0.21559679864952022,0.0,S3 5m pullb+15m conf | runner->4H
2024-12-16 17:30:00+00:00,2024-12-16 20:00:00+00:00,-1,0.6676948272170486,1.289865007123945,0.0,R1 5m pullb+15m pure RUNNER (4H)
2024-12-16 21:00:00+00:00,2024-12-16 21:35:00+00:00,-1,0.08804220466638567,0.7621543309819091,1.0,S3 5m pullb+15m conf | runner->4H
2024-12-16 21:00:00+00:00,2024-12-17 00:00:00+00:00,-1,1.390931654041841,2.000655118827403,0.0,R1 5m pullb+15m pure RUNNER (4H)
2024-12-16 21:40:00+00:00,2024-12-17 00:00:00+00:00,-1,0.44454658131255964,0.7816203627473401,1.0,S3 5m pullb+15m conf | runner->4H
2024-12-17 00:10:00+00:00,2024-12-17 00:24:00+00:00,-1,0.07777854394646544,0.6532537988242025,1.0,S3 5m pullb+15m conf | runner->4H
2024-12-17 00:30:00+00:00,2024-12-17 00:49:00+00:00,-1,0.07524643563008335,0.7231181973925733,1.0,S3 5m pullb+15m conf | runner->4H
2024-12-17 00:10:00+00:00,2024-12-17 00:53:00+00:00,-1,-1.2850562031225776,1.5440544335841841,0.0,R1 5m pullb+15m pure RUNNER (4H)
2024-12-17 05:35:00+00:00,2024-12-17 07:13:00+00:00,-1,0.1387351848622953,1.6547075071761042,1.0,S3 5m pullb+15m conf | runner->4H
2024-12-17 05:50:00+00:00,2024-12-17 07:22:00+00:00,-1,-1.1219577159673488,3.150574329152994,0.0,R1 5m pullb+15m pure RUNNER (4H)
2024-12-17 08:25:00+00:00,2024-12-17 12:00:00+00:00,-1,2.765812020491712,5.025508954759451,0.0,R1 5m pullb+15m pure RUNNER (4H)
2024-12-17 08:25:00+00:00,2024-12-17 12:00:00+00:00,-1,0.9111573837644388,2.5127544773797257,1.0,S3 5m pullb+15m conf | runner->4H
2024-12-17 13:30:00+00:00,2024-12-17 13:40:00+00:00,-1,0.19752069563372907,0.7100141178964933,1.0,S3 5m pullb+15m conf | runner->4H
2024-12-17 13:45:00+00:00,2024-12-17 15:16:00+00:00,-1,0.22299798387939854,1.136334845075332,1.0,S3 5m pullb+15m conf | runner->4H
2024-12-17 13:30:00+00:00,2024-12-17 16:00:00+00:00,-1,0.8828871205147313,3.580940768521487,0.0,R1 5m pullb+15m pure RUNNER (4H)
2024-12-17 15:45:00+00:00,2024-12-17 16:00:00+00:00,-1,-0.20217290564596074,0.1511573126324726,0.0,S3 5m pullb+15m conf | runner->4H
2024-12-17 16:05:00+00:00,2024-12-17 17:22:00+00:00,-1,-1.070022947359941,0.41189969035236496,0.0,R1 5m pullb+15m pure RUNNER (4H)
2024-12-17 16:05:00+00:00,2024-12-17 17:58:00+00:00,-1,-1.0350114736799432,0.20594984517618248,0.0,S3 5m pullb+15m conf | runner->4H
2024-12-18 07:45:00+00:00,2024-12-18 07:51:00+00:00,-1,-1.3811975481912933,0.34654322562876555,0.0,"S1 15m swing  | TP1 0.5R, runner->4H trend"
2024-12-18 08:25:00+00:00,2024-12-18 08:31:00+00:00,-1,-1.1070142376748837,0.35671412558290083,0.0,R1 5m pullb+15m pure RUNNER (4H)
2024-12-18 08:25:00+00:00,2024-12-18 08:47:00+00:00,-1,-1.0535071188374405,0.17835706279145042,0.0,S3 5m pullb+15m conf | runner->4H
2024-12-18 10:00:00+00:00,2024-12-18 13:19:00+00:00,-1,0.4452727833644199,1.0756728786996872,1.0,"S4 1h pullback | TP1 .75R, trail 3ATR"
2024-12-18 14:00:00+00:00,2024-12-18 14:04:00+00:00,-1,0.09355200427963549,0.9171089404297915,1.0,"S1 15m swing  | TP1 0.5R, runner->4H trend"
2024-12-18 14:00:00+00:00,2024-12-19 01:37:00+00:00,-1,3.8534520296542536,12.06355878309759,1.0,"S4 1h pullback | TP1 .75R, trail 3ATR"
2024-12-19 13:30:00+00:00,2024-12-19 13:39:00+00:00,-1,0.15602101040612323,1.520248361077526,1.0,"S1 15m swing  | TP1 0.5R, runner->4H trend"
2024-12-19 19:30:00+00:00,2024-12-19 21:41:00+00:00,-1,0.23837961255128956,1.2201406821097598,1.0,S2 15m pullb+1H conf | runner->4H
2024-12-19 11:00:00+00:00,2024-12-20 01:58:00+00:00,-1,1.277487126973254,3.7686275631850337,1.0,"S4 1h pullback | TP1 .75R, trail 3ATR"
2024-12-20 11:00:00+00:00,2024-12-20 13:30:00+00:00,-1,0.4454876791768185,0.7695857057387033,1.0,"S4 1h pullback | TP1 .75R, trail 3ATR"
2024-12-23 13:30:00+00:00,2024-12-23 13:34:00+00:00,-1,-1.0203105602700326,0.3554348047291028,0.0,"S1 15m swing  | TP1 0.5R, runner->4H trend"
2024-12-24 08:00:00+00:00,2024-12-24 10:15:00+00:00,-1,0.4341281699816506,0.9994346623473676,1.0,"S4 1h pullback | TP1 .75R, trail 3ATR"
2024-12-24 11:00:00+00:00,2024-12-24 11:07:00+00:00,-1,-0.045743407032338014,0.7828501950858608,1.0,"S1 15m swing  | TP1 0.5R, runner->4H trend"
2024-12-24 11:30:00+00:00,2024-12-24 11:34:00+00:00,-1,0.048807575837009495,0.7527517480686637,1.0,S2 15m pullb+1H conf | runner->4H
2024-12-24 13:00:00+00:00,2024-12-24 13:01:00+00:00,-1,0.09376188077404865,0.7444538450096134,1.0,S2 15m pullb+1H conf | runner->4H
2024-12-24 14:45:00+00:00,2024-12-24 16:13:00+00:00,-1,0.15523359551344387,3.4257704228796326,1.0,S2 15m pullb+1H conf | runner->4H
2024-12-24 15:00:00+00:00,2024-12-24 16:15:00+00:00,-1,-1.0735502789441544,0.17305947986865555,0.0,"S4 1h pullback | TP1 .75R, trail 3ATR"
2024-12-27 09:45:00+00:00,2024-12-27 09:48:00+00:00,-1,-0.028993273597934688,0.7973150239422311,1.0,"S1 15m swing  | TP1 0.5R, runner->4H trend"
2024-12-30 07:15:00+00:00,2024-12-30 07:32:00+00:00,-1,0.029440845042000726,0.8366036912197715,1.0,"S1 15m swing  | TP1 0.5R, runner->4H trend"
2024-12-30 13:45:00+00:00,2024-12-30 13:51:00+00:00,-1,0.2541975787372177,0.5885246164085852,1.0,S2 15m pullb+1H conf | runner->4H
2024-12-30 14:00:00+00:00,2024-12-30 14:15:00+00:00,-1,-1.0799278573839148,0.19241891592405103,0.0,"S4 1h pullback | TP1 .75R, trail 3ATR"
2024-12-31 11:00:00+00:00,2024-12-31 13:23:00+00:00,-1,0.4460415901697881,1.246625330559473,1.0,"S4 1h pullback | TP1 .75R, trail 3ATR"
2024-12-18 14:00:00+00:00,2025-01-02 12:45:00+00:00,-1,0.2005490763557604,10.77689094591518,1.0,S3 5m pullb+15m conf | runner->4H
2024-12-18 14:00:00+00:00,2025-01-02 14:16:00+00:00,-1,-1.0818498046525467,21.55378189183036,0.0,R1 5m pullb+15m pure RUNNER (4H)
2025-01-13 00:45:00+00:00,2025-01-13 01:00:00+00:00,1,0.1609964782273029,0.5020711484614612,1.0,S3 5m pullb+15m conf | runner->4H
2025-01-13 00:45:00+00:00,2025-01-13 01:03:00+00:00,1,-1.2008284593844984,1.0041422969229223,0.0,R1 5m pullb+15m pure RUNNER (4H)
2025-01-13 09:00:00+00:00,2025-01-13 09:27:00+00:00,1,-1.0329557900081456,0.04119473751015299,0.0,"S4 1h pullback | TP1 .75R, trail 3ATR"
2025-01-14 23:55:00+00:00,2025-01-15 00:59:00+00:00,1,-1.216534095851573,0.3444860615819721,0.0,S3 5m pullb+15m conf | runner->4H
2025-01-15 05:00:00+00:00,2025-01-15 05:15:00+00:00,1,-1.2520351978853077,0.6300879947131047,0.0,R1 5m pullb+15m pure RUNNER (4H)
2025-01-15 16:30:00+00:00,2025-01-15 16:40:00+00:00,1,0.29448071057976555,0.6193791493864488,1.0,S2 15m pullb+1H conf | runner->4H
2025-01-17 13:00:00+00:00,2025-01-17 13:16:00+00:00,1,-1.045306578002793,0.18877740834495169,0.0,"S4 1h pullback | TP1 .75R, trail 3ATR"
2025-01-17 15:00:00+00:00,2025-01-17 15:15:00+00:00,1,0.44404862793214805,0.8721831528223118,1.0,"S4 1h pullback | TP1 .75R, trail 3ATR"
2025-01-21 08:00:00+00:00,2025-01-21 08:53:00+00:00,1,-1.0696011255775928,0.03866729198749555,0.0,"S4 1h pullback | TP1 .75R, trail 3ATR"
2025-01-21 15:00:00+00:00,2025-01-21 16:30:00+00:00,1,0.4658782701918559,0.8118618471590513,1.0,"S4 1h pullback | TP1 .75R, trail 3ATR"
2025-01-23 17:00:00+00:00,2025-01-23 18:11:00+00:00,1,0.45369389330156457,0.8716443613820624,1.0,"S4 1h pullback | TP1 .75R, trail 3ATR"
2025-01-27 12:00:00+00:00,2025-01-27 12:18:00+00:00,1,-1.0451752480514285,0.06643418831092782,0.0,"S4 1h pullback | TP1 .75R, trail 3ATR"
2025-01-29 14:00:00+00:00,2025-01-29 14:26:00+00:00,1,0.4172072775933056,1.2737341908725823,1.0,"S4 1h pullback | TP1 .75R, trail 3ATR"
2025-01-29 20:00:00+00:00,2025-01-31 10:15:00+00:00,1,3.754814705272989,9.708607595769243,1.0,"S4 1h pullback | TP1 .75R, trail 3ATR"
2025-02-04 10:00:00+00:00,2025-02-04 10:35:00+00:00,1,-1.0293869978677765,0.01224458244488117,0.0,"S4 1h pullback | TP1 .75R, trail 3ATR"
2025-02-04 13:00:00+00:00,2025-02-04 13:58:00+00:00,1,0.9073480477242202,2.298352131364791,1.0,"S4 1h pullback | TP1 .75R, trail 3ATR"
2025-01-15 05:00:00+00:00,2025-02-06 10:03:00+00:00,1,43.0224733744477,98.66127850550865,1.0,S3 5m pullb+15m conf | runner->4H
2025-01-15 05:35:00+00:00,2025-02-06 10:38:00+00:00,1,182.31696673636654,206.44844749285704,0.0,R1 5m pullb+15m pure RUNNER (4H)
2025-02-06 12:00:00+00:00,2025-02-06 12:10:00+00:00,1,0.4525672220388818,0.7672949376066047,1.0,"S4 1h pullback | TP1 .75R, trail 3ATR"
2025-01-15 07:15:00+00:00,2025-02-06 12:18:00+00:00,1,77.47049546031872,168.5871265234866,1.0,"S1 15m swing  | TP1 0.5R, runner->4H trend"
2025-01-15 16:45:00+00:00,2025-02-06 21:48:00+00:00,1,15.066445233024245,35.0775125833186,1.0,S2 15m pullb+1H conf | runner->4H
2025-02-07 03:45:00+00:00,2025-02-07 05:32:00+00:00,1,-1.1484996922546644,0.2699994404631254,0.0,S3 5m pullb+15m conf | runner->4H
2025-02-07 07:15:00+00:00,2025-02-07 07:20:00+00:00,1,0.18708067350679375,1.1015960518563288,1.0,S2 15m pullb+1H conf | runner->4H
2025-02-07 07:15:00+00:00,2025-02-07 07:28:00+00:00,1,0.062080673506750714,1.1015960518563288,1.0,"S1 15m swing  | TP1 0.5R, runner->4H trend"
2025-02-07 08:35:00+00:00,2025-02-07 10:17:00+00:00,1,0.17885432632479206,1.9460434269987392,1.0,S3 5m pullb+15m conf | runner->4H
2025-02-07 10:30:00+00:00,2025-02-07 10:31:00+00:00,1,0.27861266442796745,0.6425822371466494,1.0,S2 15m pullb+1H conf | runner->4H
2025-02-07 12:30:00+00:00,2025-02-07 12:33:00+00:00,1,0.23616628026021455,0.5744843575437444,1.0,S2 15m pullb+1H conf | runner->4H
2025-02-07 12:45:00+00:00,2025-02-07 12:48:00+00:00,1,-1.162509241483595,0.0,0.0,S2 15m pullb+1H conf | runner->4H
2025-02-07 08:35:00+00:00,2025-02-07 13:12:00+00:00,1,-1.142291347350517,3.8920868539974784,0.0,R1 5m pullb+15m pure RUNNER (4H)
2025-02-07 10:35:00+00:00,2025-02-07 13:13:00+00:00,1,-1.0600089867577087,0.21821449730054987,0.0,S3 5m pullb+15m conf | runner->4H
2025-02-07 14:30:00+00:00,2025-02-07 14:32:00+00:00,1,0.3037646044489936,0.5237896731691342,1.0,S2 15m pullb+1H conf | runner->4H
2025-02-07 15:00:00+00:00,2025-02-07 15:53:00+00:00,1,0.45883977448879276,1.2469127140159588,1.0,"S4 1h pullback | TP1 .75R, trail 3ATR"
2025-02-07 16:10:00+00:00,2025-02-07 16:15:00+00:00,1,-1.0642814962809388,0.0803518703511801,0.0,R1 5m pullb+15m pure RUNNER (4H)
2025-02-07 16:10:00+00:00,2025-02-07 17:01:00+00:00,1,-1.032140748140465,0.04017593517559005,0.0,S3 5m pullb+15m conf | runner->4H
2025-02-10 17:45:00+00:00,2025-02-10 17:57:00+00:00,1,0.2891673995456236,0.5553874147049425,1.0,S2 15m pullb+1H conf | runner->4H
2025-02-10 07:15:00+00:00,2025-02-11 13:01:00+00:00,1,0.08782587678138896,26.281747615716366,1.0,"S1 15m swing  | TP1 0.5R, runner->4H trend"
2025-02-11 18:00:00+00:00,2025-02-12 00:44:00+00:00,1,-1.0327631030535458,0.30835861697470063,0.0,"S4 1h pullback | TP1 .75R, trail 3ATR"
2025-02-10 01:45:00+00:00,2025-02-12 13:30:00+00:00,1,-0.983766931771999,20.156059716346483,0.0,R1 5m pullb+15m pure RUNNER (4H)
2025-02-10 01:45:00+00:00,2025-02-12 13:30:00+00:00,1,0.23106142040074287,10.078029858173242,1.0,S3 5m pullb+15m conf | runner->4H
2025-02-12 18:15:00+00:00,2025-02-12 19:06:00+00:00,1,-1.079795044675,0.018135237426132714,0.0,"S1 15m swing  | TP1 0.5R, runner->4H trend"
2025-02-13 09:30:00+00:00,2025-02-13 09:55:00+00:00,1,0.30285560942866496,1.172346346783818,1.0,S2 15m pullb+1H conf | runner->4H
2025-02-13 14:45:00+00:00,2025-02-13 14:54:00+00:00,1,0.31534942454830095,0.5553674266192701,1.0,S2 15m pullb+1H conf | runner->4H
2025-02-13 17:15:00+00:00,2025-02-13 18:14:00+00:00,1,0.2895891061937025,1.080196598138234,1.0,S2 15m pullb+1H conf | runner->4H
2025-02-13 18:30:00+00:00,2025-02-13 18:41:00+00:00,1,0.27732370595580397,0.8331213315534877,1.0,S2 15m pullb+1H conf | runner->4H
2025-02-13 18:45:00+00:00,2025-02-13 18:52:00+00:00,1,0.3090407337209283,0.7420417456391094,1.0,S2 15m pullb+1H conf | runner->4H
2025-02-13 15:00:00+00:00,2025-02-14 03:43:00+00:00,1,0.9886815445123228,2.596816116499322,1.0,"S4 1h pullback | TP1 .75R, trail 3ATR"
2025-02-14 08:15:00+00:00,2025-02-14 08:19:00+00:00,1,0.1884582509790836,0.5261433946741924,1.0,S2 15m pullb+1H conf | runner->4H
2025-02-12 23:50:00+00:00,2025-02-14 15:15:00+00:00,1,0.15502658198852134,11.626056342785807,1.0,S3 5m pullb+15m conf | runner->4H
2025-02-12 23:50:00+00:00,2025-02-14 15:17:00+00:00,1,-1.1571973815364223,23.252112685571614,0.0,R1 5m pullb+15m pure RUNNER (4H)
2025-02-18 06:40:00+00:00,2025-02-18 07:13:00+00:00,1,0.1726250466584303,0.5158330222771383,1.0,S3 5m pullb+15m conf | runner->4H
2025-02-18 07:15:00+00:00,2025-02-18 07:25:00+00:00,1,0.030798779627245077,0.6974584284583417,1.0,"S1 15m swing  | TP1 0.5R, runner->4H trend"
2025-02-18 08:45:00+00:00,2025-02-18 10:45:00+00:00,1,-1.1398362737879377,0.73096234025563,0.0,R1 5m pullb+15m pure RUNNER (4H)
2025-02-19 07:15:00+00:00,2025-02-19 07:36:00+00:00,1,0.20472152122734755,1.30212954355584,1.0,S2 15m pullb+1H conf | runner->4H
2025-02-19 13:15:00+00:00,2025-02-19 13:24:00+00:00,1,-1.0416275480560329,0.17840377738252017,0.0,S2 15m pullb+1H conf | runner->4H
2025-02-19 13:30:00+00:00,2025-02-19 13:37:00+00:00,1,0.3335832761791285,0.6804176056292781,1.0,S2 15m pullb+1H conf | runner->4H
2025-02-19 14:15:00+00:00,2025-02-19 14:18:00+00:00,1,-1.060147377649885,0.07518422206238494,0.0,S2 15m pullb+1H conf | runner->4H
2025-02-20 07:15:00+00:00,2025-02-20 07:45:00+00:00,1,0.038820492288231624,3.790401420468433,1.0,"S1 15m swing  | TP1 0.5R, runner->4H trend"
2025-02-19 20:00:00+00:00,2025-02-20 12:23:00+00:00,1,1.1205092542849102,3.1459646785507527,1.0,"S4 1h pullback | TP1 .75R, trail 3ATR"
2025-02-20 17:00:00+00:00,2025-02-20 19:37:00+00:00,1,-1.0162027928470434,0.6018180200337147,0.0,"S4 1h pullback | TP1 .75R, trail 3ATR"
2025-02-21 19:15:00+00:00,2025-02-21 19:40:00+00:00,1,-1.0899879168445845,0.23820330929461161,0.0,"S1 15m swing  | TP1 0.5R, runner->4H trend"
2025-02-24 07:15:00+00:00,2025-02-24 08:39:00+00:00,1,0.13314502059190844,1.924670249074316,1.0,"S1 15m swing  | TP1 0.5R, runner->4H trend"
2025-02-24 11:30:00+00:00,2025-02-24 11:35:00+00:00,1,0.27778664005912296,0.6642897393871654,1.0,S2 15m pullb+1H conf | runner->4H
2025-02-24 17:00:00+00:00,2025-02-25 03:24:00+00:00,1,0.46307795797033924,1.188028270297902,1.0,"S4 1h pullback | TP1 .75R, trail 3ATR"
2025-02-24 16:15:00+00:00,2025-02-25 03:35:00+00:00,1,0.32121202471124727,2.040233545435193,1.0,S2 15m pullb+1H conf | runner->4H
2025-02-18 08:45:00+00:00,2025-02-25 15:24:00+00:00,1,0.18802710593484695,7.84989991491855,1.0,S3 5m pullb+15m conf | runner->4H
2025-02-18 11:40:00+00:00,2025-02-25 15:24:00+00:00,1,-1.194283110924174,27.94248271821581,0.0,R1 5m pullb+15m pure RUNNER (4H)
2025-02-27 00:20:00+00:00,2025-02-27 00:36:00+00:00,1,-1.1792351494299083,0.29872524904963793,0.0,R1 5m pullb+15m pure RUNNER (4H)
2025-02-27 00:20:00+00:00,2025-02-27 01:09:00+00:00,1,-1.0896175747150711,0.14936262452481897,0.0,S3 5m pullb+15m conf | runner->4H
2025-03-06 07:15:00+00:00,2025-03-06 07:19:00+00:00,1,-1.240917695873414,0.2737701089472458,0.0,S2 15m pullb+1H conf | runner->4H
2025-03-06 07:15:00+00:00,2025-03-06 07:19:00+00:00,1,-1.240917695873414,0.2737701089472458,0.0,"S1 15m swing  | TP1 0.5R, runner->4H trend"
2025-03-06 15:00:00+00:00,2025-03-06 15:05:00+00:00,1,0.45427863708186017,0.831297507602317,1.0,"S4 1h pullback | TP1 .75R, trail 3ATR"
2025-03-06 17:00:00+00:00,2025-03-07 00:06:00+00:00,1,-1.024506723841832,0.4390788021660824,0.0,"S4 1h pullback | TP1 .75R, trail 3ATR"
2025-03-07 08:45:00+00:00,2025-03-07 09:06:00+00:00,1,0.08077590345021694,1.1447512413660357,1.0,"S1 15m swing  | TP1 0.5R, runner->4H trend"
2025-03-07 10:10:00+00:00,2025-03-07 10:24:00+00:00,1,-1.0822551476082933,0.09677076189207552,0.0,S3 5m pullb+15m conf | runner->4H
2025-03-07 11:10:00+00:00,2025-03-07 11:49:00+00:00,1,-1.1268195396392595,0.7086974273960002,0.0,R1 5m pullb+15m pure RUNNER (4H)
2025-03-07 10:45:00+00:00,2025-03-07 12:00:00+00:00,1,-0.3483294409778026,0.4354118012222016,0.0,S3 5m pullb+15m conf | runner->4H
2025-03-07 12:15:00+00:00,2025-03-07 12:54:00+00:00,1,0.16558339696797753,0.6926490505193935,1.0,S3 5m pullb+15m conf | runner->4H
2025-03-07 12:15:00+00:00,2025-03-07 13:00:00+00:00,1,-1.190478488892824,1.385298101038787,0.0,R1 5m pullb+15m pure RUNNER (4H)
2025-03-07 13:45:00+00:00,2025-03-07 13:46:00+00:00,1,-1.03680374724651,0.0,0.0,S2 15m pullb+1H conf | runner->4H
2025-03-07 15:00:00+00:00,2025-03-07 15:38:00+00:00,1,-1.0260472714995525,0.4341211916590067,0.0,"S4 1h pullback | TP1 .75R, trail 3ATR"
2025-03-12 09:00:00+00:00,2025-03-12 09:03:00+00:00,1,0.02390047830315324,1.9526776873825922,1.0,"S1 15m swing  | TP1 0.5R, runner->4H trend"
2025-03-12 08:00:00+00:00,2025-03-12 09:44:00+00:00,1,0.44509866880301713,1.9053991415415996,1.0,"S4 1h pullback | TP1 .75R, trail 3ATR"
2025-03-12 13:00:00+00:00,2025-03-12 13:04:00+00:00,1,0.14020977874588414,0.7571739396834808,1.0,"S1 15m swing  | TP1 0.5R, runner->4H trend"
2025-03-12 13:15:00+00:00,2025-03-12 13:18:00+00:00,1,-1.0678297949238456,0.0,0.0,R1 5m pullb+15m pure RUNNER (4H)
2025-03-12 13:15:00+00:00,2025-03-12 13:24:00+00:00,1,-1.0339148974619252,0.0,0.0,S3 5m pullb+15m conf | runner->4H
2025-03-12 19:20:00+00:00,2025-03-12 19:26:00+00:00,1,-1.1497908240504133,0.26433674832408344,0.0,R1 5m pullb+15m pure RUNNER (4H)
2025-03-12 19:30:00+00:00,2025-03-12 19:50:00+00:00,1,-1.1367557439331453,0.16088911050955615,0.0,R1 5m pullb+15m pure RUNNER (4H)
2025-03-12 18:25:00+00:00,2025-03-13 07:43:00+00:00,1,0.2078146185961888,1.9638022377632542,1.0,S3 5m pullb+15m conf | runner->4H
2025-03-13 08:15:00+00:00,2025-03-13 08:18:00+00:00,1,0.21236240844830195,1.1216385624255096,1.0,S2 15m pullb+1H conf | runner->4H
2025-03-13 10:30:00+00:00,2025-03-13 12:22:00+00:00,1,0.21176943974744283,1.0988036968029107,1.0,S3 5m pullb+15m conf | runner->4H
2025-03-13 12:45:00+00:00,2025-03-13 12:53:00+00:00,1,0.22076061449216566,0.7514226473458401,1.0,S2 15m pullb+1H conf | runner->4H
2025-03-17 09:00:00+00:00,2025-03-17 12:05:00+00:00,1,0.8546667544592529,2.1693471307201295,1.0,"S4 1h pullback | TP1 .75R, trail 3ATR"
2025-03-17 14:00:00+00:00,2025-03-19 08:59:00+00:00,1,3.2226765417577408,8.395141855943145,1.0,"S4 1h pullback | TP1 .75R, trail 3ATR"
2025-03-19 16:00:00+00:00,2025-03-19 16:51:00+00:00,1,0.43822828237215256,0.9265757644175233,1.0,"S4 1h pullback | TP1 .75R, trail 3ATR"
2025-03-19 19:00:00+00:00,2025-03-19 19:11:00+00:00,1,0.4445290655334002,0.7564218336356946,1.0,"S4 1h pullback | TP1 .75R, trail 3ATR"
2025-03-20 13:00:00+00:00,2025-03-20 13:08:00+00:00,1,-1.0574903623500558,0.013065991443189116,0.0,"S4 1h pullback | TP1 .75R, trail 3ATR"
2025-03-20 15:00:00+00:00,2025-03-21 00:21:00+00:00,1,0.4643465178972988,0.8114240754407417,1.0,"S4 1h pullback | TP1 .75R, trail 3ATR"
2025-03-28 16:00:00+00:00,2025-03-28 18:37:00+00:00,1,-1.0039977472428268,0.3749369180574706,0.0,"S4 1h pullback | TP1 .75R, trail 3ATR"
2025-04-02 08:00:00+00:00,2025-04-02 10:40:00+00:00,1,0.46938777908636947,1.308936342513754,1.0,"S4 1h pullback | TP1 .75R, trail 3ATR"
2025-04-02 12:00:00+00:00,2025-04-02 13:46:00+00:00,1,0.46149422084554,1.2933992485217682,1.0,"S4 1h pullback | TP1 .75R, trail 3ATR"
2025-03-12 14:45:00+00:00,2025-04-03 14:30:00+00:00,1,27.387548873135326,70.58734805880833,1.0,"S1 15m swing  | TP1 0.5R, runner->4H trend"
2025-03-12 20:40:00+00:00,2025-04-03 20:25:00+00:00,1,84.62814613549756,122.04760183787316,0.0,R1 5m pullb+15m pure RUNNER (4H)
2025-03-13 12:40:00+00:00,2025-04-04 12:23:00+00:00,1,7.830696798945565,24.764444129268156,1.0,S3 5m pullb+15m conf | runner->4H
2025-03-13 13:30:00+00:00,2025-04-04 13:13:00+00:00,1,19.174743768227113,71.22425506988914,1.0,S2 15m pullb+1H conf | runner->4H
2025-04-10 16:15:00+00:00,2025-04-10 16:56:00+00:00,1,0.23109932551434267,0.8853473838026861,1.0,"S1 15m swing  | TP1 0.5R, runner->4H trend"
2025-04-11 07:15:00+00:00,2025-04-11 08:07:00+00:00,1,0.3411992566167623,0.5169525458613664,1.0,S2 15m pullb+1H conf | runner->4H
2025-04-11 12:15:00+00:00,2025-04-11 13:55:00+00:00,1,0.3652315656926615,2.8871150286120213,1.0,S2 15m pullb+1H conf | runner->4H
2025-04-14 07:15:00+00:00,2025-04-14 07:39:00+00:00,1,0.19695292478948107,1.0243573144100795,1.0,"S1 15m swing  | TP1 0.5R, runner->4H trend"
2025-04-14 07:30:00+00:00,2025-04-14 07:46:00+00:00,1,-1.0445144322108135,0.5007873623710795,0.0,S2 15m pullb+1H conf | runner->4H
2025-04-14 12:00:00+00:00,2025-04-14 12:35:00+00:00,1,-1.0295861744089012,0.34965478846908254,0.0,"S4 1h pullback | TP1 .75R, trail 3ATR"
2025-04-15 07:15:00+00:00,2025-04-15 07:20:00+00:00,1,0.15258627694581955,0.7725915966372996,1.0,"S1 15m swing  | TP1 0.5R, runner->4H trend"
2025-04-15 08:00:00+00:00,2025-04-15 08:02:00+00:00,1,0.1934930684058564,0.6245502965664339,1.0,S2 15m pullb+1H conf | runner->4H
2025-04-15 10:15:00+00:00,2025-04-15 10:33:00+00:00,1,-1.0716852161965802,0.029868840081865838,0.0,S2 15m pullb+1H conf | runner->4H
2025-04-15 12:15:00+00:00,2025-04-15 12:18:00+00:00,1,0.2496836600488098,0.7069126869042853,1.0,S2 15m pullb+1H conf | runner->4H
2025-04-15 08:00:00+00:00,2025-04-15 12:25:00+00:00,1,-1.0317369967491707,0.5880678809402379,0.0,"S4 1h pullback | TP1 .75R, trail 3ATR"
2025-04-15 13:15:00+00:00,2025-04-15 13:37:00+00:00,1,-1.12990180869452,0.3608383574846507,0.0,S2 15m pullb+1H conf | runner->4H
2025-04-15 17:45:00+00:00,2025-04-15 17:49:00+00:00,1,0.17219189924244188,0.5902683505742766,1.0,"S1 15m swing  | TP1 0.5R, runner->4H trend"
2025-04-15 13:00:00+00:00,2025-04-17 01:55:00+00:00,1,5.059209463563819,12.97709955953277,1.0,"S4 1h pullback | TP1 .75R, trail 3ATR"
2025-04-21 07:15:00+00:00,2025-04-21 07:27:00+00:00,1,0.17120620435402006,0.5793661444556734,1.0,"S1 15m swing  | TP1 0.5R, runner->4H trend"
2025-04-17 17:00:00+00:00,2025-04-22 08:55:00+00:00,1,4.318143649062159,11.305889738413365,1.0,"S4 1h pullback | TP1 .75R, trail 3ATR"
2025-04-22 10:15:00+00:00,2025-04-22 10:28:00+00:00,1,-1.0249981437038933,0.020831786419957612,0.0,S2 15m pullb+1H conf | runner->4H
2025-04-24 07:15:00+00:00,2025-04-24 07:18:00+00:00,1,-1.0637816087699379,0.035434227094357076,0.0,"S1 15m swing  | TP1 0.5R, runner->4H trend"
2025-04-24 16:30:00+00:00,2025-04-25 03:57:00+00:00,1,0.1856119242844222,5.742365119938463,1.0,"S1 15m swing  | TP1 0.5R, runner->4H trend"
2025-04-28 15:00:00+00:00,2025-04-28 15:27:00+00:00,1,0.21225858542448164,1.0281281901608266,1.0,"S1 15m swing  | TP1 0.5R, runner->4H trend"
2025-04-29 19:45:00+00:00,2025-04-29 22:00:00+00:00,1,-1.565270448626126,0.4478294199066379,0.0,"S1 15m swing  | TP1 0.5R, runner->4H trend"
2025-04-10 17:15:00+00:00,2025-04-30 16:00:00+00:00,1,13.189092179219058,30.764755598331515,0.0,R1 5m pullb+15m pure RUNNER (4H)
2025-04-10 16:15:00+00:00,2025-04-30 16:00:00+00:00,1,2.977830153314077,12.81649623893619,1.0,S3 5m pullb+15m conf | runner->4H
2025-05-06 08:15:00+00:00,2025-05-06 08:32:00+00:00,1,0.19198076374253087,0.8182199985030858,1.0,"S1 15m swing  | TP1 0.5R, runner->4H trend"
2025-05-06 09:35:00+00:00,2025-05-06 11:35:00+00:00,1,0.22722810850041483,0.7224186268834707,1.0,S3 5m pullb+15m conf | runner->4H
2025-05-06 12:00:00+00:00,2025-05-06 12:02:00+00:00,1,-1.1105386518043374,0.06141036211357865,0.0,R1 5m pullb+15m pure RUNNER (4H)
2025-05-06 12:00:00+00:00,2025-05-06 14:44:00+00:00,1,0.20496573445007898,2.0265419497468855,1.0,S3 5m pullb+15m conf | runner->4H
2025-05-06 15:05:00+00:00,2025-05-06 22:28:00+00:00,1,0.22324243974159008,2.6866774790077748,1.0,S3 5m pullb+15m conf | runner->4H
2025-05-06 12:35:00+00:00,2025-05-06 23:00:00+00:00,1,-1.08308536883502,8.539329574713802,0.0,R1 5m pullb+15m pure RUNNER (4H)
2025-05-07 11:00:00+00:00,2025-05-07 19:11:00+00:00,1,-1.0242566525050325,0.4024399165603016,0.0,"S4 1h pullback | TP1 .75R, trail 3ATR"
2025-05-08 03:50:00+00:00,2025-05-08 04:10:00+00:00,1,-0.9921735439547581,0.03913228022625622,0.0,R1 5m pullb+15m pure RUNNER (4H)
2025-05-08 03:10:00+00:00,2025-05-08 04:47:00+00:00,1,-1.0251917777195099,0.23474156511360925,0.0,S3 5m pullb+15m conf | runner->4H
2025-05-09 13:30:00+00:00,2025-05-09 13:36:00+00:00,1,-1.0483864274725874,0.060483034340615076,0.0,"S1 15m swing  | TP1 0.5R, runner->4H trend"
2025-05-09 14:25:00+00:00,2025-05-09 19:25:00+00:00,1,0.22509986879414767,0.989620599207303,1.0,S3 5m pullb+15m conf | runner->4H
2025-05-09 14:25:00+00:00,2025-05-09 20:59:00+00:00,1,-1.0561849114388784,1.979241198414606,0.0,R1 5m pullb+15m pure RUNNER (4H)
2025-05-21 09:05:00+00:00,2025-05-21 10:45:00+00:00,1,0.19851297962882067,0.8776196654179609,1.0,S3 5m pullb+15m conf | runner->4H
2025-05-21 11:00:00+00:00,2025-05-21 11:08:00+00:00,1,0.19616821247429841,0.593529965026577,1.0,S3 5m pullb+15m conf | runner->4H
2025-05-21 11:30:00+00:00,2025-05-21 12:00:00+00:00,1,-0.21855698652103206,0.09328651863707776,0.0,S3 5m pullb+15m conf | runner->4H
2025-05-21 08:15:00+00:00,2025-05-21 12:00:00+00:00,1,0.907684208411731,3.05111230706476,1.0,"S1 15m swing  | TP1 0.5R, runner->4H trend"
2025-05-21 09:05:00+00:00,2025-05-21 12:00:00+00:00,1,0.014041914646708653,1.7552393308359218,0.0,R1 5m pullb+15m pure RUNNER (4H)
2025-05-21 12:00:00+00:00,2025-05-21 12:19:00+00:00,1,-1.116102719959262,0.36941774532521465,0.0,S2 15m pullb+1H conf | runner->4H
2025-05-21 14:30:00+00:00,2025-05-21 15:10:00+00:00,1,0.3197288869595286,0.8290666956072587,1.0,S2 15m pullb+1H conf | runner->4H
2025-05-21 15:15:00+00:00,2025-05-21 15:21:00+00:00,1,0.3270766817806458,0.5453343107721931,1.0,S2 15m pullb+1H conf | runner->4H
2025-05-21 17:15:00+00:00,2025-05-21 17:21:00+00:00,1,0.2950403965316642,0.5740689479773338,1.0,S2 15m pullb+1H conf | runner->4H
2025-05-21 17:10:00+00:00,2025-05-21 17:30:00+00:00,1,0.20518169315243642,0.7232044968583832,1.0,S3 5m pullb+15m conf | runner->4H
2025-05-21 17:45:00+00:00,2025-05-21 18:02:00+00:00,1,0.29750324240456194,0.5762579410944284,1.0,S2 15m pullb+1H conf | runner->4H
2025-05-21 19:00:00+00:00,2025-05-21 20:00:00+00:00,1,0.4983896211114182,1.5397251367138163,1.0,S3 5m pullb+15m conf | runner->4H
2025-05-21 17:10:00+00:00,2025-05-21 20:00:00+00:00,1,1.9068152367872537,3.2798851829352262,0.0,R1 5m pullb+15m pure RUNNER (4H)
2025-05-21 22:05:00+00:00,2025-05-21 22:07:00+00:00,1,-1.1395164695455051,0.44391603946263863,0.0,R1 5m pullb+15m pure RUNNER (4H)
2025-05-21 22:05:00+00:00,2025-05-21 23:52:00+00:00,1,0.18816883736050438,0.9671028002581282,1.0,S3 5m pullb+15m conf | runner->4H
2025-05-21 22:20:00+00:00,2025-05-22 00:00:00+00:00,1,0.30311888942619175,1.6013828120634235,0.0,R1 5m pullb+15m pure RUNNER (4H)
2025-05-22 00:00:00+00:00,2025-05-22 00:23:00+00:00,1,0.1941354608454946,1.0515677958497773,1.0,S3 5m pullb+15m conf | runner->4H
2025-05-22 00:35:00+00:00,2025-05-22 04:00:00+00:00,1,3.743409227141882,7.198863898349937,0.0,R1 5m pullb+15m pure RUNNER (4H)
2025-05-22 00:35:00+00:00,2025-05-22 04:00:00+00:00,1,1.1670726618332627,3.5994319491749684,1.0,S3 5m pullb+15m conf | runner->4H
2025-05-22 05:25:00+00:00,2025-05-22 05:30:00+00:00,1,-1.0588541226847543,0.25223195436315554,0.0,R1 5m pullb+15m pure RUNNER (4H)
2025-05-22 04:50:00+00:00,2025-05-22 05:47:00+00:00,1,-1.0811166063157627,0.2580982928229386,0.0,S3 5m pullb+15m conf | runner->4H
2025-05-23 07:15:00+00:00,2025-05-23 07:27:00+00:00,1,0.16750724876746498,0.625807078315584,1.0,"S1 15m swing  | TP1 0.5R, runner->4H trend"
2025-05-23 08:10:00+00:00,2025-05-23 09:46:00+00:00,1,0.19252686589939955,0.7706624799853754,1.0,S3 5m pullb+15m conf | runner->4H
2025-05-23 09:05:00+00:00,2025-05-23 10:04:00+00:00,1,-1.120857993438845,1.3733862890774127,0.0,R1 5m pullb+15m pure RUNNER (4H)
2025-05-23 09:50:00+00:00,2025-05-23 11:24:00+00:00,1,0.19645173115646142,0.5217523630910649,1.0,S3 5m pullb+15m conf | runner->4H
2025-05-23 11:45:00+00:00,2025-05-26 00:11:00+00:00,1,0.2277741774439071,2.9541822480828297,1.0,S3 5m pullb+15m conf | runner->4H
2025-05-23 10:20:00+00:00,2025-05-26 09:26:00+00:00,1,-1.0635606413637828,10.275637020490686,0.0,R1 5m pullb+15m pure RUNNER (4H)
2025-05-27 00:00:00+00:00,2025-05-27 00:20:00+00:00,1,0.10804115445277258,1.2260082115437645,1.0,S3 5m pullb+15m conf | runner->4H
2025-05-27 00:35:00+00:00,2025-05-27 00:38:00+00:00,1,-1.0683600857711453,0.0,0.0,R1 5m pullb+15m pure RUNNER (4H)
2025-05-27 00:35:00+00:00,2025-05-27 00:40:00+00:00,1,-1.0341800428855858,0.0,0.0,S3 5m pullb+15m conf | runner->4H
2025-05-26 14:00:00+00:00,2025-05-27 01:08:00+00:00,1,0.455811358035755,1.1248017954537373,1.0,"S4 1h pullback | TP1 .75R, trail 3ATR"
2025-05-28 08:45:00+00:00,2025-05-28 10:34:00+00:00,1,0.1929140821804537,2.4336628123039024,1.0,"S1 15m swing  | TP1 0.5R, runner->4H trend"
2025-05-28 10:25:00+00:00,2025-05-28 10:40:00+00:00,1,-1.0606520188901813,0.03567765817073707,0.0,S3 5m pullb+15m conf | runner->4H
2025-05-29 12:30:00+00:00,2025-05-29 12:31:00+00:00,1,-0.11375872369942311,0.267667585175174,1.0,"S1 15m swing  | TP1 0.5R, runner->4H trend"
2025-05-29 14:36:00+00:00,2025-05-30 00:12:00+00:00,1,0.3002785515305413,1.6801299907065934,1.0,S3 5m pullb+15m conf | runner->4H
2025-05-29 14:52:00+00:00,2025-05-30 02:04:00+00:00,1,-1.1677655868231553,3.000422995106359,0.0,R1 5m pullb+15m pure RUNNER (4H)
2025-06-02 00:55:00+00:00,2025-06-02 01:35:00+00:00,1,-1.035402770342526,0.8092061792560757,0.0,R1 5m pullb+15m pure RUNNER (4H)
2025-06-02 00:55:00+00:00,2025-06-02 01:54:00+00:00,1,-1.0177013851712753,0.40460308962803787,0.0,S3 5m pullb+15m conf | runner->4H
2025-06-02 02:15:00+00:00,2025-06-02 03:11:00+00:00,1,-1.0860433608976872,0.8098198672727279,0.0,R1 5m pullb+15m pure RUNNER (4H)
2025-06-02 03:25:00+00:00,2025-06-02 03:30:00+00:00,1,-1.0132366521875669,0.16545815234616953,0.0,R1 5m pullb+15m pure RUNNER (4H)
2025-06-02 07:15:00+00:00,2025-06-02 07:54:00+00:00,1,0.22514801854804914,2.1538383925021978,1.0,"S1 15m swing  | TP1 0.5R, runner->4H trend"
2025-06-02 10:20:00+00:00,2025-06-02 10:44:00+00:00,1,-1.075566714526334,0.7556671452623898,0.0,R1 5m pullb+15m pure RUNNER (4H)
2025-06-03 12:00:00+00:00,2025-06-03 12:07:00+00:00,1,-1.0547949689354095,0.07103051528665477,0.0,"S4 1h pullback | TP1 .75R, trail 3ATR"
2025-06-03 13:00:00+00:00,2025-06-03 13:42:00+00:00,1,-1.0426847157204058,0.3201353679030234,0.0,"S4 1h pullback | TP1 .75R, trail 3ATR"
2025-06-02 11:00:00+00:00,2025-06-03 13:46:00+00:00,1,-1.094333688179672,12.346615070581393,0.0,R1 5m pullb+15m pure RUNNER (4H)
2025-06-04 02:45:00+00:00,2025-06-04 03:32:00+00:00,1,-1.0366038894311056,0.5490583414655869,0.0,R1 5m pullb+15m pure RUNNER (4H)
2025-06-04 09:15:00+00:00,2025-06-04 09:38:00+00:00,1,0.12739871331168456,1.2981312708174453,1.0,"S1 15m swing  | TP1 0.5R, runner->4H trend"
2025-06-04 09:00:00+00:00,2025-06-04 10:46:00+00:00,1,-1.0323362750764407,0.23776672850325653,0.0,"S4 1h pullback | TP1 .75R, trail 3ATR"
2025-06-04 14:45:00+00:00,2025-06-04 14:56:00+00:00,1,-1.0247135705022807,0.15887295322896647,0.0,"S1 15m swing  | TP1 0.5R, runner->4H trend"
2025-06-04 13:00:00+00:00,2025-06-04 15:13:00+00:00,1,0.9326587264503091,2.3893219484127797,1.0,"S4 1h pullback | TP1 .75R, trail 3ATR"
2025-06-04 23:45:00+00:00,2025-06-05 00:41:00+00:00,1,-1.3071788534138118,3.413098371264699,0.0,R1 5m pullb+15m pure RUNNER (4H)
2025-06-05 00:50:00+00:00,2025-06-05 01:35:00+00:00,1,-1.2108973911493488,2.3396429330638115,0.0,R1 5m pullb+15m pure RUNNER (4H)
2025-06-05 12:45:00+00:00,2025-06-05 12:49:00+00:00,1,-1.0711157442446533,0.24244003719785207,0.0,R1 5m pullb+15m pure RUNNER (4H)
2025-06-05 08:00:00+00:00,2025-06-05 12:49:00+00:00,1,1.2120590911660307,3.492611807148053,1.0,"S4 1h pullback | TP1 .75R, trail 3ATR"
2025-06-05 09:15:00+00:00,2025-06-05 12:50:00+00:00,1,0.14042967390498817,11.73315575267352,1.0,"S1 15m swing  | TP1 0.5R, runner->4H trend"
2025-06-02 02:15:00+00:00,2025-06-06 20:04:00+00:00,1,0.2069783195511318,12.084030831959206,1.0,S3 5m pullb+15m conf | runner->4H
2025-06-09 17:00:00+00:00,2025-06-09 17:10:00+00:00,1,-1.1454532618876243,0.16528779759969042,0.0,"S1 15m swing  | TP1 0.5R, runner->4H trend"
2025-06-09 19:05:00+00:00,2025-06-09 19:14:00+00:00,1,0.13907248892016633,0.48353017650194535,1.0,S3 5m pullb+15m conf | runner->4H
2025-06-12 01:05:00+00:00,2025-06-12 06:18:00+00:00,1,0.23084429765232298,0.9498035747385698,1.0,S3 5m pullb+15m conf | runner->4H
2025-06-12 07:15:00+00:00,2025-06-12 07:24:00+00:00,1,0.09652597697588676,0.865750899110018,1.0,"S1 15m swing  | TP1 0.5R, runner->4H trend"
2025-06-12 06:40:00+00:00,2025-06-12 07:32:00+00:00,1,-1.0863636750947823,0.39983182914271465,0.0,S3 5m pullb+15m conf | runner->4H
2025-06-12 01:05:00+00:00,2025-06-12 07:35:00+00:00,1,-1.022348319405637,1.8996071494771396,0.0,R1 5m pullb+15m pure RUNNER (4H)
2025-06-12 09:00:00+00:00,2025-06-16 05:41:00+00:00,1,2.7954122372380263,7.761102278934164,1.0,"S4 1h pullback | TP1 .75R, trail 3ATR"
2025-06-12 13:30:00+00:00,2025-06-17 03:23:00+00:00,1,-1.0633794951277231,8.55623184223561,0.0,R1 5m pullb+15m pure RUNNER (4H)
2025-06-12 11:45:00+00:00,2025-06-17 03:23:00+00:00,1,0.220619567886109,5.281800409565378,1.0,S3 5m pullb+15m conf | runner->4H
2025-06-12 10:00:00+00:00,2025-06-17 14:37:00+00:00,1,0.2920112899840902,19.30019486780962,1.0,S2 15m pullb+1H conf | runner->4H
2025-06-18 16:00:00+00:00,2025-06-18 16:02:00+00:00,1,0.12883909310530683,0.5507313949760583,1.0,"S1 15m swing  | TP1 0.5R, runner->4H trend"
2025-06-18 17:15:00+00:00,2025-06-18 17:35:00+00:00,1,-1.0987934873656529,0.08232790613807904,0.0,R1 5m pullb+15m pure RUNNER (4H)
2025-06-18 17:15:00+00:00,2025-06-18 17:50:00+00:00,1,-1.0493967436827605,0.04116395306903952,0.0,S3 5m pullb+15m conf | runner->4H
2025-06-18 18:10:00+00:00,2025-06-18 18:23:00+00:00,1,-1.1085809537222748,0.1727424263761681,0.0,R1 5m pullb+15m pure RUNNER (4H)
2025-06-18 18:30:00+00:00,2025-06-18 18:40:00+00:00,1,-1.126658566885501,0.21769441183436067,0.0,R1 5m pullb+15m pure RUNNER (4H)
2025-06-18 18:10:00+00:00,2025-06-18 18:40:00+00:00,1,-1.0542904768611345,0.08637121318808405,0.0,S3 5m pullb+15m conf | runner->4H
2025-07-04 08:15:00+00:00,2025-07-04 08:29:00+00:00,1,0.03157044263269413,1.2881743126783363,1.0,"S1 15m swing  | TP1 0.5R, runner->4H trend"
2025-07-04 08:55:00+00:00,2025-07-04 09:25:00+00:00,1,-1.1071789607443006,0.0,0.0,S3 5m pullb+15m conf | runner->4H
2025-07-11 16:15:00+00:00,2025-07-11 17:06:00+00:00,1,-1.0787206322031206,0.16207188982993936,0.0,"S1 15m swing  | TP1 0.5R, runner->4H trend"
2025-07-11 20:40:00+00:00,2025-07-11 20:58:00+00:00,1,-1.2005389971042106,1.238623217407809,0.0,R1 5m pullb+15m pure RUNNER (4H)
2025-07-11 20:15:00+00:00,2025-07-13 22:00:00+00:00,1,1.3092727159374205,0.49905013836185674,0.0,S3 5m pullb+15m conf | runner->4H
2025-07-14 00:15:00+00:00,2025-07-14 00:59:00+00:00,1,0.20678669086827248,0.7117486209933532,1.0,S3 5m pullb+15m conf | runner->4H
2025-07-14 00:15:00+00:00,2025-07-14 01:08:00+00:00,1,-1.0864266182635298,1.4234972419867065,0.0,R1 5m pullb+15m pure RUNNER (4H)
2025-07-14 01:05:00+00:00,2025-07-14 01:27:00+00:00,1,-1.0424323896651893,0.0,0.0,S3 5m pullb+15m conf | runner->4H
2025-07-14 09:15:00+00:00,2025-07-14 09:27:00+00:00,1,0.21019793502679188,0.9738303839329396,1.0,S2 15m pullb+1H conf | runner->4H
2025-07-14 09:20:00+00:00,2025-07-14 09:30:00+00:00,1,-1.1147083042761676,0.3036396289662752,0.0,R1 5m pullb+15m pure RUNNER (4H)
2025-07-14 10:00:00+00:00,2025-07-14 10:01:00+00:00,1,0.1974313167046326,0.450588713960332,1.0,S2 15m pullb+1H conf | runner->4H
2025-07-14 09:20:00+00:00,2025-07-14 11:30:00+00:00,1,0.19264584786193933,1.214558515865024,1.0,S3 5m pullb+15m conf | runner->4H
2025-07-14 11:35:00+00:00,2025-07-14 11:53:00+00:00,1,-1.0928454804679777,0.12660747336531822,0.0,S3 5m pullb+15m conf | runner->4H
2025-07-14 09:50:00+00:00,2025-07-14 11:58:00+00:00,1,-1.1267611145850303,2.8707664185415513,0.0,R1 5m pullb+15m pure RUNNER (4H)
2025-07-15 06:10:00+00:00,2025-07-15 06:14:00+00:00,1,0.13730604182697534,0.46102073798043347,1.0,S3 5m pullb+15m conf | runner->4H
2025-07-15 07:15:00+00:00,2025-07-15 07:18:00+00:00,1,0.024654396665021117,0.5778092393204907,1.0,"S1 15m swing  | TP1 0.5R, runner->4H trend"
2025-07-15 06:40:00+00:00,2025-07-15 08:02:00+00:00,1,0.17979625342379021,0.6607411442464465,1.0,S3 5m pullb+15m conf | runner->4H
2025-07-15 07:25:00+00:00,2025-07-15 08:17:00+00:00,1,-1.0967203648314097,1.4911056244827001,0.0,R1 5m pullb+15m pure RUNNER (4H)
2025-07-15 08:40:00+00:00,2025-07-15 09:18:00+00:00,1,-1.0833375681017667,0.868099667725601,0.0,R1 5m pullb+15m pure RUNNER (4H)
2025-07-15 09:25:00+00:00,2025-07-15 09:33:00+00:00,1,-1.1317929805350477,0.29952950121599786,0.0,R1 5m pullb+15m pure RUNNER (4H)
2025-07-15 08:40:00+00:00,2025-07-15 10:51:00+00:00,1,0.19965021927192667,0.7812897009530408,1.0,S3 5m pullb+15m conf | runner->4H
2025-07-15 09:40:00+00:00,2025-07-15 11:08:00+00:00,1,-1.092120524495001,1.002488060681274,0.0,R1 5m pullb+15m pure RUNNER (4H)
2025-07-16 15:45:00+00:00,2025-07-16 15:54:00+00:00,1,0.2163870085467653,0.695441202480653,1.0,"S1 15m swing  | TP1 0.5R, runner->4H trend"
2025-07-16 16:10:00+00:00,2025-07-17 12:30:00+00:00,1,-1.0121086622220583,0.2201574949465731,0.0,S3 5m pullb+15m conf | runner->4H
2025-07-17 22:00:00+00:00,2025-07-17 22:00:00+00:00,1,-0.16262280918308578,0.2391511899751261,1.0,S3 5m pullb+15m conf | runner->4H
2025-07-17 22:35:00+00:00,2025-07-17 23:18:00+00:00,1,0.13592863505107275,1.3084656567673467,1.0,S3 5m pullb+15m conf | runner->4H
2025-07-17 23:50:00+00:00,2025-07-18 00:25:00+00:00,1,-1.0809084753286318,0.0,0.0,S3 5m pullb+15m conf | runner->4H
2025-07-17 22:00:00+00:00,2025-07-18 00:25:00+00:00,1,-3.3341156141573323,2.582832851731188,0.0,R1 5m pullb+15m pure RUNNER (4H)
2025-07-18 07:15:00+00:00,2025-07-18 07:32:00+00:00,1,0.06316331351540021,1.373799165328257,1.0,"S1 15m swing  | TP1 0.5R, runner->4H trend"
2025-07-18 10:10:00+00:00,2025-07-18 10:57:00+00:00,1,0.18104062857219907,0.5273363697420055,1.0,S3 5m pullb+15m conf | runner->4H
2025-07-18 14:05:00+00:00,2025-07-18 14:15:00+00:00,1,-1.058042126696265,0.7980792420750129,0.0,R1 5m pullb+15m pure RUNNER (4H)
2025-07-18 16:30:00+00:00,2025-07-18 16:42:00+00:00,1,0.24441885212871753,1.846147263007005,1.0,S2 15m pullb+1H conf | runner->4H
2025-07-18 11:00:00+00:00,2025-07-18 17:23:00+00:00,1,0.1837260127854055,2.4909877953072246,1.0,S3 5m pullb+15m conf | runner->4H
2025-07-21 03:00:00+00:00,2025-07-21 03:27:00+00:00,1,0.15804387267751818,0.7302398346197784,1.0,S3 5m pullb+15m conf | runner->4H
2025-07-21 03:00:00+00:00,2025-07-21 03:36:00+00:00,1,-1.1839122546450536,1.4604796692395567,0.0,R1 5m pullb+15m pure RUNNER (4H)
2025-07-21 07:15:00+00:00,2025-07-21 07:18:00+00:00,1,-1.2230710627374914,0.202791875215522,0.0,"S1 15m swing  | TP1 0.5R, runner->4H trend"
2025-07-21 08:25:00+00:00,2025-07-21 09:32:00+00:00,1,-1.1676815074341567,0.8384075371702673,0.0,R1 5m pullb+15m pure RUNNER (4H)
2025-07-21 09:55:00+00:00,2025-07-21 10:33:00+00:00,1,-1.0890932766391408,1.9091416422625607,0.0,R1 5m pullb+15m pure RUNNER (4H)
2025-07-22 12:45:00+00:00,2025-07-22 12:49:00+00:00,1,-1.2038590458736822,0.09266320266995454,0.0,"S1 15m swing  | TP1 0.5R, runner->4H trend"
2025-07-23 07:15:00+00:00,2025-07-23 07:19:00+00:00,1,0.23262237872496339,0.58626079348554,1.0,S2 15m pullb+1H conf | runner->4H
2025-07-23 08:45:00+00:00,2025-07-23 10:07:00+00:00,1,0.23619908853527116,2.8984896217639773,1.0,S2 15m pullb+1H conf | runner->4H
2025-07-23 11:45:00+00:00,2025-07-23 11:47:00+00:00,1,0.23442288325504002,0.5788469513030872,1.0,S2 15m pullb+1H conf | runner->4H
2025-07-21 07:30:00+00:00,2025-07-24 07:55:00+00:00,1,0.19028128761031446,16.082867026327637,1.0,S3 5m pullb+15m conf | runner->4H
2025-07-21 11:00:00+00:00,2025-07-24 07:56:00+00:00,1,-1.352940981325969,51.24180173322841,0.0,R1 5m pullb+15m pure RUNNER (4H)
2025-08-01 00:55:00+00:00,2025-08-01 01:03:00+00:00,-1,-1.216202918405977,0.5204885072737669,0.0,R1 5m pullb+15m pure RUNNER (4H)
2025-08-01 00:55:00+00:00,2025-08-01 02:56:00+00:00,-1,0.16191732953832957,1.981860085388315,1.0,S3 5m pullb+15m conf | runner->4H
2025-08-01 01:10:00+00:00,2025-08-01 03:10:00+00:00,-1,-1.082275584730607,3.5995568319629143,0.0,R1 5m pullb+15m pure RUNNER (4H)
2025-08-01 07:30:00+00:00,2025-08-01 08:47:00+00:00,-1,0.20661335625238955,2.5473876874636128,1.0,S2 15m pullb+1H conf | runner->4H
2025-08-01 07:15:00+00:00,2025-08-01 08:53:00+00:00,-1,0.08059383684895054,3.3446857852878478,1.0,"S1 15m swing  | TP1 0.5R, runner->4H trend"
2025-08-04 20:15:00+00:00,2025-08-04 20:36:00+00:00,1,-1.318111529764711,0.5060865246257741,0.0,R1 5m pullb+15m pure RUNNER (4H)
2025-08-04 22:05:00+00:00,2025-08-04 22:12:00+00:00,1,-1.110026996999369,0.39295356071125714,0.0,R1 5m pullb+15m pure RUNNER (4H)
2025-08-04 22:35:00+00:00,2025-08-04 22:43:00+00:00,1,-1.207949051497145,0.0,0.0,R1 5m pullb+15m pure RUNNER (4H)
2025-08-04 20:15:00+00:00,2025-08-04 23:40:00+00:00,1,0.1090187538543521,1.048322086724442,1.0,S3 5m pullb+15m conf | runner->4H
2025-08-04 23:05:00+00:00,2025-08-05 00:00:00+00:00,1,0.0499829259141512,2.082621913086477,0.0,R1 5m pullb+15m pure RUNNER (4H)
2025-08-05 00:20:00+00:00,2025-08-05 02:23:00+00:00,1,0.13438948845283044,1.700154581576097,1.0,S3 5m pullb+15m conf | runner->4H
2025-08-05 00:20:00+00:00,2025-08-05 02:30:00+00:00,1,-1.2312210230943694,3.400309163152194,0.0,R1 5m pullb+15m pure RUNNER (4H)
2025-08-05 15:15:00+00:00,2025-08-05 16:00:00+00:00,1,0.571502109285671,0.9028483890899061,1.0,"S1 15m swing  | TP1 0.5R, runner->4H trend"
2025-08-05 18:25:00+00:00,2025-08-05 19:03:00+00:00,1,-1.094408489692143,0.11801061211510512,0.0,R1 5m pullb+15m pure RUNNER (4H)
2025-08-05 16:25:00+00:00,2025-08-05 20:00:00+00:00,1,-0.5543377010924843,0.0,0.0,S3 5m pullb+15m conf | runner->4H
2025-08-06 01:00:00+00:00,2025-08-06 01:02:00+00:00,1,-1.0881192665295611,0.18882699970656416,0.0,R1 5m pullb+15m pure RUNNER (4H)
2025-08-06 00:55:00+00:00,2025-08-06 01:10:00+00:00,1,-1.1115657437535742,0.32813454045164325,0.0,S3 5m pullb+15m conf | runner->4H
2025-08-06 14:00:00+00:00,2025-08-06 15:38:00+00:00,1,0.4417435559321535,1.2180892850552585,1.0,"S4 1h pullback | TP1 .75R, trail 3ATR"
2025-08-06 16:45:00+00:00,2025-08-06 17:08:00+00:00,1,0.14565546362842224,0.5217226818577329,1.0,"S1 15m swing  | TP1 0.5R, runner->4H trend"
2025-08-06 17:30:00+00:00,2025-08-06 18:05:00+00:00,1,0.19130554860249216,0.6320940919731968,1.0,S3 5m pullb+15m conf | runner->4H
2025-08-06 17:30:00+00:00,2025-08-06 20:37:00+00:00,1,-1.1324387621276917,1.2641881839463935,0.0,R1 5m pullb+15m pure RUNNER (4H)
2025-08-06 18:45:00+00:00,2025-08-06 20:37:00+00:00,1,-1.090169365376959,0.3688746765419213,0.0,S3 5m pullb+15m conf | runner->4H
2025-08-06 23:10:00+00:00,2025-08-06 23:52:00+00:00,1,0.14726721113579977,0.4669672221101707,1.0,S3 5m pullb+15m conf | runner->4H
2025-08-06 16:00:00+00:00,2025-08-07 01:02:00+00:00,1,0.4390309443010162,1.0576264764111538,1.0,"S4 1h pullback | TP1 .75R, trail 3ATR"
2025-08-07 02:40:00+00:00,2025-08-07 05:33:00+00:00,1,0.1886663014537933,0.7076965216872219,1.0,S3 5m pullb+15m conf | runner->4H
2025-08-07 08:45:00+00:00,2025-08-07 08:55:00+00:00,1,0.3363671141387262,0.8133239128694965,1.0,S2 15m pullb+1H conf | runner->4H
2025-08-07 09:45:00+00:00,2025-08-07 09:48:00+00:00,1,0.31658274966563593,0.5438847444922487,1.0,S2 15m pullb+1H conf | runner->4H
2025-08-07 06:00:00+00:00,2025-08-07 10:52:00+00:00,1,0.18341340059125272,4.319592218054196,1.0,S3 5m pullb+15m conf | runner->4H
2025-08-07 11:15:00+00:00,2025-08-07 11:23:00+00:00,1,0.32773882463222354,0.6498411613069717,1.0,S2 15m pullb+1H conf | runner->4H
2025-08-07 13:05:00+00:00,2025-08-07 14:08:00+00:00,1,-1.0167063802521328,0.3480495885862019,0.0,S3 5m pullb+15m conf | runner->4H
2025-08-07 14:15:00+00:00,2025-08-07 14:17:00+00:00,1,-1.050339558152718,0.04441725719354871,0.0,S2 15m pullb+1H conf | runner->4H
2025-08-07 16:00:00+00:00,2025-08-07 18:13:00+00:00,1,0.3214438878437618,0.6615755031063202,1.0,S2 15m pullb+1H conf | runner->4H
2025-08-07 17:20:00+00:00,2025-08-07 18:20:00+00:00,1,0.19366227043364453,0.6211595823981186,1.0,S3 5m pullb+15m conf | runner->4H
2025-08-08 14:00:00+00:00,2025-08-08 14:08:00+00:00,1,-1.0264642173857972,0.14334784417301286,0.0,"S1 15m swing  | TP1 0.5R, runner->4H trend"
2025-08-07 18:40:00+00:00,2025-08-08 18:00:00+00:00,1,0.18053070835511437,16.243554958142134,1.0,S3 5m pullb+15m conf | runner->4H
2025-08-07 18:45:00+00:00,2025-08-08 18:00:00+00:00,1,0.27220394974335327,21.29723297623777,1.0,S2 15m pullb+1H conf | runner->4H
2025-08-06 23:10:00+00:00,2025-08-11 01:11:00+00:00,1,-1.2521622999394717,46.650025488806094,0.0,R1 5m pullb+15m pure RUNNER (4H)
2025-08-20 00:15:00+00:00,2025-08-20 01:09:00+00:00,-1,0.11349325157105324,0.5894609591252221,1.0,S3 5m pullb+15m conf | runner->4H
2025-08-20 01:05:00+00:00,2025-08-20 01:43:00+00:00,-1,-1.209142759788695,1.2358435805695214,0.0,R1 5m pullb+15m pure RUNNER (4H)
2025-08-20 02:05:00+00:00,2025-08-20 03:08:00+00:00,-1,-1.1199490707553232,0.8819784614360755,0.0,R1 5m pullb+15m pure RUNNER (4H)
2025-08-20 01:15:00+00:00,2025-08-20 03:20:00+00:00,-1,-1.0903878958010467,0.4519394790051011,0.0,S3 5m pullb+15m conf | runner->4H
2025-08-21 11:00:00+00:00,2025-08-21 11:07:00+00:00,-1,0.13115010206340513,1.8817900506626353,1.0,"S1 15m swing  | TP1 0.5R, runner->4H trend"
2025-08-21 11:50:00+00:00,2025-08-21 12:07:00+00:00,-1,-1.078417378344709,0.015318428669655626,0.0,S3 5m pullb+15m conf | runner->4H
2025-08-22 07:15:00+00:00,2025-08-22 07:19:00+00:00,-1,-1.1605372438555601,0.2675620730926357,0.0,"S1 15m swing  | TP1 0.5R, runner->4H trend"
2025-08-22 03:45:00+00:00,2025-08-22 07:19:00+00:00,-1,0.1476397392281303,2.9804899460040355,1.0,S3 5m pullb+15m conf | runner->4H
2025-08-22 07:35:00+00:00,2025-08-22 08:27:00+00:00,-1,0.17780816296838925,0.925536372199556,1.0,S3 5m pullb+15m conf | runner->4H
2025-08-22 08:40:00+00:00,2025-08-22 12:19:00+00:00,-1,0.19115662793142463,0.7091380736466676,1.0,S3 5m pullb+15m conf | runner->4H
2025-08-22 12:25:00+00:00,2025-08-22 12:49:00+00:00,-1,0.17036725266522879,0.9773109900172847,1.0,S3 5m pullb+15m conf | runner->4H
2025-08-22 07:35:00+00:00,2025-08-22 13:37:00+00:00,-1,-1.1628944015072096,3.4800167594701956,0.0,R1 5m pullb+15m pure RUNNER (4H)
2025-08-22 13:15:00+00:00,2025-08-22 13:39:00+00:00,-1,-1.048708910125478,0.0,0.0,S3 5m pullb+15m conf | runner->4H
2025-08-27 00:05:00+00:00,2025-08-27 00:12:00+00:00,1,0.11712158797749445,0.47699942777307797,1.0,S3 5m pullb+15m conf | runner->4H
2025-08-27 08:00:00+00:00,2025-08-27 10:32:00+00:00,1,-1.0217982853656682,0.56052733797445,0.0,"S4 1h pullback | TP1 .75R, trail 3ATR"
2025-08-27 15:30:00+00:00,2025-08-27 15:47:00+00:00,1,0.14258679190079065,0.5370660404962642,1.0,"S1 15m swing  | TP1 0.5R, runner->4H trend"
2025-08-27 22:30:00+00:00,2025-08-27 22:38:00+00:00,1,0.13044923077018877,0.5274298642491264,1.0,S3 5m pullb+15m conf | runner->4H
2025-08-28 00:40:00+00:00,2025-08-28 00:52:00+00:00,1,-1.1473864150886837,1.0054417039439003,0.0,R1 5m pullb+15m pure RUNNER (4H)
2025-08-27 22:55:00+00:00,2025-08-28 00:52:00+00:00,1,0.14897870485744968,1.3585622450206136,1.0,S3 5m pullb+15m conf | runner->4H
2025-08-28 07:45:00+00:00,2025-08-28 08:10:00+00:00,1,0.16046443656161133,0.6887351033723614,1.0,S3 5m pullb+15m conf | runner->4H
2025-08-28 08:20:00+00:00,2025-08-28 10:08:00+00:00,1,0.17596831107087785,1.5241818308933686,1.0,S3 5m pullb+15m conf | runner->4H
2025-08-28 10:30:00+00:00,2025-08-28 13:06:00+00:00,1,0.16626434589066674,3.2509136301262984,1.0,S3 5m pullb+15m conf | runner->4H
2025-08-28 13:20:00+00:00,2025-08-28 15:32:00+00:00,1,0.2188138120435121,1.082344170254775,1.0,S3 5m pullb+15m conf | runner->4H
2025-08-28 15:55:00+00:00,2025-08-29 10:20:00+00:00,1,0.21080263599134214,1.706238198023345,1.0,S3 5m pullb+15m conf | runner->4H
2025-08-27 13:00:00+00:00,2025-08-29 10:23:00+00:00,1,3.0308805958434135,7.810368032468543,1.0,"S4 1h pullback | TP1 .75R, trail 3ATR"
2025-08-29 12:00:00+00:00,2025-08-29 12:17:00+00:00,1,-1.0655303972595642,0.019273646252793476,0.0,"S4 1h pullback | TP1 .75R, trail 3ATR"
2025-08-29 17:55:00+00:00,2025-08-31 22:00:00+00:00,1,0.2204801089277918,0.5334196183736767,1.0,S3 5m pullb+15m conf | runner->4H
2025-08-31 22:35:00+00:00,2025-09-01 01:04:00+00:00,1,-1.0751528797626055,0.20496239935249336,0.0,S3 5m pullb+15m conf | runner->4H
2025-09-01 08:00:00+00:00,2025-09-01 23:00:00+00:00,1,0.22154765750355623,0.5272051697871182,1.0,S3 5m pullb+15m conf | runner->4H
2025-09-01 23:05:00+00:00,2025-09-02 01:01:00+00:00,1,0.13460630004988325,2.3340998398989816,1.0,S3 5m pullb+15m conf | runner->4H
2025-08-29 13:00:00+00:00,2025-09-02 07:10:00+00:00,1,7.103338529093361,18.02145765429551,1.0,"S4 1h pullback | TP1 .75R, trail 3ATR"
2025-09-02 01:10:00+00:00,2025-09-02 07:14:00+00:00,1,0.2140094559156514,3.201917370262504,1.0,S3 5m pullb+15m conf | runner->4H
2025-09-02 22:10:00+00:00,2025-09-02 22:34:00+00:00,1,0.18272159931927542,0.4740069138867953,1.0,S3 5m pullb+15m conf | runner->4H
2025-09-02 23:20:00+00:00,2025-09-02 23:44:00+00:00,1,-1.0321000121921713,0.0,0.0,S3 5m pullb+15m conf | runner->4H
2025-09-02 23:55:00+00:00,2025-09-03 01:19:00+00:00,1,0.17533717696338025,4.106455267013313,1.0,S3 5m pullb+15m conf | runner->4H
2025-09-03 01:30:00+00:00,2025-09-04 01:39:00+00:00,1,0.22295204166591745,2.299076458397499,1.0,S3 5m pullb+15m conf | runner->4H
2025-09-04 12:00:00+00:00,2025-09-04 12:26:00+00:00,1,0.4837704937993256,0.9823122174084227,1.0,"S4 1h pullback | TP1 .75R, trail 3ATR"
2025-09-04 13:00:00+00:00,2025-09-04 14:02:00+00:00,1,-1.0370655765704817,0.7328875367348221,0.0,"S4 1h pullback | TP1 .75R, trail 3ATR"
2025-09-04 15:00:00+00:00,2025-09-04 16:49:00+00:00,1,0.4688758933725653,0.782092935766255,1.0,"S4 1h pullback | TP1 .75R, trail 3ATR"
2025-09-04 16:55:00+00:00,2025-09-04 22:08:00+00:00,1,-1.0277805039530494,0.24512209370321922,0.0,S3 5m pullb+15m conf | runner->4H
2025-09-04 20:00:00+00:00,2025-09-05 01:14:00+00:00,1,0.4696886875264399,0.7577828118394471,1.0,"S4 1h pullback | TP1 .75R, trail 3ATR"
2025-09-05 02:45:00+00:00,2025-09-05 06:22:00+00:00,1,0.20882761421612384,1.186733472594225,1.0,S3 5m pullb+15m conf | runner->4H
2025-09-05 10:00:00+00:00,2025-09-05 14:39:00+00:00,1,1.588912610993764,5.030831172296045,1.0,"S4 1h pullback | TP1 .75R, trail 3ATR"
2025-09-05 14:35:00+00:00,2025-09-07 22:00:00+00:00,1,0.1778389371689549,0.6834301717860705,1.0,S3 5m pullb+15m conf | runner->4H
2025-09-08 11:00:00+00:00,2025-09-09 22:00:00+00:00,1,0.22445659671129572,6.21556146691633,1.0,S3 5m pullb+15m conf | runner->4H
2025-09-10 08:30:00+00:00,2025-09-10 12:38:00+00:00,1,0.20321030322121875,1.7036248570724146,1.0,S3 5m pullb+15m conf | runner->4H
2025-09-10 18:00:00+00:00,2025-09-10 19:33:00+00:00,1,-1.0241142142997088,0.28133250016311306,0.0,"S4 1h pullback | TP1 .75R, trail 3ATR"
2025-09-10 14:00:00+00:00,2025-09-10 19:35:00+00:00,1,-1.0368895255187098,0.30058131904110263,0.0,S3 5m pullb+15m conf | runner->4H
2025-09-11 22:40:00+00:00,2025-09-11 22:48:00+00:00,1,-1.075119686040593,0.0,0.0,S3 5m pullb+15m conf | runner->4H
2025-09-12 05:35:00+00:00,2025-09-12 06:24:00+00:00,1,-1.0336676235003035,0.5290626550053551,0.0,S3 5m pullb+15m conf | runner->4H
2025-09-12 07:10:00+00:00,2025-09-12 08:10:00+00:00,1,-1.0241471222780922,0.22422327829659913,0.0,S3 5m pullb+15m conf | runner->4H
2025-09-12 10:00:00+00:00,2025-09-12 12:33:00+00:00,1,-1.0292829057553317,0.7320726438832507,0.0,"S4 1h pullback | TP1 .75R, trail 3ATR"
2025-09-12 17:35:00+00:00,2025-09-12 19:35:00+00:00,1,-1.0507321894017059,0.21138412250683739,0.0,S3 5m pullb+15m conf | runner->4H
2025-09-12 17:00:00+00:00,2025-09-12 20:39:00+00:00,1,-1.0296016853562648,0.22201264017229408,0.0,"S4 1h pullback | TP1 .75R, trail 3ATR"
2025-09-15 08:00:00+00:00,2025-09-15 09:38:00+00:00,1,-1.0470072086828037,0.2903386418645517,0.0,"S4 1h pullback | TP1 .75R, trail 3ATR"
2025-09-15 18:20:00+00:00,2025-09-16 01:05:00+00:00,1,0.19648116651746386,1.3448322259714796,1.0,S3 5m pullb+15m conf | runner->4H
2025-09-16 01:35:00+00:00,2025-09-16 15:05:00+00:00,1,0.21702614824792157,2.3195399163522783,1.0,S3 5m pullb+15m conf | runner->4H
2025-09-16 22:05:00+00:00,2025-09-16 22:52:00+00:00,1,0.14793652272312938,0.5983031426576207,1.0,S3 5m pullb+15m conf | runner->4H
2025-09-16 22:55:00+00:00,2025-09-17 00:05:00+00:00,1,0.12707005429432608,1.2716890935067016,1.0,S3 5m pullb+15m conf | runner->4H
2025-09-17 00:10:00+00:00,2025-09-17 00:45:00+00:00,1,-1.1376685571616834,0.1251532337834408,0.0,S3 5m pullb+15m conf | runner->4H
2025-09-15 13:00:00+00:00,2025-09-17 01:32:00+00:00,1,2.260162464104871,6.651379596891569,1.0,"S4 1h pullback | TP1 .75R, trail 3ATR"
2025-09-17 15:00:00+00:00,2025-09-17 18:01:00+00:00,1,0.2040796986628827,1.674789529881018,1.0,"S4 1h pullback | TP1 .75R, trail 3ATR"
2025-08-28 10:30:00+00:00,2025-09-19 05:10:00+00:00,1,116.86541937632565,142.7939183899386,0.0,R1 5m pullb+15m pure RUNNER (4H)
2025-08-28 13:15:00+00:00,2025-09-19 07:55:00+00:00,1,38.89858724084799,96.72232558448131,1.0,S2 15m pullb+1H conf | runner->4H
2025-09-19 10:45:00+00:00,2025-09-19 11:00:00+00:00,1,-1.1434786872178109,0.1687984555503293,0.0,R1 5m pullb+15m pure RUNNER (4H)
2025-09-19 10:45:00+00:00,2025-09-19 11:14:00+00:00,1,-1.0717393436088414,0.08439922777516465,0.0,S3 5m pullb+15m conf | runner->4H
2025-09-22 00:15:00+00:00,2025-09-22 00:25:00+00:00,1,-1.119682022539862,0.0704011897294441,0.0,R1 5m pullb+15m pure RUNNER (4H)
2025-09-22 01:00:00+00:00,2025-09-22 01:05:00+00:00,1,-1.087343910168937,1.1645854689184834,0.0,R1 5m pullb+15m pure RUNNER (4H)
2025-09-22 01:10:00+00:00,2025-09-22 01:30:00+00:00,1,-1.0871191673448493,1.1530478030938165,0.0,R1 5m pullb+15m pure RUNNER (4H)
2025-08-29 13:30:00+00:00,2025-09-22 08:06:00+00:00,1,59.40564857721839,119.6817981195797,1.0,"S1 15m swing  | TP1 0.5R, runner->4H trend"
2025-09-23 15:15:00+00:00,2025-09-23 16:35:00+00:00,1,-1.069578837773387,0.41114767775181554,0.0,S2 15m pullb+1H conf | runner->4H
2025-09-23 17:00:00+00:00,2025-09-23 17:30:00+00:00,1,0.3076907702068282,0.9943408946719918,1.0,S2 15m pullb+1H conf | runner->4H
2025-09-24 07:15:00+00:00,2025-09-24 08:11:00+00:00,1,0.19668666806561763,1.7396981999620882,1.0,"S1 15m swing  | TP1 0.5R, runner->4H trend"
2025-09-24 09:00:00+00:00,2025-09-24 09:33:00+00:00,1,-1.040944506972001,0.526429375354129,0.0,S2 15m pullb+1H conf | runner->4H
2025-09-24 13:15:00+00:00,2025-09-24 13:29:00+00:00,1,-1.1227698489360385,0.39063133752387563,0.0,"S1 15m swing  | TP1 0.5R, runner->4H trend"
2025-09-24 13:15:00+00:00,2025-09-24 13:29:00+00:00,1,-1.1227698489360385,0.39063133752387563,0.0,S2 15m pullb+1H conf | runner->4H
2025-09-24 12:00:00+00:00,2025-09-24 14:08:00+00:00,1,-1.0325479712393368,0.4020631741329964,0.0,"S4 1h pullback | TP1 .75R, trail 3ATR"
2025-09-25 11:00:00+00:00,2025-09-25 11:02:00+00:00,1,-1.08076188622279,0.07126048784363878,0.0,"S1 15m swing  | TP1 0.5R, runner->4H trend"
2025-09-25 11:30:00+00:00,2025-09-25 12:06:00+00:00,1,0.1891765964028514,0.7513479267885153,1.0,"S1 15m swing  | TP1 0.5R, runner->4H trend"
2025-09-26 08:00:00+00:00,2025-09-26 08:12:00+00:00,1,0.1624443287317595,1.0300667208028071,1.0,"S1 15m swing  | TP1 0.5R, runner->4H trend"
2025-09-29 19:15:00+00:00,2025-09-29 19:18:00+00:00,1,0.31233496337379413,0.5402158329841896,1.0,S2 15m pullb+1H conf | runner->4H
2025-10-01 07:15:00+00:00,2025-10-01 07:24:00+00:00,1,0.3254132225443263,0.6818181900155591,1.0,S2 15m pullb+1H conf | runner->4H
2025-10-01 14:45:00+00:00,2025-10-01 14:46:00+00:00,1,-1.0367992661387635,0.1839963306942936,0.0,S2 15m pullb+1H conf | runner->4H
2025-10-01 15:00:00+00:00,2025-10-01 15:30:00+00:00,1,-1.0170503318120598,0.28417219686751694,0.0,"S4 1h pullback | TP1 .75R, trail 3ATR"
2025-10-01 17:00:00+00:00,2025-10-01 18:04:00+00:00,1,-1.0310099892853684,0.05638179870069409,0.0,"S4 1h pullback | TP1 .75R, trail 3ATR"
2025-10-01 20:00:00+00:00,2025-10-02 01:00:00+00:00,1,-1.0251362069587513,0.10350202865360157,0.0,"S4 1h pullback | TP1 .75R, trail 3ATR"
2025-10-02 08:00:00+00:00,2025-10-02 12:17:00+00:00,1,0.8943489506763109,2.127239061039164,1.0,"S4 1h pullback | TP1 .75R, trail 3ATR"
2025-09-30 16:45:00+00:00,2025-10-02 14:37:00+00:00,1,0.21535146859772988,5.985832493984334,1.0,"S1 15m swing  | TP1 0.5R, runner->4H trend"
2025-10-03 11:00:00+00:00,2025-10-03 11:14:00+00:00,1,-1.1070294914301877,0.4407096705949943,0.0,"S1 15m swing  | TP1 0.5R, runner->4H trend"
2025-10-03 13:00:00+00:00,2025-10-03 13:31:00+00:00,1,0.4701550050082863,0.9480174879720651,1.0,"S4 1h pullback | TP1 .75R, trail 3ATR"
2025-10-06 12:00:00+00:00,2025-10-06 12:15:00+00:00,1,0.33723273643931123,0.6137180328619911,1.0,S2 15m pullb+1H conf | runner->4H
2025-10-06 13:45:00+00:00,2025-10-06 14:02:00+00:00,1,0.32350608041830614,0.49879125998112706,1.0,S2 15m pullb+1H conf | runner->4H
2025-10-07 12:15:00+00:00,2025-10-07 12:23:00+00:00,1,-1.0643606909994967,0.3407330699973691,0.0,"S1 15m swing  | TP1 0.5R, runner->4H trend"
2025-10-07 16:45:00+00:00,2025-10-07 18:00:00+00:00,1,0.34293536875290126,1.2383581723005421,1.0,S2 15m pullb+1H conf | runner->4H
2025-10-08 14:00:00+00:00,2025-10-08 14:06:00+00:00,1,0.33749630302431777,0.750073939513656,1.0,S2 15m pullb+1H conf | runner->4H
2025-10-08 18:30:00+00:00,2025-10-08 19:06:00+00:00,1,0.3027096166388385,0.776452265731153,1.0,S2 15m pullb+1H conf | runner->4H
2025-10-09 09:15:00+00:00,2025-10-09 09:43:00+00:00,1,-1.0803472178436615,0.0913036566404016,0.0,"S1 15m swing  | TP1 0.5R, runner->4H trend"
2025-10-09 08:00:00+00:00,2025-10-09 11:17:00+00:00,1,0.48469886071252627,1.0137004777939735,1.0,"S4 1h pullback | TP1 .75R, trail 3ATR"
2025-10-10 15:45:00+00:00,2025-10-10 15:46:00+00:00,1,-1.0293078305703884,0.034479800671111824,0.0,"S1 15m swing  | TP1 0.5R, runner->4H trend"
2025-10-10 18:15:00+00:00,2025-10-10 18:34:00+00:00,1,0.220377878832618,1.1238981266441075,1.0,"S1 15m swing  | TP1 0.5R, runner->4H trend"
2025-09-19 16:30:00+00:00,2025-10-13 08:31:00+00:00,1,18.502980450136715,37.29702407865639,1.0,S3 5m pullb+15m conf | runner->4H
2025-10-13 08:45:00+00:00,2025-10-13 11:59:00+00:00,1,0.22765606725155,0.7426071766398508,1.0,S3 5m pullb+15m conf | runner->4H
2025-10-13 12:20:00+00:00,2025-10-13 12:36:00+00:00,1,0.21404580239563448,0.7190839520873419,1.0,S3 5m pullb+15m conf | runner->4H
2025-09-22 02:05:00+00:00,2025-10-13 17:06:00+00:00,1,78.92933693767579,81.36515952010694,0.0,R1 5m pullb+15m pure RUNNER (4H)
2025-10-13 18:25:00+00:00,2025-10-13 19:05:00+00:00,1,-1.0337278514847887,0.2670121575868846,0.0,R1 5m pullb+15m pure RUNNER (4H)
2025-10-13 19:25:00+00:00,2025-10-14 06:22:00+00:00,1,-1.0461208804850268,9.088526448511914,0.0,R1 5m pullb+15m pure RUNNER (4H)
2025-10-14 10:30:00+00:00,2025-10-14 11:41:00+00:00,1,-1.0529977445189616,0.4057639814738751,0.0,S2 15m pullb+1H conf | runner->4H
2025-10-14 10:55:00+00:00,2025-10-14 12:22:00+00:00,1,-1.0623679566019701,0.21070255608748087,0.0,R1 5m pullb+15m pure RUNNER (4H)
2025-10-14 14:00:00+00:00,2025-10-14 16:08:00+00:00,1,0.4870929339165037,0.8278325143219255,1.0,"S4 1h pullback | TP1 .75R, trail 3ATR"
2025-10-14 15:45:00+00:00,2025-10-14 17:00:00+00:00,1,0.22888529963360157,1.495624609286504,1.0,"S1 15m swing  | TP1 0.5R, runner->4H trend"
2025-10-14 16:30:00+00:00,2025-10-14 17:00:00+00:00,1,0.3446562113912541,1.9009491099001339,1.0,S2 15m pullb+1H conf | runner->4H
2025-10-14 20:00:00+00:00,2025-10-14 20:29:00+00:00,1,0.3305563813923943,0.5128109839338397,1.0,S2 15m pullb+1H conf | runner->4H
2025-10-15 14:15:00+00:00,2025-10-15 14:38:00+00:00,1,-1.0217976476667139,0.2997176554162549,0.0,S2 15m pullb+1H conf | runner->4H
2025-10-15 15:00:00+00:00,2025-10-15 15:30:00+00:00,1,0.3486223252259948,0.5093619956349446,1.0,S2 15m pullb+1H conf | runner->4H
2025-10-15 16:30:00+00:00,2025-10-15 17:13:00+00:00,1,-1.0124352961299685,0.27535298573545214,0.0,S2 15m pullb+1H conf | runner->4H
2025-10-15 18:00:00+00:00,2025-10-15 18:13:00+00:00,1,0.33299851250396917,0.7541176164061082,1.0,S2 15m pullb+1H conf | runner->4H
2025-10-16 09:45:00+00:00,2025-10-16 12:40:00+00:00,1,0.3217312136280267,3.7914842064761944,1.0,S2 15m pullb+1H conf | runner->4H
2025-10-17 13:00:00+00:00,2025-10-17 13:35:00+00:00,1,-0.9980468258134455,0.11067987057276636,0.0,"S4 1h pullback | TP1 .75R, trail 3ATR"
2025-10-20 12:45:00+00:00,2025-10-20 13:00:00+00:00,1,0.2173024649293435,0.6455667180610918,1.0,"S1 15m swing  | TP1 0.5R, runner->4H trend"
2025-10-14 16:25:00+00:00,2025-10-21 14:30:00+00:00,1,-1.0449950634086123,20.68106432966504,0.0,R1 5m pullb+15m pure RUNNER (4H)
2025-10-13 12:55:00+00:00,2025-10-21 14:45:00+00:00,1,0.22385582982733007,23.13759060282767,1.0,S3 5m pullb+15m conf | runner->4H
2025-11-10 12:15:00+00:00,2025-11-10 14:02:00+00:00,1,0.18058432458207288,4.06919476587916,1.0,"S1 15m swing  | TP1 0.5R, runner->4H trend"
2025-11-10 16:50:00+00:00,2025-11-10 20:00:00+00:00,1,1.016199788803742,1.7848972352814803,1.0,S3 5m pullb+15m conf | runner->4H
2025-11-10 16:50:00+00:00,2025-11-10 20:00:00+00:00,1,3.0996264183425155,3.5697944705629605,0.0,R1 5m pullb+15m pure RUNNER (4H)
2025-11-10 20:25:00+00:00,2025-11-11 00:00:00+00:00,1,1.9164566092145843,2.6539166279565136,0.0,R1 5m pullb+15m pure RUNNER (4H)
2025-11-10 20:25:00+00:00,2025-11-11 00:00:00+00:00,1,0.7208940565533697,1.3269583139782568,1.0,S3 5m pullb+15m conf | runner->4H
2025-11-11 00:10:00+00:00,2025-11-11 04:00:00+00:00,1,2.233607866070069,4.359077010429652,1.0,S3 5m pullb+15m conf | runner->4H
2025-11-11 08:15:00+00:00,2025-11-11 08:22:00+00:00,1,-1.0764296244543945,0.24727231441155562,0.0,S2 15m pullb+1H conf | runner->4H
2025-11-11 10:45:00+00:00,2025-11-11 12:53:00+00:00,1,-1.1049387407687776,1.264034831987559,0.0,R1 5m pullb+15m pure RUNNER (4H)
2025-11-11 13:15:00+00:00,2025-11-11 13:29:00+00:00,1,0.28124304147698875,1.047871889375287,1.0,S2 15m pullb+1H conf | runner->4H
2025-11-11 13:25:00+00:00,2025-11-11 13:31:00+00:00,1,-1.0564924088198198,0.1647695257240005,0.0,R1 5m pullb+15m pure RUNNER (4H)
2025-11-11 10:15:00+00:00,2025-11-11 14:01:00+00:00,1,0.21564634073847727,0.7344575428334599,1.0,S3 5m pullb+15m conf | runner->4H
2025-11-11 13:35:00+00:00,2025-11-11 14:01:00+00:00,1,-1.0515330657016426,0.3435537713435333,0.0,R1 5m pullb+15m pure RUNNER (4H)
2025-11-12 02:10:00+00:00,2025-11-12 02:30:00+00:00,1,-1.107068788573654,0.11710648750239626,0.0,R1 5m pullb+15m pure RUNNER (4H)
2025-11-12 02:10:00+00:00,2025-11-12 02:41:00+00:00,1,-1.0535343942868152,0.05855324375119813,0.0,S3 5m pullb+15m conf | runner->4H
2025-11-12 12:30:00+00:00,2025-11-12 12:40:00+00:00,1,0.17927594341339012,0.6864393727524991,1.0,"S1 15m swing  | TP1 0.5R, runner->4H trend"
2025-11-12 13:05:00+00:00,2025-11-12 13:09:00+00:00,1,-1.0931205127480257,0.04232750579479962,0.0,R1 5m pullb+15m pure RUNNER (4H)
2025-11-12 13:30:00+00:00,2025-11-12 13:36:00+00:00,1,0.3076202637238519,1.0701487526211801,1.0,S2 15m pullb+1H conf | runner->4H
2025-11-12 13:05:00+00:00,2025-11-12 14:30:00+00:00,1,0.2087306818502296,0.730149474957695,1.0,S3 5m pullb+15m conf | runner->4H
2025-11-12 14:45:00+00:00,2025-11-12 14:51:00+00:00,1,0.3032777087130119,0.49840437183071695,1.0,S2 15m pullb+1H conf | runner->4H
2025-11-12 09:00:00+00:00,2025-11-13 14:42:00+00:00,1,2.7479332340234732,8.415012650271796,1.0,"S4 1h pullback | TP1 .75R, trail 3ATR"
2025-11-12 14:40:00+00:00,2025-11-14 11:54:00+00:00,1,0.2360288125204678,6.298677022020925,1.0,S3 5m pullb+15m conf | runner->4H
2025-11-12 13:25:00+00:00,2025-11-14 12:12:00+00:00,1,-1.091500303171392,19.401453172444135,0.0,R1 5m pullb+15m pure RUNNER (4H)
2025-11-25 05:10:00+00:00,2025-11-25 05:30:00+00:00,1,-1.010269918180608,0.6675446817410277,0.0,R1 5m pullb+15m pure RUNNER (4H)
2025-11-25 04:15:00+00:00,2025-11-25 06:23:00+00:00,1,0.20506067822547397,0.7428745028041147,1.0,S3 5m pullb+15m conf | runner->4H
2025-11-25 05:45:00+00:00,2025-11-25 06:27:00+00:00,1,-1.0839233310024847,1.6784666200482308,0.0,R1 5m pullb+15m pure RUNNER (4H)
2025-11-25 07:05:00+00:00,2025-11-25 07:13:00+00:00,1,-1.0553770547460761,0.3922541377847685,0.0,R1 5m pullb+15m pure RUNNER (4H)
2025-11-25 07:15:00+00:00,2025-11-25 07:25:00+00:00,1,0.09649066364581187,0.9366671370762967,1.0,"S1 15m swing  | TP1 0.5R, runner->4H trend"
2025-11-25 07:05:00+00:00,2025-11-25 07:29:00+00:00,1,-1.027688527372968,0.19612706889238424,0.0,S3 5m pullb+15m conf | runner->4H
2025-11-25 10:15:00+00:00,2025-11-25 10:25:00+00:00,1,-1.0536988154193623,0.1895252308917518,0.0,S2 15m pullb+1H conf | runner->4H
2025-11-25 11:15:00+00:00,2025-11-25 11:19:00+00:00,1,0.25993198187111793,0.49659909355716675,1.0,S2 15m pullb+1H conf | runner->4H
2025-11-25 13:15:00+00:00,2025-11-25 13:26:00+00:00,1,0.3242195453948647,1.3097566834382757,1.0,S2 15m pullb+1H conf | runner->4H
2025-11-25 14:25:00+00:00,2025-11-25 14:35:00+00:00,1,-0.9897986306811909,0.031879279121287775,0.0,S3 5m pullb+15m conf | runner->4H
2025-11-25 17:00:00+00:00,2025-11-25 18:38:00+00:00,1,0.2047516448388877,3.2073098805397433,1.0,"S1 15m swing  | TP1 0.5R, runner->4H trend"
2025-11-25 19:15:00+00:00,2025-11-25 19:24:00+00:00,1,-0.952881724984787,0.026176819452953498,0.0,S2 15m pullb+1H conf | runner->4H
2025-11-25 18:35:00+00:00,2025-11-25 21:02:00+00:00,1,-1.0386681720872686,0.012083803777252364,0.0,S3 5m pullb+15m conf | runner->4H
2025-11-26 00:55:00+00:00,2025-11-26 01:03:00+00:00,1,0.0009142570821188572,0.8994762938699921,1.0,S3 5m pullb+15m conf | runner->4H
2025-11-26 04:35:00+00:00,2025-11-26 06:04:00+00:00,1,0.15845256003856165,1.3407524310954897,1.0,S3 5m pullb+15m conf | runner->4H
2025-11-26 07:15:00+00:00,2025-11-26 07:24:00+00:00,1,-1.3838130779380464,0.12466784485946886,0.0,"S1 15m swing  | TP1 0.5R, runner->4H trend"
2025-11-26 07:45:00+00:00,2025-11-26 08:45:00+00:00,1,0.15701680039469076,4.007896534709512,1.0,S2 15m pullb+1H conf | runner->4H
2025-11-26 09:03:00+00:00,2025-11-26 09:14:00+00:00,1,-1.164832798657011,0.22508846350864248,0.0,S2 15m pullb+1H conf | runner->4H
2025-11-26 09:03:00+00:00,2025-11-26 12:29:00+00:00,1,0.2367164999388585,1.3370098607657548,1.0,S3 5m pullb+15m conf | runner->4H
2025-11-26 11:00:00+00:00,2025-11-26 12:41:00+00:00,1,-0.0682546167784988,5.137057999647435,1.0,S2 15m pullb+1H conf | runner->4H
2025-11-26 13:30:00+00:00,2025-11-26 13:30:00+00:00,1,-1.0858444364119784,0.0,0.0,S2 15m pullb+1H conf | runner->4H
2025-11-26 16:00:00+00:00,2025-11-26 18:34:00+00:00,1,-0.043143691357093845,1.3482403549086726,1.0,"S1 15m swing  | TP1 0.5R, runner->4H trend"
2025-11-26 19:00:00+00:00,2025-11-26 19:06:00+00:00,1,0.25600762403785654,1.040910119714831,1.0,S2 15m pullb+1H conf | runner->4H
2025-11-26 19:00:00+00:00,2025-11-26 19:07:00+00:00,1,0.1996004162213617,0.5637569007780207,1.0,S3 5m pullb+15m conf | runner->4H
2025-11-26 20:26:00+00:00,2025-11-26 20:54:00+00:00,1,-0.966613584218667,0.0,0.0,S3 5m pullb+15m conf | runner->4H
2025-11-27 00:10:00+00:00,2025-11-27 01:05:00+00:00,1,-1.1871855476629372,0.3288394756242453,0.0,S3 5m pullb+15m conf | runner->4H
2025-11-26 16:00:00+00:00,2025-11-27 01:54:00+00:00,1,-0.9515553592191269,0.4780721129693835,0.0,"S4 1h pullback | TP1 .75R, trail 3ATR"
2025-11-27 09:00:00+00:00,2025-11-27 09:01:00+00:00,1,-0.8926816030035885,0.24765783922221465,0.0,"S1 15m swing  | TP1 0.5R, runner->4H trend"
2025-11-27 19:15:00+00:00,2025-11-27 19:25:00+00:00,1,-1.3621065700448265,0.1697374547087515,0.0,"S1 15m swing  | TP1 0.5R, runner->4H trend"
2025-11-27 14:00:00+00:00,2025-11-28 13:30:00+00:00,1,1.3044452300116987,3.872122504957594,1.0,"S4 1h pullback | TP1 .75R, trail 3ATR"
2025-12-03 07:15:00+00:00,2025-12-03 07:22:00+00:00,1,0.1602897689179495,0.6805603737264491,1.0,"S1 15m swing  | TP1 0.5R, runner->4H trend"
2025-12-03 14:00:00+00:00,2025-12-03 14:02:00+00:00,1,0.16962872276799945,0.8273513832708148,1.0,"S1 15m swing  | TP1 0.5R, runner->4H trend"
2025-12-03 16:15:00+00:00,2025-12-03 16:36:00+00:00,1,0.3516596082049322,0.5773675865107492,1.0,S2 15m pullb+1H conf | runner->4H
2025-12-03 16:00:00+00:00,2025-12-03 16:56:00+00:00,1,-1.0085932431465217,0.5708368661599789,0.0,"S4 1h pullback | TP1 .75R, trail 3ATR"
2025-12-04 17:00:00+00:00,2025-12-04 17:09:00+00:00,1,-1.1093539776891712,0.22212526718117598,0.0,"S1 15m swing  | TP1 0.5R, runner->4H trend"
2025-12-05 07:15:00+00:00,2025-12-05 07:16:00+00:00,1,0.09001207788899382,0.5090524794446383,1.0,"S1 15m swing  | TP1 0.5R, runner->4H trend"
2025-12-05 18:00:00+00:00,2025-12-05 19:08:00+00:00,1,-1.0095883424486143,0.1438251367293829,0.0,"S4 1h pullback | TP1 .75R, trail 3ATR"
2025-12-09 12:00:00+00:00,2025-12-09 12:08:00+00:00,1,0.07258028575494867,0.7241620989599109,1.0,"S1 15m swing  | TP1 0.5R, runner->4H trend"
2025-12-11 08:00:00+00:00,2025-12-11 10:17:00+00:00,1,0.46658559893222207,0.7746065702076849,1.0,"S4 1h pullback | TP1 .75R, trail 3ATR"
2025-12-11 13:00:00+00:00,2025-12-11 13:16:00+00:00,1,-1.0270547789026057,0.15118847033794336,0.0,"S4 1h pullback | TP1 .75R, trail 3ATR"
2025-12-11 14:15:00+00:00,2025-12-11 14:16:00+00:00,1,0.15850347528844136,0.5395948893241576,1.0,"S1 15m swing  | TP1 0.5R, runner->4H trend"
2025-12-11 14:00:00+00:00,2025-12-12 15:24:00+00:00,1,3.906382536454588,10.699379859317972,1.0,"S4 1h pullback | TP1 .75R, trail 3ATR"
2025-12-15 07:15:00+00:00,2025-12-15 07:34:00+00:00,1,0.1544741362054098,0.9881985909768404,1.0,"S1 15m swing  | TP1 0.5R, runner->4H trend"
2025-12-16 15:45:00+00:00,2025-12-16 15:58:00+00:00,1,0.18643911028637902,1.0978699132349956,1.0,"S1 15m swing  | TP1 0.5R, runner->4H trend"
2025-12-16 18:45:00+00:00,2025-12-16 19:00:00+00:00,1,0.33233102528374747,0.7503854174222461,1.0,S2 15m pullb+1H conf | runner->4H
2025-12-16 18:00:00+00:00,2025-12-16 20:51:00+00:00,1,0.47306071240560976,0.7469529742085556,1.0,"S4 1h pullback | TP1 .75R, trail 3ATR"
2025-12-17 09:30:00+00:00,2025-12-17 09:57:00+00:00,1,-1.0807103070183508,0.0,0.0,S2 15m pullb+1H conf | runner->4H
2025-12-17 12:30:00+00:00,2025-12-17 12:35:00+00:00,1,-1.1289394272455615,0.3516529833968703,0.0,S2 15m pullb+1H conf | runner->4H
2025-12-17 09:00:00+00:00,2025-12-17 14:12:00+00:00,1,0.8879764451216194,2.119504598237543,1.0,"S4 1h pullback | TP1 .75R, trail 3ATR"
2025-12-17 13:15:00+00:00,2025-12-17 14:15:00+00:00,1,0.3379826143696675,6.425160505845151,1.0,S2 15m pullb+1H conf | runner->4H
2025-12-17 16:45:00+00:00,2025-12-17 16:50:00+00:00,1,0.3475521798857278,0.5603929939988069,1.0,S2 15m pullb+1H conf | runner->4H
2025-12-17 19:00:00+00:00,2025-12-17 19:16:00+00:00,1,0.33331522208342185,0.5318402699690947,1.0,S2 15m pullb+1H conf | runner->4H
2025-12-17 20:00:00+00:00,2025-12-17 20:32:00+00:00,1,0.31858451597112347,0.9789745757950421,1.0,S2 15m pullb+1H conf | runner->4H
2025-12-18 14:00:00+00:00,2025-12-18 14:39:00+00:00,1,-1.0203329109068724,0.45749049540618314,0.0,"S4 1h pullback | TP1 .75R, trail 3ATR"
2025-11-26 00:55:00+00:00,2025-12-18 15:48:00+00:00,1,69.59178895188228,75.14086578021882,0.0,R1 5m pullb+15m pure RUNNER (4H)
2025-12-18 16:15:00+00:00,2025-12-18 16:51:00+00:00,1,0.2143124562369128,1.322538386514466,1.0,"S1 15m swing  | TP1 0.5R, runner->4H trend"
2025-12-18 16:00:00+00:00,2025-12-18 17:05:00+00:00,1,1.0741718319305038,2.8663505304884054,1.0,"S4 1h pullback | TP1 .75R, trail 3ATR"
2025-12-18 17:45:00+00:00,2025-12-18 19:52:00+00:00,1,-1.0426070876847886,0.29982765407818257,0.0,S2 15m pullb+1H conf | runner->4H
2025-12-19 10:00:00+00:00,2025-12-19 14:45:00+00:00,1,0.4816392100820547,0.8721375211039145,1.0,"S4 1h pullback | TP1 .75R, trail 3ATR"
2025-12-19 15:15:00+00:00,2025-12-19 15:22:00+00:00,1,0.17280140577226452,0.7719859422766348,1.0,"S1 15m swing  | TP1 0.5R, runner->4H trend"
2025-12-19 15:00:00+00:00,2025-12-19 18:45:00+00:00,1,0.8614795977636763,2.0550953304868504,1.0,"S4 1h pullback | TP1 .75R, trail 3ATR"
2025-12-19 19:05:00+00:00,2025-12-19 19:51:00+00:00,1,-1.0784986235908545,0.06419634664235402,0.0,R1 5m pullb+15m pure RUNNER (4H)
2025-11-27 23:05:00+00:00,2025-12-22 04:05:00+00:00,1,38.195955003930585,76.40429876870397,1.0,S3 5m pullb+15m conf | runner->4H
2025-12-22 08:25:00+00:00,2025-12-22 10:29:00+00:00,1,0.20853892365260324,0.4996591252124039,1.0,S3 5m pullb+15m conf | runner->4H
2025-12-23 19:45:00+00:00,2025-12-23 21:03:00+00:00,1,0.19523530778717044,0.758280353716083,1.0,"S1 15m swing  | TP1 0.5R, runner->4H trend"
2025-12-26 07:15:00+00:00,2025-12-26 07:28:00+00:00,1,-1.082240653482279,0.22429269131552962,0.0,"S1 15m swing  | TP1 0.5R, runner->4H trend"
2025-12-26 12:30:00+00:00,2025-12-26 12:41:00+00:00,1,0.2938517241967659,0.8353498979742036,1.0,S2 15m pullb+1H conf | runner->4H
2025-12-26 13:15:00+00:00,2025-12-26 13:18:00+00:00,1,0.299506793246121,0.5328932241449909,1.0,S2 15m pullb+1H conf | runner->4H
2025-12-26 18:45:00+00:00,2025-12-26 19:27:00+00:00,1,0.33772293545718635,0.7674689758810322,1.0,S2 15m pullb+1H conf | runner->4H
2025-12-22 10:55:00+00:00,2025-12-29 13:43:00+00:00,1,0.20862610382366611,23.97962065891949,1.0,S3 5m pullb+15m conf | runner->4H
2025-12-22 08:45:00+00:00,2025-12-29 13:47:00+00:00,1,-1.0671878065825902,27.86317861222344,0.0,R1 5m pullb+15m pure RUNNER (4H)
2026-01-06 07:15:00+00:00,2026-01-06 07:22:00+00:00,1,-1.106500943022839,0.19722396856041297,0.0,"S1 15m swing  | TP1 0.5R, runner->4H trend"
2026-01-06 06:35:00+00:00,2026-01-06 07:55:00+00:00,1,-1.0404423279294992,0.9942072282651816,0.0,R1 5m pullb+15m pure RUNNER (4H)
2026-01-06 06:35:00+00:00,2026-01-06 09:02:00+00:00,1,0.2255660935426043,0.9605052883240176,1.0,S3 5m pullb+15m conf | runner->4H
2026-01-06 08:20:00+00:00,2026-01-06 09:10:00+00:00,1,-1.0884217646716643,1.9894897051107745,0.0,R1 5m pullb+15m pure RUNNER (4H)
2026-01-06 11:45:00+00:00,2026-01-06 11:58:00+00:00,1,0.2893345792805452,0.5062047587968085,1.0,S2 15m pullb+1H conf | runner->4H
2026-01-06 12:45:00+00:00,2026-01-06 13:21:00+00:00,1,0.19592749920395183,0.8938515437719223,1.0,S3 5m pullb+15m conf | runner->4H
2026-01-06 13:45:00+00:00,2026-01-06 13:47:00+00:00,1,0.2788185139683761,0.549608491608953,1.0,S2 15m pullb+1H conf | runner->4H
2026-01-06 13:45:00+00:00,2026-01-06 13:50:00+00:00,1,-1.096660006743778,0.4228875295042355,0.0,R1 5m pullb+15m pure RUNNER (4H)
2026-01-06 14:00:00+00:00,2026-01-06 14:03:00+00:00,1,0.29819723513750385,0.6109310841333779,1.0,S2 15m pullb+1H conf | runner->4H
2026-01-06 13:45:00+00:00,2026-01-07 02:01:00+00:00,1,0.2129973411683578,3.0885892779860633,1.0,S3 5m pullb+15m conf | runner->4H
2026-01-06 13:55:00+00:00,2026-01-07 05:34:00+00:00,1,-1.065376614246845,4.491615534367298,0.0,R1 5m pullb+15m pure RUNNER (4H)
2026-01-07 09:00:00+00:00,2026-01-07 11:39:00+00:00,1,-0.9965528443813733,0.03447155618578467,0.0,"S4 1h pullback | TP1 .75R, trail 3ATR"
2026-01-07 17:00:00+00:00,2026-01-07 19:16:00+00:00,1,-1.0129222213545022,0.07537962456774726,0.0,"S4 1h pullback | TP1 .75R, trail 3ATR"
2026-01-08 17:45:00+00:00,2026-01-08 18:10:00+00:00,1,-1.0949653554363796,0.3336620596415631,0.0,"S1 15m swing  | TP1 0.5R, runner->4H trend"
2026-01-08 20:05:00+00:00,2026-01-09 01:05:00+00:00,1,0.20708365638221726,2.949123099889939,1.0,S3 5m pullb+15m conf | runner->4H
2026-01-08 20:05:00+00:00,2026-01-09 01:08:00+00:00,1,-1.0968368779066662,5.898246199779878,0.0,R1 5m pullb+15m pure RUNNER (4H)
2026-01-09 03:00:00+00:00,2026-01-09 03:11:00+00:00,1,-1.0198827368380312,0.11361563907418717,0.0,R1 5m pullb+15m pure RUNNER (4H)
2026-01-09 03:00:00+00:00,2026-01-09 07:24:00+00:00,1,0.23295765413887612,0.518371353275874,1.0,S3 5m pullb+15m conf | runner->4H
2026-01-09 07:40:00+00:00,2026-01-09 08:30:00+00:00,1,0.18667927005412335,0.633207299459145,1.0,S3 5m pullb+15m conf | runner->4H
2026-01-09 08:15:00+00:00,2026-01-09 08:31:00+00:00,1,-1.1550959395035802,0.28721470278426353,0.0,S2 15m pullb+1H conf | runner->4H
2026-01-09 09:05:00+00:00,2026-01-09 09:54:00+00:00,1,0.2048496166131383,0.9428462413144141,1.0,S3 5m pullb+15m conf | runner->4H
2026-01-09 10:10:00+00:00,2026-01-09 10:49:00+00:00,1,-1.0214100343565904,0.07646440841609725,0.0,S3 5m pullb+15m conf | runner->4H
2026-01-09 11:00:00+00:00,2026-01-09 11:01:00+00:00,1,0.245722352938806,0.6629622926221211,1.0,S2 15m pullb+1H conf | runner->4H
2026-01-09 10:55:00+00:00,2026-01-09 11:07:00+00:00,1,0.18876495640103774,0.48674009014550773,1.0,S3 5m pullb+15m conf | runner->4H
2026-01-09 12:00:00+00:00,2026-01-09 12:11:00+00:00,1,0.27411796706544816,1.8784930270592126,1.0,S2 15m pullb+1H conf | runner->4H
2026-01-09 11:15:00+00:00,2026-01-09 12:20:00+00:00,1,0.20446687709707206,1.4130969176763888,1.0,S3 5m pullb+15m conf | runner->4H
2026-01-09 06:20:00+00:00,2026-01-09 12:33:00+00:00,1,-1.1528528714538113,2.6439415602814593,0.0,R1 5m pullb+15m pure RUNNER (4H)
2026-01-09 13:30:00+00:00,2026-01-09 13:30:00+00:00,1,0.27023754711428394,0.45238331927933245,1.0,S2 15m pullb+1H conf | runner->4H
2026-01-09 13:45:00+00:00,2026-01-09 13:50:00+00:00,1,-1.0965664670824535,0.2565046781878377,0.0,S2 15m pullb+1H conf | runner->4H
2026-01-09 14:00:00+00:00,2026-01-09 14:17:00+00:00,1,0.4699599409778054,0.9558200597968735,1.0,"S4 1h pullback | TP1 .75R, trail 3ATR"
2026-01-09 13:35:00+00:00,2026-01-09 17:54:00+00:00,1,0.23756082484529467,1.3125474473584198,1.0,S3 5m pullb+15m conf | runner->4H
2026-01-09 18:15:00+00:00,2026-01-09 19:04:00+00:00,1,0.3436493277412379,1.3297009268367843,1.0,S2 15m pullb+1H conf | runner->4H
2026-01-12 14:45:00+00:00,2026-01-12 14:54:00+00:00,1,0.3458252779298717,0.533193196454827,1.0,S2 15m pullb+1H conf | runner->4H
2026-01-13 09:00:00+00:00,2026-01-13 15:17:00+00:00,1,1.0109400958103734,2.5652872694184827,1.0,"S4 1h pullback | TP1 .75R, trail 3ATR"
2026-01-13 14:00:00+00:00,2026-01-13 15:17:00+00:00,1,0.19840679032525116,3.7177459912697968,1.0,"S1 15m swing  | TP1 0.5R, runner->4H trend"
2026-01-13 16:45:00+00:00,2026-01-13 17:06:00+00:00,1,0.34359710806393934,0.6742385621564584,1.0,S2 15m pullb+1H conf | runner->4H
2026-01-13 19:00:00+00:00,2026-01-13 20:34:00+00:00,1,-1.0324004225750016,0.21262777314846812,0.0,"S4 1h pullback | TP1 .75R, trail 3ATR"
2026-01-14 07:15:00+00:00,2026-01-14 07:21:00+00:00,1,0.18273745522528265,0.5001573842217023,1.0,"S1 15m swing  | TP1 0.5R, runner->4H trend"
2026-01-14 13:30:00+00:00,2026-01-14 13:30:00+00:00,1,-0.9877334024416796,0.06133298779207988,0.0,S2 15m pullb+1H conf | runner->4H
2026-01-14 13:45:00+00:00,2026-01-14 13:50:00+00:00,1,-1.0801647573059854,0.036438526048103693,0.0,S2 15m pullb+1H conf | runner->4H
2026-01-14 19:45:00+00:00,2026-01-14 20:02:00+00:00,1,-1.0333827757043461,0.2642803076601001,0.0,"S1 15m swing  | TP1 0.5R, runner->4H trend"
2026-01-14 16:00:00+00:00,2026-01-14 21:17:00+00:00,1,0.4777253410336908,1.4621314603537088,1.0,"S4 1h pullback | TP1 .75R, trail 3ATR"
2026-01-15 11:00:00+00:00,2026-01-15 13:28:00+00:00,1,-1.0261440718795618,0.1604295319881196,0.0,"S4 1h pullback | TP1 .75R, trail 3ATR"
2026-01-15 19:15:00+00:00,2026-01-15 19:56:00+00:00,1,-1.028912488042039,0.3717319891139809,0.0,"S1 15m swing  | TP1 0.5R, runner->4H trend"
2026-01-15 16:00:00+00:00,2026-01-16 01:00:00+00:00,1,-1.0078081192157178,0.5633000291325533,0.0,"S4 1h pullback | TP1 .75R, trail 3ATR"
2026-01-19 07:15:00+00:00,2026-01-19 07:19:00+00:00,1,-1.1284757083357702,0.017361582207598963,0.0,"S1 15m swing  | TP1 0.5R, runner->4H trend"
2026-01-19 12:15:00+00:00,2026-01-19 13:42:00+00:00,1,0.3003877757705092,2.0582682546061704,1.0,S2 15m pullb+1H conf | runner->4H
2026-01-19 14:30:00+00:00,2026-01-19 14:31:00+00:00,1,0.27438498422621294,0.7102236407565929,1.0,S2 15m pullb+1H conf | runner->4H
2026-01-20 13:45:00+00:00,2026-01-20 13:51:00+00:00,1,0.24156225272832263,0.6328310453731644,1.0,S2 15m pullb+1H conf | runner->4H
2026-01-20 15:45:00+00:00,2026-01-20 15:55:00+00:00,1,0.33291779476659267,0.690579778188873,1.0,S2 15m pullb+1H conf | runner->4H
2026-01-21 14:45:00+00:00,2026-01-21 14:53:00+00:00,1,-1.062340536895978,0.0890579098514983,0.0,S2 15m pullb+1H conf | runner->4H
2026-01-21 15:15:00+00:00,2026-01-21 15:18:00+00:00,1,-1.0239366937317402,0.11264326462009781,0.0,S2 15m pullb+1H conf | runner->4H
2026-01-22 10:45:00+00:00,2026-01-22 10:55:00+00:00,1,0.1915030598619719,0.5549709705397388,1.0,"S1 15m swing  | TP1 0.5R, runner->4H trend"
2026-01-22 13:15:00+00:00,2026-01-22 13:20:00+00:00,1,0.31676161607996567,1.0277361868241845,1.0,S2 15m pullb+1H conf | runner->4H
2026-01-22 14:15:00+00:00,2026-01-22 14:25:00+00:00,1,0.34132813528955286,0.6313474633205066,1.0,S2 15m pullb+1H conf | runner->4H
2026-01-22 14:00:00+00:00,2026-01-22 15:00:00+00:00,1,0.49214242711115597,1.0711112516910215,1.0,"S4 1h pullback | TP1 .75R, trail 3ATR"
2026-01-22 14:30:00+00:00,2026-01-22 15:00:00+00:00,1,0.34103934255773605,2.5895001299694598,1.0,S2 15m pullb+1H conf | runner->4H
2026-01-22 15:15:00+00:00,2026-01-22 15:19:00+00:00,1,0.3425318009899844,0.5150128118824623,1.0,S2 15m pullb+1H conf | runner->4H
2026-01-23 10:00:00+00:00,2026-01-23 13:23:00+00:00,1,0.48133755630851427,1.230024697847702,1.0,"S4 1h pullback | TP1 .75R, trail 3ATR"
2026-01-23 14:15:00+00:00,2026-01-23 14:30:00+00:00,1,-1.0458263221349713,0.11456580533739555,0.0,"S1 15m swing  | TP1 0.5R, runner->4H trend"
2026-01-23 14:45:00+00:00,2026-01-23 14:56:00+00:00,1,0.2891529546442193,0.9197897716692417,1.0,S2 15m pullb+1H conf | runner->4H
2026-01-26 14:45:00+00:00,2026-01-26 15:20:00+00:00,1,0.345724692998266,1.4293238124373968,1.0,S2 15m pullb+1H conf | runner->4H
2026-01-26 16:00:00+00:00,2026-01-26 16:20:00+00:00,1,0.3485218561448772,1.1370026478955944,1.0,S2 15m pullb+1H conf | runner->4H
2026-01-26 17:00:00+00:00,2026-01-26 17:07:00+00:00,1,0.332541939377403,0.49755539792090914,1.0,S2 15m pullb+1H conf | runner->4H
2026-01-26 17:45:00+00:00,2026-01-26 18:09:00+00:00,1,-1.022388041429176,0.21071097815719456,0.0,S2 15m pullb+1H conf | runner->4H
2026-01-27 07:15:00+00:00,2026-01-27 08:00:00+00:00,1,0.23854063215333648,1.3751241415998008,1.0,"S1 15m swing  | TP1 0.5R, runner->4H trend"
2026-01-27 12:45:00+00:00,2026-01-27 13:10:00+00:00,1,-1.0660184801677974,0.4278975566432006,0.0,S2 15m pullb+1H conf | runner->4H
2026-01-27 13:15:00+00:00,2026-01-27 13:26:00+00:00,1,-1.004706443325207,0.31768492445159985,0.0,S2 15m pullb+1H conf | runner->4H
2026-01-27 16:00:00+00:00,2026-01-27 16:35:00+00:00,1,0.23046049355193354,0.8624333880536453,1.0,"S1 15m swing  | TP1 0.5R, runner->4H trend"
2026-01-27 18:15:00+00:00,2026-01-27 18:29:00+00:00,1,0.3408037818024188,0.5906619506856949,1.0,S2 15m pullb+1H conf | runner->4H
2026-01-28 14:00:00+00:00,2026-01-28 14:06:00+00:00,1,-1.1050059540342578,0.23334656452057376,0.0,S2 15m pullb+1H conf | runner->4H
2026-01-28 14:45:00+00:00,2026-01-28 15:07:00+00:00,1,0.30140180349261436,1.1943566977072753,1.0,S2 15m pullb+1H conf | runner->4H
2026-01-28 15:30:00+00:00,2026-01-28 15:37:00+00:00,1,0.32732957201827667,0.4969895683201946,1.0,S2 15m pullb+1H conf | runner->4H
2026-01-28 19:00:00+00:00,2026-01-28 19:01:00+00:00,1,0.38895896402472413,0.5905715548925162,1.0,S2 15m pullb+1H conf | runner->4H
2026-01-28 19:15:00+00:00,2026-01-28 19:38:00+00:00,1,0.30564034939301965,0.4140874663104059,1.0,S2 15m pullb+1H conf | runner->4H
2026-01-27 16:00:00+00:00,2026-01-29 01:10:00+00:00,1,6.284125027395352,16.831909372226445,1.0,"S4 1h pullback | TP1 .75R, trail 3ATR"
2026-01-29 10:16:00+00:00,2026-01-29 10:31:00+00:00,1,-0.8519507376607718,0.05435880576718993,0.0,S2 15m pullb+1H conf | runner->4H
2026-01-29 13:45:00+00:00,2026-01-29 13:57:00+00:00,1,-0.7098210092914936,0.0,0.0,S2 15m pullb+1H conf | runner->4H
2026-01-29 14:16:00+00:00,2026-01-29 14:34:00+00:00,1,0.5781391683471105,1.3196252879837835,1.0,S2 15m pullb+1H conf | runner->4H
2026-01-09 18:35:00+00:00,2026-02-02 05:49:00+00:00,1,0.41978881826634673,50.398083907265615,1.0,S3 5m pullb+15m conf | runner->4H
2026-01-09 13:35:00+00:00,2026-02-02 05:52:00+00:00,1,-1.0205889795663379,93.4911247144568,0.0,R1 5m pullb+15m pure RUNNER (4H)
2026-02-10 08:00:00+00:00,2026-02-10 10:15:00+00:00,1,0.5018850470759277,0.9676574989781207,1.0,"S4 1h pullback | TP1 .75R, trail 3ATR"
2026-02-10 10:30:00+00:00,2026-02-10 10:55:00+00:00,1,0.32355664356710384,1.0443227173105176,1.0,S2 15m pullb+1H conf | runner->4H
2026-02-10 09:45:00+00:00,2026-02-10 10:56:00+00:00,1,0.22049077262704608,0.8765976366673089,1.0,"S1 15m swing  | TP1 0.5R, runner->4H trend"
2026-02-10 10:00:00+00:00,2026-02-10 10:57:00+00:00,1,0.2319753132464769,0.5869577481272862,1.0,S3 5m pullb+15m conf | runner->4H
2026-02-10 10:00:00+00:00,2026-02-10 12:43:00+00:00,1,-1.0406710880592505,1.1739154962545724,0.0,R1 5m pullb+15m pure RUNNER (4H)
2026-02-10 11:10:00+00:00,2026-02-10 12:44:00+00:00,1,-1.0273795055550368,0.2433733827115485,0.0,S3 5m pullb+15m conf | runner->4H
2026-02-10 14:00:00+00:00,2026-02-10 14:38:00+00:00,1,0.4886698395273972,0.9530664397554652,1.0,"S4 1h pullback | TP1 .75R, trail 3ATR"
2026-02-10 13:15:00+00:00,2026-02-10 14:45:00+00:00,1,0.37152659715395137,3.34315023933036,1.0,S2 15m pullb+1H conf | runner->4H
2026-02-10 20:00:00+00:00,2026-02-11 00:06:00+00:00,1,0.4937663397586854,0.8825550552160184,1.0,"S4 1h pullback | TP1 .75R, trail 3ATR"
2026-02-11 07:15:00+00:00,2026-02-11 07:19:00+00:00,1,0.20526967652403666,0.855138537040077,1.0,"S1 15m swing  | TP1 0.5R, runner->4H trend"
2026-02-11 08:00:00+00:00,2026-02-11 08:01:00+00:00,1,0.3168564701952569,0.6078641752316242,1.0,S2 15m pullb+1H conf | runner->4H
2026-02-11 08:45:00+00:00,2026-02-11 12:41:00+00:00,1,0.333250290802919,9.861569241389473,1.0,S2 15m pullb+1H conf | runner->4H
2026-02-11 13:00:00+00:00,2026-02-11 13:17:00+00:00,1,-1.0459239978522465,0.2870249865765069,0.0,S2 15m pullb+1H conf | runner->4H
2026-02-11 02:20:00+00:00,2026-02-11 13:30:00+00:00,1,-1.0102223547263693,5.622295099510903,0.0,R1 5m pullb+15m pure RUNNER (4H)
2026-02-11 13:30:00+00:00,2026-02-11 13:30:00+00:00,1,-0.7184206154847156,0.0,0.0,S2 15m pullb+1H conf | runner->4H
2026-02-11 02:20:00+00:00,2026-02-11 13:30:00+00:00,1,0.2412379816630897,2.8111475497554514,1.0,S3 5m pullb+15m conf | runner->4H
2026-02-11 16:00:00+00:00,2026-02-11 18:13:00+00:00,1,0.5060445711735962,1.1599819918861018,1.0,"S4 1h pullback | TP1 .75R, trail 3ATR"
2026-02-11 18:30:00+00:00,2026-02-11 19:57:00+00:00,1,0.36389953130709607,1.2561056678826052,1.0,S2 15m pullb+1H conf | runner->4H
2026-02-11 18:20:00+00:00,2026-02-11 23:06:00+00:00,1,0.23979629634307825,0.6002178621718453,1.0,S3 5m pullb+15m conf | runner->4H
2026-02-11 18:20:00+00:00,2026-02-11 23:11:00+00:00,1,-1.0204074073138412,1.2004357243436905,0.0,R1 5m pullb+15m pure RUNNER (4H)
2026-02-12 09:00:00+00:00,2026-02-12 14:56:00+00:00,1,-0.9938623906319461,0.6597930070647763,0.0,"S4 1h pullback | TP1 .75R, trail 3ATR"
2026-02-13 16:15:00+00:00,2026-02-16 00:03:00+00:00,1,0.2491771218801411,1.1396861960035443,1.0,S3 5m pullb+15m conf | runner->4H
2026-02-13 16:15:00+00:00,2026-02-16 00:03:00+00:00,1,0.24772092925149733,3.1565129866987993,1.0,"S1 15m swing  | TP1 0.5R, runner->4H trend"
2026-02-13 16:15:00+00:00,2026-02-16 03:49:00+00:00,1,-0.989302584441811,2.2793723920070885,0.0,R1 5m pullb+15m pure RUNNER (4H)
2026-02-16 11:00:00+00:00,2026-02-16 11:10:00+00:00,1,-1.0397246755076752,0.14896753315405126,0.0,"S1 15m swing  | TP1 0.5R, runner->4H trend"
2026-02-16 11:30:00+00:00,2026-02-16 11:48:00+00:00,1,0.08046267015395583,0.5772321989309268,1.0,"S1 15m swing  | TP1 0.5R, runner->4H trend"
2026-02-16 11:45:00+00:00,2026-02-16 12:07:00+00:00,1,-1.164447327984293,0.33333917834647697,0.0,R1 5m pullb+15m pure RUNNER (4H)
2026-02-16 11:45:00+00:00,2026-02-16 12:12:00+00:00,1,-1.0822236639922025,0.16666958917323849,0.0,S3 5m pullb+15m conf | runner->4H
2026-02-23 07:15:00+00:00,2026-02-23 07:20:00+00:00,1,-1.0482165540617558,0.28362678859838264,0.0,S2 15m pullb+1H conf | runner->4H
2026-02-23 09:15:00+00:00,2026-02-23 10:06:00+00:00,1,0.31458732359822394,0.863038234311126,1.0,S2 15m pullb+1H conf | runner->4H
2026-02-23 13:45:00+00:00,2026-02-23 13:46:00+00:00,1,-0.990225070858446,0.13033238855349766,0.0,S2 15m pullb+1H conf | runner->4H
2026-02-23 14:15:00+00:00,2026-02-24 01:15:00+00:00,1,0.3234777770828252,13.971614567535024,1.0,S2 15m pullb+1H conf | runner->4H
2026-02-24 08:00:00+00:00,2026-02-24 12:18:00+00:00,1,-1.0093092519359552,0.11636564919932679,0.0,"S4 1h pullback | TP1 .75R, trail 3ATR"
2026-02-24 18:00:00+00:00,2026-02-24 23:01:00+00:00,1,-1.0162099572579575,0.3426195511337922,0.0,"S4 1h pullback | TP1 .75R, trail 3ATR"
2026-02-25 12:15:00+00:00,2026-02-25 12:17:00+00:00,1,0.27542565167855015,0.5231872538924247,1.0,S2 15m pullb+1H conf | runner->4H
2026-02-25 12:45:00+00:00,2026-02-25 13:13:00+00:00,1,0.2793126207993851,0.974593677042443,1.0,S2 15m pullb+1H conf | runner->4H
2026-02-25 13:15:00+00:00,2026-02-25 13:27:00+00:00,1,0.2700683628050851,0.7844905460168847,1.0,S2 15m pullb+1H conf | runner->4H
2026-02-25 15:00:00+00:00,2026-02-25 15:11:00+00:00,1,0.3904731117637093,1.7864410854479857,1.0,S2 15m pullb+1H conf | runner->4H
2026-02-25 12:00:00+00:00,2026-02-25 15:23:00+00:00,1,0.48995859066414016,0.9497499663497935,1.0,"S4 1h pullback | TP1 .75R, trail 3ATR"
2026-02-25 15:45:00+00:00,2026-02-25 15:51:00+00:00,1,0.3436077625115771,0.8010433014271757,1.0,S2 15m pullb+1H conf | runner->4H
2026-02-25 16:00:00+00:00,2026-02-25 19:45:00+00:00,1,0.494068517877131,0.9829313232177292,1.0,"S4 1h pullback | TP1 .75R, trail 3ATR"
2026-02-26 08:15:00+00:00,2026-02-26 08:26:00+00:00,1,-1.0264553804887642,0.2645538048879209,0.0,S2 15m pullb+1H conf | runner->4H
2026-02-26 10:00:00+00:00,2026-02-26 10:58:00+00:00,1,-1.026606483290608,0.18723080834090555,0.0,"S4 1h pullback | TP1 .75R, trail 3ATR"
2026-02-26 13:00:00+00:00,2026-02-26 14:01:00+00:00,1,-1.0207081964910052,0.09412816586815446,0.0,"S4 1h pullback | TP1 .75R, trail 3ATR"
2026-02-26 16:00:00+00:00,2026-02-26 18:35:00+00:00,1,-1.0329166518346975,0.17242055722932323,0.0,"S4 1h pullback | TP1 .75R, trail 3ATR"
2026-02-26 19:00:00+00:00,2026-02-26 21:27:00+00:00,1,0.4785311105866378,0.8309255347023065,1.0,"S4 1h pullback | TP1 .75R, trail 3ATR"
2026-02-27 12:00:00+00:00,2026-02-27 13:40:00+00:00,1,1.1390189483778002,3.1417601615537123,1.0,"S4 1h pullback | TP1 .75R, trail 3ATR"
2026-02-20 18:35:00+00:00,2026-03-03 11:32:00+00:00,1,0.24494301023549467,12.55217102259641,1.0,S3 5m pullb+15m conf | runner->4H
2026-02-20 16:15:00+00:00,2026-03-03 14:44:00+00:00,1,0.22851738386034126,22.68943369338048,1.0,"S1 15m swing  | TP1 0.5R, runner->4H trend"
2026-02-20 18:35:00+00:00,2026-03-03 14:44:00+00:00,1,-0.9956654373447432,25.10434204519282,0.0,R1 5m pullb+15m pure RUNNER (4H)
2026-03-04 12:00:00+00:00,2026-03-04 12:16:00+00:00,1,0.21420509770625867,1.2849452105446395,1.0,"S1 15m swing  | TP1 0.5R, runner->4H trend"
2026-03-04 13:10:00+00:00,2026-03-04 13:56:00+00:00,1,-1.0670501708322508,0.5349747672785778,0.0,R1 5m pullb+15m pure RUNNER (4H)
2026-03-04 13:10:00+00:00,2026-03-04 14:25:00+00:00,1,-1.0335250854161462,0.2674873836392889,0.0,S3 5m pullb+15m conf | runner->4H
2026-03-05 02:50:00+00:00,2026-03-05 03:57:00+00:00,1,0.24585215617257447,0.6774811584795085,1.0,S3 5m pullb+15m conf | runner->4H
2026-03-05 04:05:00+00:00,2026-03-05 04:47:00+00:00,1,-1.0391618686848278,0.51831885024099,0.0,R1 5m pullb+15m pure RUNNER (4H)
2026-03-05 04:05:00+00:00,2026-03-05 05:34:00+00:00,1,-1.019580934342443,0.259159425120495,0.0,S3 5m pullb+15m conf | runner->4H
2026-03-05 07:15:00+00:00,2026-03-05 07:34:00+00:00,1,0.22887497720525068,0.5545318483626906,1.0,"S1 15m swing  | TP1 0.5R, runner->4H trend"
2026-03-05 09:30:00+00:00,2026-03-05 09:39:00+00:00,1,-0.9856730864275315,0.026862962948324333,0.0,"S1 15m swing  | TP1 0.5R, runner->4H trend"
2026-03-05 12:15:00+00:00,2026-03-05 12:30:00+00:00,1,-1.01778958597274,0.19060270685021666,0.0,"S1 15m swing  | TP1 0.5R, runner->4H trend"
2026-03-05 12:35:00+00:00,2026-03-05 13:00:00+00:00,1,-1.1204976650663276,0.22951936203109197,0.0,R1 5m pullb+15m pure RUNNER (4H)
2026-03-05 12:35:00+00:00,2026-03-05 13:01:00+00:00,1,-1.0602488325331798,0.11475968101554598,0.0,S3 5m pullb+15m conf | runner->4H
2026-03-11 04:25:00+00:00,2026-03-11 04:52:00+00:00,1,-1.0861323337262982,0.156604243138716,0.0,R1 5m pullb+15m pure RUNNER (4H)
2026-03-11 04:25:00+00:00,2026-03-11 05:30:00+00:00,1,-1.0430661668632146,0.078302121569358,0.0,S3 5m pullb+15m conf | runner->4H
2026-03-11 07:15:00+00:00,2026-03-11 07:31:00+00:00,1,-1.1576910483079224,0.16895469461576534,0.0,"S1 15m swing  | TP1 0.5R, runner->4H trend"
2026-03-11 20:00:00+00:00,2026-03-11 22:35:00+00:00,1,-1.00638304725759,0.03191523628784526,0.0,"S4 1h pullback | TP1 .75R, trail 3ATR"
2026-03-12 11:30:00+00:00,2026-03-12 11:33:00+00:00,1,0.1301389418241942,0.7338432133208231,1.0,"S1 15m swing  | TP1 0.5R, runner->4H trend"
2026-03-12 11:45:00+00:00,2026-03-12 12:00:00+00:00,1,-0.5297282151627261,0.08684069101019104,0.0,R1 5m pullb+15m pure RUNNER (4H)
2026-03-12 11:45:00+00:00,2026-03-12 12:00:00+00:00,1,-0.26486410758136303,0.04342034550509552,0.0,S3 5m pullb+15m conf | runner->4H
2026-03-23 07:15:00+00:00,2026-03-23 07:24:00+00:00,-1,0.25514285997532127,0.7836739010014487,1.0,"S1 15m swing  | TP1 0.5R, runner->4H trend"
2026-03-23 09:40:00+00:00,2026-03-23 11:02:00+00:00,-1,-1.0007639585681294,0.33996156281486395,0.0,R1 5m pullb+15m pure RUNNER (4H)
2026-03-23 01:30:00+00:00,2026-03-23 11:07:00+00:00,-1,0.249143040330802,3.0850548091131147,1.0,S3 5m pullb+15m conf | runner->4H
2026-03-23 20:00:00+00:00,2026-03-24 00:53:00+00:00,-1,0.49072703211320984,0.8984754020034035,1.0,"S4 1h pullback | TP1 .75R, trail 3ATR"
2026-03-24 03:05:00+00:00,2026-03-24 06:22:00+00:00,-1,-0.9923791066033132,0.9643361259645806,0.0,R1 5m pullb+15m pure RUNNER (4H)
2026-03-24 03:05:00+00:00,2026-03-24 07:10:00+00:00,-1,-0.9961895533016587,0.4821680629822903,0.0,S3 5m pullb+15m conf | runner->4H
2026-03-24 07:15:00+00:00,2026-03-24 07:48:00+00:00,-1,0.19159034392163565,0.9094657859180899,1.0,"S1 15m swing  | TP1 0.5R, runner->4H trend"
2026-03-24 12:00:00+00:00,2026-03-24 14:03:00+00:00,-1,0.49596316972630045,0.9722032909147398,1.0,"S4 1h pullback | TP1 .75R, trail 3ATR"
2026-03-24 18:00:00+00:00,2026-03-24 20:24:00+00:00,-1,-1.0062511380293389,0.08641279040553275,0.0,"S4 1h pullback | TP1 .75R, trail 3ATR"
2026-03-26 04:40:00+00:00,2026-03-26 04:49:00+00:00,-1,-1.0900875793902496,0.05630473711895521,0.0,R1 5m pullb+15m pure RUNNER (4H)
2026-03-26 07:15:00+00:00,2026-03-26 07:23:00+00:00,-1,0.25410709888708577,0.6913616459990443,1.0,"S1 15m swing  | TP1 0.5R, runner->4H trend"
2026-03-26 14:15:00+00:00,2026-03-26 14:22:00+00:00,-1,-0.9839318803731892,0.1359610122264208,0.0,S2 15m pullb+1H conf | runner->4H
2026-03-27 12:00:00+00:00,2026-03-27 12:11:00+00:00,-1,0.28773631085190743,0.6728162492557083,1.0,"S1 15m swing  | TP1 0.5R, runner->4H trend"
2026-03-27 13:30:00+00:00,2026-03-27 13:33:00+00:00,-1,0.3815017365334084,0.9752604800128587,1.0,S2 15m pullb+1H conf | runner->4H
2026-03-27 13:30:00+00:00,2026-03-27 13:35:00+00:00,-1,0.25650173653341524,0.9752604800128587,1.0,"S1 15m swing  | TP1 0.5R, runner->4H trend"
2026-03-27 09:00:00+00:00,2026-03-27 14:03:00+00:00,-1,-0.9647551397325953,0.6350151548180664,0.0,"S4 1h pullback | TP1 .75R, trail 3ATR"
2026-03-26 05:10:00+00:00,2026-03-27 15:03:00+00:00,-1,-1.021447978782807,24.542615721510668,0.0,R1 5m pullb+15m pure RUNNER (4H)
2026-03-26 03:45:00+00:00,2026-03-27 15:03:00+00:00,-1,0.2351105994259052,7.155670746488763,1.0,S3 5m pullb+15m conf | runner->4H
2026-04-22 16:15:00+00:00,2026-04-22 16:37:00+00:00,-1,0.1710269483178869,1.1845957752313079,1.0,"S1 15m swing  | TP1 0.5R, runner->4H trend"
2026-04-22 18:20:00+00:00,2026-04-22 18:37:00+00:00,-1,-1.2282882089098934,0.7042934104675256,0.0,R1 5m pullb+15m pure RUNNER (4H)
2026-04-22 18:20:00+00:00,2026-04-22 18:45:00+00:00,-1,-1.11414410445501,0.3521467052337628,0.0,S3 5m pullb+15m conf | runner->4H
2026-04-22 19:15:00+00:00,2026-04-22 19:25:00+00:00,-1,-1.031360672020598,0.13440288008766743,0.0,S2 15m pullb+1H conf | runner->4H
2026-04-22 19:45:00+00:00,2026-04-22 19:51:00+00:00,-1,0.10238961861900339,0.50741068599715,1.0,S2 15m pullb+1H conf | runner->4H
2026-04-23 01:55:00+00:00,2026-04-23 04:00:00+00:00,-1,0.7822106899901188,1.3317462728441913,1.0,S3 5m pullb+15m conf | runner->4H
2026-04-23 01:55:00+00:00,2026-04-23 04:00:00+00:00,-1,2.1327453131409224,2.6634925456883827,0.0,R1 5m pullb+15m pure RUNNER (4H)
2026-04-23 05:20:00+00:00,2026-04-23 05:34:00+00:00,-1,0.20800090947924357,1.8199605892342412,1.0,S3 5m pullb+15m conf | runner->4H
2026-04-23 05:25:00+00:00,2026-04-23 05:50:00+00:00,-1,-1.2520857578958515,3.449594581730898,0.0,R1 5m pullb+15m pure RUNNER (4H)
2026-04-23 08:45:00+00:00,2026-04-23 09:18:00+00:00,-1,0.2926819140840835,1.528764452723633,1.0,S2 15m pullb+1H conf | runner->4H
2026-04-23 11:35:00+00:00,2026-04-23 11:41:00+00:00,-1,-0.9908847121530159,0.09115287847018369,0.0,R1 5m pullb+15m pure RUNNER (4H)
2026-04-23 11:35:00+00:00,2026-04-23 11:47:00+00:00,-1,-0.9954423560765016,0.045576439235091845,0.0,S3 5m pullb+15m conf | runner->4H
2026-04-23 16:00:00+00:00,2026-04-23 17:14:00+00:00,-1,0.4905032440226932,0.7697370634237157,1.0,"S4 1h pullback | TP1 .75R, trail 3ATR"
2026-04-23 18:25:00+00:00,2026-04-23 20:00:00+00:00,-1,0.45449807246284957,0.5846296569213228,1.0,S3 5m pullb+15m conf | runner->4H
2026-04-23 18:25:00+00:00,2026-04-23 20:00:00+00:00,-1,0.8101646124365725,1.1692593138426457,0.0,R1 5m pullb+15m pure RUNNER (4H)
2026-04-23 18:45:00+00:00,2026-04-23 20:00:00+00:00,-1,0.7928507928104698,1.7377602471759297,1.0,S2 15m pullb+1H conf | runner->4H
2026-04-23 18:15:00+00:00,2026-04-23 20:00:00+00:00,-1,0.8564372227596181,1.8023225621601358,1.0,"S1 15m swing  | TP1 0.5R, runner->4H trend"
2026-04-23 22:05:00+00:00,2026-04-23 23:30:00+00:00,-1,0.218254632230773,0.613262786450971,1.0,S3 5m pullb+15m conf | runner->4H
2026-04-23 22:05:00+00:00,2026-04-24 00:00:00+00:00,-1,-0.22221757438456088,1.226525572901942,0.0,R1 5m pullb+15m pure RUNNER (4H)
2026-04-24 00:05:00+00:00,2026-04-24 00:07:00+00:00,-1,-0.9888303722389966,0.0,0.0,R1 5m pullb+15m pure RUNNER (4H)
2026-04-23 18:00:00+00:00,2026-04-24 00:27:00+00:00,-1,0.4962181262842199,1.0127017394477824,1.0,"S4 1h pullback | TP1 .75R, trail 3ATR"
2026-04-24 00:05:00+00:00,2026-04-24 00:27:00+00:00,-1,-0.9944151861195041,0.0,0.0,S3 5m pullb+15m conf | runner->4H
2026-04-24 04:55:00+00:00,2026-04-24 05:41:00+00:00,-1,-0.9868790778547176,0.41822939338003196,0.0,S3 5m pullb+15m conf | runner->4H
2026-04-24 06:20:00+00:00,2026-04-24 07:06:00+00:00,-1,0.2093576973140325,1.0714788889933475,1.0,S3 5m pullb+15m conf | runner->4H
2026-04-24 06:20:00+00:00,2026-04-24 07:22:00+00:00,-1,-1.0997583793199637,2.142957777986695,0.0,R1 5m pullb+15m pure RUNNER (4H)
2026-04-24 09:30:00+00:00,2026-04-24 09:32:00+00:00,-1,0.2959643683068237,0.5072569169541541,1.0,S2 15m pullb+1H conf | runner->4H
2026-04-24 10:00:00+00:00,2026-04-24 11:00:00+00:00,-1,0.2815324499336573,1.487850796973414,1.0,S2 15m pullb+1H conf | runner->4H
2026-04-27 13:15:00+00:00,2026-04-27 13:16:00+00:00,-1,-1.0869454211487084,0.07671654807225597,0.0,"S1 15m swing  | TP1 0.5R, runner->4H trend"
2026-04-27 09:00:00+00:00,2026-04-27 13:18:00+00:00,-1,0.48864636534368855,0.8365836062547715,1.0,"S4 1h pullback | TP1 .75R, trail 3ATR"
2026-04-27 13:35:00+00:00,2026-04-27 13:41:00+00:00,-1,0.21201657650896205,0.4806065829477432,1.0,S3 5m pullb+15m conf | runner->4H
2026-04-27 19:00:00+00:00,2026-04-27 19:45:00+00:00,-1,0.18378196666294289,0.5718830151840675,1.0,S3 5m pullb+15m conf | runner->4H
2026-04-27 19:55:00+00:00,2026-04-27 20:15:00+00:00,-1,0.19238998137473215,0.542211940002177,1.0,S3 5m pullb+15m conf | runner->4H
2026-04-27 19:00:00+00:00,2026-04-27 22:00:00+00:00,-1,-1.1625351727365762,1.143766030368135,0.0,R1 5m pullb+15m pure RUNNER (4H)
2026-04-27 20:35:00+00:00,2026-04-27 22:00:00+00:00,-1,-1.1109332368906253,0.16434553613434738,0.0,S3 5m pullb+15m conf | runner->4H
2026-04-28 13:05:00+00:00,2026-04-28 17:39:00+00:00,-1,-1.026599156982249,1.6322209966362087,0.0,R1 5m pullb+15m pure RUNNER (4H)
2026-04-29 07:15:00+00:00,2026-04-29 07:21:00+00:00,-1,0.2415056013465787,0.8494398653409176,1.0,"S1 15m swing  | TP1 0.5R, runner->4H trend"
2026-04-29 16:00:00+00:00,2026-04-29 16:02:00+00:00,-1,-0.9936630387753279,0.06336961224588852,0.0,S2 15m pullb+1H conf | runner->4H
2026-04-29 16:45:00+00:00,2026-04-29 17:06:00+00:00,-1,0.3398114923668638,0.7451683969368705,1.0,S2 15m pullb+1H conf | runner->4H
2026-04-29 18:15:00+00:00,2026-04-29 18:16:00+00:00,-1,-1.058502885839057,0.032501603243811183,0.0,S2 15m pullb+1H conf | runner->4H
2026-04-29 19:30:00+00:00,2026-04-29 22:05:00+00:00,-1,0.3300131545246094,0.5233163657341229,1.0,S2 15m pullb+1H conf | runner->4H
2026-04-29 09:25:00+00:00,2026-04-30 01:31:00+00:00,-1,-1.0987456229803372,8.380033950232407,0.0,R1 5m pullb+15m pure RUNNER (4H)
2026-04-28 08:40:00+00:00,2026-04-30 09:30:00+00:00,-1,0.24128741804174395,5.5668813143825995,1.0,S3 5m pullb+15m conf | runner->4H
2026-05-01 10:35:00+00:00,2026-05-01 11:18:00+00:00,-1,0.23044674927711584,0.946788982371668,1.0,S3 5m pullb+15m conf | runner->4H
2026-05-01 07:45:00+00:00,2026-05-01 12:14:00+00:00,-1,0.12354946850259703,6.252276279592689,1.0,"S1 15m swing  | TP1 0.5R, runner->4H trend"
2026-05-04 03:40:00+00:00,2026-05-04 03:45:00+00:00,-1,-1.0687338850776105,0.42177611297712525,0.0,R1 5m pullb+15m pure RUNNER (4H)
2026-05-04 03:40:00+00:00,2026-05-04 03:53:00+00:00,-1,-1.0343669425388449,0.21088805648856263,0.0,S3 5m pullb+15m conf | runner->4H
2026-05-04 15:00:00+00:00,2026-05-04 15:01:00+00:00,-1,0.13830741614378902,0.6466412749568808,1.0,S2 15m pullb+1H conf | runner->4H
2026-05-05 08:00:00+00:00,2026-05-05 11:42:00+00:00,-1,-1.01912921459911,0.3038169377502995,0.0,"S4 1h pullback | TP1 .75R, trail 3ATR"
2026-05-05 20:00:00+00:00,2026-05-05 22:55:00+00:00,-1,-1.0271488127215271,0.6046781015237738,0.0,"S4 1h pullback | TP1 .75R, trail 3ATR"
2026-05-04 07:15:00+00:00,2026-05-05 23:49:00+00:00,-1,0.18144011252341932,14.413158162696318,1.0,"S1 15m swing  | TP1 0.5R, runner->4H trend"
2026-05-04 05:25:00+00:00,2026-05-06 00:32:00+00:00,-1,0.23561544511494903,8.025067462188455,1.0,S3 5m pullb+15m conf | runner->4H
2026-05-04 05:25:00+00:00,2026-05-06 00:52:00+00:00,-1,-1.0060566546884042,16.05013492437691,0.0,R1 5m pullb+15m pure RUNNER (4H)
2026-05-15 08:15:00+00:00,2026-05-15 10:51:00+00:00,-1,0.2079122487392567,3.2618007227088097,1.0,"S1 15m swing  | TP1 0.5R, runner->4H trend"
2026-05-15 10:25:00+00:00,2026-05-15 13:25:00+00:00,-1,0.24652810677568954,0.7908201233147114,1.0,S3 5m pullb+15m conf | runner->4H
2026-05-15 13:30:00+00:00,2026-05-15 14:13:00+00:00,-1,0.2383608182087137,1.3487757722846416,1.0,S3 5m pullb+15m conf | runner->4H
2026-05-15 11:40:00+00:00,2026-05-15 14:57:00+00:00,-1,-1.0037657247859744,4.198783136268526,0.0,R1 5m pullb+15m pure RUNNER (4H)
2026-05-15 15:25:00+00:00,2026-05-15 17:24:00+00:00,-1,-1.0496307909463887,0.9630736814593482,0.0,R1 5m pullb+15m pure RUNNER (4H)
2026-05-15 19:15:00+00:00,2026-05-17 22:05:00+00:00,-1,0.32905811084409575,2.6740535483073837,1.0,S2 15m pullb+1H conf | runner->4H
2026-05-15 15:25:00+00:00,2026-05-17 22:05:00+00:00,-1,0.23257013889383854,0.5199416194381806,1.0,S3 5m pullb+15m conf | runner->4H
2026-05-17 22:20:00+00:00,2026-05-17 22:38:00+00:00,-1,-0.9788421308593153,0.9653277795426211,0.0,R1 5m pullb+15m pure RUNNER (4H)
2026-05-17 22:20:00+00:00,2026-05-18 03:44:00+00:00,-1,0.24404934930418323,4.310915837409394,1.0,S3 5m pullb+15m conf | runner->4H
2026-05-17 23:00:00+00:00,2026-05-18 07:30:00+00:00,-1,-0.9822414514178497,7.40309494019697,0.0,R1 5m pullb+15m pure RUNNER (4H)
2026-05-19 05:45:00+00:00,2026-05-19 06:27:00+00:00,-1,-1.0500828944660636,0.3587018117167146,0.0,S3 5m pullb+15m conf | runner->4H
2026-05-19 06:50:00+00:00,2026-05-19 07:09:00+00:00,-1,-0.9737859779570609,0.08065852936304231,0.0,R1 5m pullb+15m pure RUNNER (4H)
2026-05-19 07:15:00+00:00,2026-05-19 07:30:00+00:00,-1,0.25863864122137875,0.8062731806694484,1.0,"S1 15m swing  | TP1 0.5R, runner->4H trend"
2026-05-19 07:35:00+00:00,2026-05-19 07:47:00+00:00,-1,-1.0513955388370966,0.26865849846658024,0.0,R1 5m pullb+15m pure RUNNER (4H)
2026-05-19 08:15:00+00:00,2026-05-19 08:37:00+00:00,-1,0.33117313813156796,1.4050376304883658,1.0,S2 15m pullb+1H conf | runner->4H
2026-05-19 09:00:00+00:00,2026-05-19 10:55:00+00:00,-1,0.46750999693172424,0.8731688324600025,1.0,"S4 1h pullback | TP1 .75R, trail 3ATR"
2026-05-19 06:50:00+00:00,2026-05-19 10:59:00+00:00,-1,0.24798353676590784,0.9376554038451261,1.0,S3 5m pullb+15m conf | runner->4H
2026-05-19 11:15:00+00:00,2026-05-19 12:03:00+00:00,-1,0.3182621803694152,1.23791606466711,1.0,S2 15m pullb+1H conf | runner->4H
2026-05-19 11:15:00+00:00,2026-05-19 12:05:00+00:00,-1,0.22416572594596373,0.5636568884514412,1.0,S3 5m pullb+15m conf | runner->4H
2026-05-20 13:00:00+00:00,2026-05-20 14:16:00+00:00,-1,0.481462050715138,1.6302490694633842,1.0,"S4 1h pullback | TP1 .75R, trail 3ATR"
2026-05-19 12:45:00+00:00,2026-05-20 14:56:00+00:00,-1,0.35735206488906024,10.853480093257957,1.0,S2 15m pullb+1H conf | runner->4H
2026-05-19 12:45:00+00:00,2026-05-20 15:15:00+00:00,-1,0.24215213559208876,4.826436610867929,1.0,S3 5m pullb+15m conf | runner->4H
2026-05-19 08:55:00+00:00,2026-05-20 15:16:00+00:00,-1,-1.0280603445365768,10.651239113695803,0.0,R1 5m pullb+15m pure RUNNER (4H)
2026-05-21 12:15:00+00:00,2026-05-21 12:33:00+00:00,-1,0.2130441172549506,0.8075544747992475,1.0,S3 5m pullb+15m conf | runner->4H
2026-05-21 12:15:00+00:00,2026-05-21 12:33:00+00:00,-1,0.1663644669515556,1.827591277725492,1.0,"S1 15m swing  | TP1 0.5R, runner->4H trend"
2026-05-21 12:40:00+00:00,2026-05-21 13:03:00+00:00,-1,0.24523403802509397,0.6937122430145916,1.0,S3 5m pullb+15m conf | runner->4H
2026-05-21 12:50:00+00:00,2026-05-21 13:54:00+00:00,-1,-1.0041415890185108,2.381413685638086,0.0,R1 5m pullb+15m pure RUNNER (4H)
2026-05-21 14:05:00+00:00,2026-05-21 17:10:00+00:00,-1,-0.9962895075780724,0.6802569440221554,0.0,R1 5m pullb+15m pure RUNNER (4H)
2026-05-21 14:05:00+00:00,2026-05-21 17:17:00+00:00,-1,-0.9981447537890309,0.3401284720110777,0.0,S3 5m pullb+15m conf | runner->4H
2026-05-22 07:15:00+00:00,2026-05-22 07:27:00+00:00,-1,-1.0708077122349833,0.10412898858099202,0.0,"S1 15m swing  | TP1 0.5R, runner->4H trend"
2026-05-22 06:40:00+00:00,2026-05-22 07:54:00+00:00,-1,0.2230882788479491,0.4968317751145269,1.0,S3 5m pullb+15m conf | runner->4H
2026-05-22 06:40:00+00:00,2026-05-22 08:20:00+00:00,-1,-1.0607238836251573,0.9936635502290538,0.0,R1 5m pullb+15m pure RUNNER (4H)
2026-05-22 08:35:00+00:00,2026-05-22 09:47:00+00:00,-1,-1.1115821088566231,0.8142478213859572,0.0,R1 5m pullb+15m pure RUNNER (4H)
2026-05-22 08:35:00+00:00,2026-05-22 09:52:00+00:00,-1,-1.0557910544283498,0.4071239106929786,0.0,S3 5m pullb+15m conf | runner->4H
2026-05-22 12:10:00+00:00,2026-05-22 12:12:00+00:00,-1,-1.0143989698689733,0.051424892389264724,0.0,S3 5m pullb+15m conf | runner->4H
2026-05-22 12:10:00+00:00,2026-05-22 12:12:00+00:00,-1,-1.0287979397379863,0.10284978477852945,0.0,R1 5m pullb+15m pure RUNNER (4H)
2026-05-22 12:30:00+00:00,2026-05-22 13:00:00+00:00,-1,-1.0165436552457832,0.8389996588913489,0.0,R1 5m pullb+15m pure RUNNER (4H)
2026-05-22 14:00:00+00:00,2026-05-22 15:05:00+00:00,-1,0.4815044925057893,1.44156161351886,1.0,"S4 1h pullback | TP1 .75R, trail 3ATR"
2026-05-22 12:30:00+00:00,2026-05-22 15:31:00+00:00,-1,0.23581972407507557,2.0561400091139155,1.0,S3 5m pullb+15m conf | runner->4H
2026-05-22 16:45:00+00:00,2026-05-22 17:28:00+00:00,-1,-1.0592023113421187,0.3094666274699711,0.0,S2 15m pullb+1H conf | runner->4H
2026-05-22 18:15:00+00:00,2026-05-22 18:39:00+00:00,-1,-1.10041559043279,0.21965910407162997,0.0,S2 15m pullb+1H conf | runner->4H
2026-05-22 18:45:00+00:00,2026-05-24 22:00:00+00:00,-1,-1.0384933668640648,2.0164750303707915,1.0,S2 15m pullb+1H conf | runner->4H
2026-05-22 17:00:00+00:00,2026-05-24 22:00:00+00:00,-1,-1.0073808643230566,0.5851970998972003,0.0,"S4 1h pullback | TP1 .75R, trail 3ATR"
2026-05-26 07:15:00+00:00,2026-05-26 07:24:00+00:00,-1,0.10281140263253812,1.7172003026210543,1.0,"S1 15m swing  | TP1 0.5R, runner->4H trend"
2026-05-26 04:05:00+00:00,2026-05-26 10:50:00+00:00,-1,0.1905087923945431,3.8669284943526088,1.0,S3 5m pullb+15m conf | runner->4H
2026-05-26 13:55:00+00:00,2026-05-26 23:41:00+00:00,-1,0.25664647751406605,1.5328438766801968,1.0,S3 5m pullb+15m conf | runner->4H
2026-05-28 10:45:00+00:00,2026-05-28 10:45:00+00:00,-1,0.04771449216146387,0.0,1.0,S2 15m pullb+1H conf | runner->4H
2026-05-27 05:20:00+00:00,2026-05-28 16:46:00+00:00,-1,0.15570046782481495,15.76149323498903,1.0,S3 5m pullb+15m conf | runner->4H
2026-05-26 04:05:00+00:00,2026-05-29 14:02:00+00:00,-1,-1.1460238732135875,47.97154649637513,0.0,R1 5m pullb+15m pure RUNNER (4H)
2026-06-01 05:35:00+00:00,2026-06-01 05:39:00+00:00,-1,-0.9697976548704828,0.0,0.0,R1 5m pullb+15m pure RUNNER (4H)
2026-06-01 05:35:00+00:00,2026-06-01 05:49:00+00:00,-1,-0.9848988274352938,0.0,0.0,S3 5m pullb+15m conf | runner->4H
2026-06-01 07:15:00+00:00,2026-06-01 10:47:00+00:00,-1,0.23398885824951673,3.4335003976095173,1.0,"S1 15m swing  | TP1 0.5R, runner->4H trend"
2026-06-01 06:00:00+00:00,2026-06-02 04:58:00+00:00,-1,0.22119662299414186,5.324932005444721,1.0,S3 5m pullb+15m conf | runner->4H
2026-06-01 06:00:00+00:00,2026-06-02 05:30:00+00:00,-1,-1.0649922352952002,10.649864010889441,0.0,R1 5m pullb+15m pure RUNNER (4H)
2026-06-02 19:10:00+00:00,2026-06-02 19:56:00+00:00,-1,0.2079513309206598,0.6183627805788258,1.0,S3 5m pullb+15m conf | runner->4H
2026-06-02 19:35:00+00:00,2026-06-02 20:11:00+00:00,-1,-1.0929870828932196,0.8478234028489248,0.0,R1 5m pullb+15m pure RUNNER (4H)
2026-06-02 17:30:00+00:00,2026-06-02 20:15:00+00:00,-1,0.1829963492463987,2.9574025160210278,1.0,"S1 15m swing  | TP1 0.5R, runner->4H trend"
2026-06-02 22:20:00+00:00,2026-06-02 22:21:00+00:00,-1,-0.8685089462366287,0.474828805257352,0.0,R1 5m pullb+15m pure RUNNER (4H)
2026-06-02 22:25:00+00:00,2026-06-02 22:45:00+00:00,-1,-1.0498386698048163,0.6051838476277223,0.0,R1 5m pullb+15m pure RUNNER (4H)
2026-06-02 20:05:00+00:00,2026-06-02 22:47:00+00:00,-1,0.22084767478890857,0.6751064785736265,1.0,S3 5m pullb+15m conf | runner->4H
2026-06-02 22:55:00+00:00,2026-06-02 23:05:00+00:00,-1,0.17654153561439795,0.6596270271360357,1.0,S3 5m pullb+15m conf | runner->4H
2026-06-02 22:55:00+00:00,2026-06-03 00:39:00+00:00,-1,-1.1918914988032667,7.585710812063525,0.0,R1 5m pullb+15m pure RUNNER (4H)
2026-06-03 00:10:00+00:00,2026-06-03 00:40:00+00:00,-1,-1.0414037401975205,0.15526402574064496,0.0,S3 5m pullb+15m conf | runner->4H
2026-06-03 01:05:00+00:00,2026-06-03 01:46:00+00:00,-1,0.22633900047499142,0.5538824888809313,1.0,S3 5m pullb+15m conf | runner->4H
2026-06-03 01:05:00+00:00,2026-06-03 02:41:00+00:00,-1,-1.0580769988340835,1.1077649777618626,0.0,R1 5m pullb+15m pure RUNNER (4H)
2026-06-03 02:50:00+00:00,2026-06-03 03:00:00+00:00,-1,-0.9809033685792052,0.15516013029410677,0.0,R1 5m pullb+15m pure RUNNER (4H)
2026-06-03 10:45:00+00:00,2026-06-03 11:07:00+00:00,-1,-1.003629623406844,0.0272221755515125,0.0,R1 5m pullb+15m pure RUNNER (4H)
2026-06-03 11:45:00+00:00,2026-06-03 12:20:00+00:00,-1,0.3464414763601165,0.5830698576475902,1.0,S2 15m pullb+1H conf | runner->4H
2026-06-03 13:30:00+00:00,2026-06-03 13:55:00+00:00,-1,0.3649871021821821,2.6367297586884386,1.0,S2 15m pullb+1H conf | runner->4H
2026-06-03 15:15:00+00:00,2026-06-03 15:24:00+00:00,-1,0.33652624575346207,0.5683622786420119,1.0,S2 15m pullb+1H conf | runner->4H
2026-06-03 14:20:00+00:00,2026-06-04 01:12:00+00:00,-1,-1.0400564935770824,1.5960009159630637,0.0,R1 5m pullb+15m pure RUNNER (4H)
2026-06-03 01:55:00+00:00,2026-06-04 02:52:00+00:00,-1,0.21675543988998375,2.680342658868441,1.0,S3 5m pullb+15m conf | runner->4H
2026-06-05 05:35:00+00:00,2026-06-05 05:36:00+00:00,-1,-1.1401875415808165,0.01894426237587497,0.0,R1 5m pullb+15m pure RUNNER (4H)
2026-06-05 05:45:00+00:00,2026-06-05 06:36:00+00:00,-1,-1.0072614359751682,2.7593456705949495,0.0,R1 5m pullb+15m pure RUNNER (4H)
2026-06-04 15:00:00+00:00,2026-06-05 07:12:00+00:00,-1,0.4862698026914653,1.8180675056793731,1.0,"S4 1h pullback | TP1 .75R, trail 3ATR"
2026-06-05 01:15:00+00:00,2026-06-05 07:12:00+00:00,-1,0.22876060226759232,1.737273814522273,1.0,S3 5m pullb+15m conf | runner->4H
2026-06-05 07:15:00+00:00,2026-06-05 07:23:00+00:00,-1,-1.0962494781672472,0.0,0.0,"S1 15m swing  | TP1 0.5R, runner->4H trend"
2026-06-05 13:00:00+00:00,2026-06-05 13:01:00+00:00,-1,0.21339938699916583,0.6381645343733859,1.0,"S1 15m swing  | TP1 0.5R, runner->4H trend"
2026-06-07 22:05:00+00:00,2026-06-07 23:13:00+00:00,-1,-0.9299177526359296,0.9615936266227437,0.0,R1 5m pullb+15m pure RUNNER (4H)
2026-06-05 17:45:00+00:00,2026-06-07 23:49:00+00:00,-1,0.24271408934169134,1.2501088813749577,1.0,S3 5m pullb+15m conf | runner->4H
2026-06-08 02:05:00+00:00,2026-06-08 11:15:00+00:00,-1,0.23324225467256118,1.6664646742272102,1.0,S3 5m pullb+15m conf | runner->4H
2026-06-08 04:05:00+00:00,2026-06-08 11:19:00+00:00,-1,-1.0883362593843195,4.816429380715207,0.0,R1 5m pullb+15m pure RUNNER (4H)
2026-06-05 13:00:00+00:00,2026-06-08 12:42:00+00:00,-1,2.159693228193857,7.21980089403221,1.0,"S4 1h pullback | TP1 .75R, trail 3ATR"
2026-06-09 14:45:00+00:00,2026-06-09 14:48:00+00:00,-1,0.2225545106083155,0.5246931795468021,1.0,"S1 15m swing  | TP1 0.5R, runner->4H trend"
2026-06-10 14:30:00+00:00,2026-06-10 14:39:00+00:00,-1,0.34811493632696267,0.5071500647415408,1.0,S2 15m pullb+1H conf | runner->4H
2026-06-09 14:00:00+00:00,2026-06-11 01:36:00+00:00,-1,6.600778044708801,17.524700890695488,1.0,"S4 1h pullback | TP1 .75R, trail 3ATR"
2026-06-11 09:00:00+00:00,2026-06-11 09:32:00+00:00,-1,0.31736601338442866,0.6213664181991151,1.0,S2 15m pullb+1H conf | runner->4H
2026-06-11 10:30:00+00:00,2026-06-11 11:21:00+00:00,-1,0.31974244049163375,0.49117830674078944,1.0,S2 15m pullb+1H conf | runner->4H
2026-06-11 11:45:00+00:00,2026-06-11 12:01:00+00:00,-1,0.31460538121897996,0.6822355084524969,1.0,S2 15m pullb+1H conf | runner->4H
2026-06-11 13:15:00+00:00,2026-06-11 13:41:00+00:00,-1,0.3541472545929409,0.5473845669355297,1.0,S2 15m pullb+1H conf | runner->4H
2026-06-11 14:15:00+00:00,2026-06-11 14:23:00+00:00,-1,-1.017314074311246,0.42563766015144294,0.0,S2 15m pullb+1H conf | runner->4H
2026-06-11 16:30:00+00:00,2026-06-11 17:05:00+00:00,-1,0.3395446555563639,0.49243533949449536,1.0,S2 15m pullb+1H conf | runner->4H
2026-06-09 18:45:00+00:00,2026-06-14 22:00:00+00:00,-1,0.22425634631779565,9.04758843179315,1.0,S3 5m pullb+15m conf | runner->4H
2026-06-09 19:10:00+00:00,2026-06-14 22:02:00+00:00,-1,-1.0457966104057794,20.616955536386797,0.0,R1 5m pullb+15m pure RUNNER (4H)
2026-06-17 06:00:00+00:00,2026-06-17 06:27:00+00:00,-1,0.23576151828436906,0.6509020212854215,1.0,S3 5m pullb+15m conf | runner->4H
2026-06-17 06:00:00+00:00,2026-06-17 06:59:00+00:00,-1,-0.9877955871009995,1.301804042570843,0.0,R1 5m pullb+15m pure RUNNER (4H)
2026-06-17 07:15:00+00:00,2026-06-17 07:15:00+00:00,-1,-1.0503261420791807,0.0,0.0,R1 5m pullb+15m pure RUNNER (4H)
2026-06-17 07:15:00+00:00,2026-06-17 07:15:00+00:00,-1,-1.0661819811786497,0.0,0.0,"S1 15m swing  | TP1 0.5R, runner->4H trend"
2026-06-17 07:35:00+00:00,2026-06-17 07:39:00+00:00,-1,-1.112723986159791,0.04174962450360748,0.0,R1 5m pullb+15m pure RUNNER (4H)
2026-06-17 07:15:00+00:00,2026-06-17 09:18:00+00:00,-1,0.21959462249375425,1.1952458743836238,1.0,S3 5m pullb+15m conf | runner->4H
2026-06-17 07:50:00+00:00,2026-06-17 09:26:00+00:00,-1,-1.0899957863692489,2.1476267201772634,0.0,R1 5m pullb+15m pure RUNNER (4H)
2026-06-17 12:30:00+00:00,2026-06-17 12:31:00+00:00,-1,-0.9158592335918131,0.42070383204097983,0.0,R1 5m pullb+15m pure RUNNER (4H)
2026-06-17 12:30:00+00:00,2026-06-17 12:46:00+00:00,-1,-0.9579296167958856,0.21035191602048992,0.0,S3 5m pullb+15m conf | runner->4H
2026-06-17 22:15:00+00:00,2026-06-18 00:30:00+00:00,-1,-1.0060822843579478,0.14191996835180307,0.0,S3 5m pullb+15m conf | runner->4H
2026-06-18 12:30:00+00:00,2026-06-18 13:11:00+00:00,-1,0.2354390034842513,0.6295489670042752,1.0,S3 5m pullb+15m conf | runner->4H
2026-06-19 13:45:00+00:00,2026-06-19 16:48:00+00:00,-1,0.3258282540211642,1.7657126965131227,1.0,S2 15m pullb+1H conf | runner->4H
2026-06-22 16:00:00+00:00,2026-06-23 13:51:00+00:00,-1,1.48860844114415,4.540737192864249,1.0,"S4 1h pullback | TP1 .75R, trail 3ATR"
2026-06-23 18:00:00+00:00,2026-06-23 18:10:00+00:00,-1,0.3372380165252112,0.5468976917041065,1.0,S2 15m pullb+1H conf | runner->4H
2026-06-23 18:15:00+00:00,2026-06-23 18:34:00+00:00,-1,0.3293444819195934,0.6176923034410393,1.0,S2 15m pullb+1H conf | runner->4H
2026-06-24 08:00:00+00:00,2026-06-24 08:30:00+00:00,-1,-1.0261687246047184,0.1744581640315812,0.0,S2 15m pullb+1H conf | runner->4H
2026-06-25 07:45:00+00:00,2026-06-25 07:58:00+00:00,-1,-1.0541241852265855,0.245250214307946,0.0,S2 15m pullb+1H conf | runner->4H
2026-06-25 09:45:00+00:00,2026-06-25 10:16:00+00:00,-1,0.3251687550014263,0.4798564333196055,1.0,S2 15m pullb+1H conf | runner->4H
2026-06-30 09:00:00+00:00,2026-06-30 11:45:00+00:00,-1,-1.015541186672933,0.14169905495906115,0.0,"S4 1h pullback | TP1 .75R, trail 3ATR"
2026-06-30 13:00:00+00:00,2026-06-30 13:19:00+00:00,-1,-1.0266801133297467,0.039526093821825425,0.0,"S4 1h pullback | TP1 .75R, trail 3ATR"
2026-06-30 20:00:00+00:00,2026-07-01 10:04:00+00:00,-1,1.1203264783135316,3.053916515725942,1.0,"S4 1h pullback | TP1 .75R, trail 3ATR"
2026-06-18 14:00:00+00:00,2026-07-03 12:00:00+00:00,-1,1.6263093089723595,10.855062819039851,1.0,S3 5m pullb+15m conf | runner->4H
2026-06-18 14:00:00+00:00,2026-07-03 12:00:00+00:00,-1,5.541884525181581,21.710125638079703,0.0,R1 5m pullb+15m pure RUNNER (4H)
2026-06-18 07:45:00+00:00,2026-07-03 12:00:00+00:00,-1,7.6885030831631935,43.30962684944883,1.0,"S1 15m swing  | TP1 0.5R, runner->4H trend"
2026-07-10 12:35:00+00:00,2026-07-10 13:43:00+00:00,-1,0.23323423934748852,1.1945604464915152,1.0,S3 5m pullb+15m conf | runner->4H
2026-07-10 12:35:00+00:00,2026-07-10 14:29:00+00:00,-1,-1.019560054094651,2.3891208929830303,0.0,R1 5m pullb+15m pure RUNNER (4H)
2026-07-10 14:00:00+00:00,2026-07-10 14:42:00+00:00,-1,0.22457515726554528,1.2524089198827169,1.0,S3 5m pullb+15m conf | runner->4H
2026-07-10 14:35:00+00:00,2026-07-10 14:48:00+00:00,-1,-0.9832593349555522,0.15452921579495232,0.0,R1 5m pullb+15m pure RUNNER (4H)
2026-07-10 15:00:00+00:00,2026-07-10 15:48:00+00:00,-1,-1.008828407248959,0.11350809320085725,0.0,R1 5m pullb+15m pure RUNNER (4H)
2026-07-10 15:00:00+00:00,2026-07-10 16:00:00+00:00,-1,-0.6570857395296725,0.056754046600428626,0.0,S3 5m pullb+15m conf | runner->4H
2026-07-10 12:15:00+00:00,2026-07-10 16:00:00+00:00,-1,0.3820139618998901,9.94819498603317,1.0,"S1 15m swing  | TP1 0.5R, runner->4H trend"
2026-07-10 18:30:00+00:00,2026-07-10 19:07:00+00:00,-1,0.32753295120087167,1.1273424089790847,1.0,S2 15m pullb+1H conf | runner->4H
2026-07-10 19:25:00+00:00,2026-07-10 19:49:00+00:00,-1,-1.1090949411320492,0.4648900950851694,0.0,R1 5m pullb+15m pure RUNNER (4H)
2026-07-10 19:25:00+00:00,2026-07-10 19:58:00+00:00,-1,-1.039847722436032,0.2324450475425847,0.0,S3 5m pullb+15m conf | runner->4H
2026-07-13 00:20:00+00:00,2026-07-13 01:15:00+00:00,-1,0.23891184050716324,1.2372051644627446,1.0,S3 5m pullb+15m conf | runner->4H
2026-07-13 01:20:00+00:00,2026-07-13 01:32:00+00:00,-1,-1.0113645055126708,0.23540761419176362,0.0,R1 5m pullb+15m pure RUNNER (4H)
2026-07-13 07:15:00+00:00,2026-07-13 07:58:00+00:00,-1,-1.0047924054325976,0.0,0.0,"S1 15m swing  | TP1 0.5R, runner->4H trend"
2026-07-13 01:20:00+00:00,2026-07-13 08:12:00+00:00,-1,0.24025899527482628,1.2298018465534926,1.0,S3 5m pullb+15m conf | runner->4H
2026-07-13 10:00:00+00:00,2026-07-13 10:33:00+00:00,-1,0.30337217707197894,0.8632070968246262,1.0,S2 15m pullb+1H conf | runner->4H
2026-07-13 11:40:00+00:00,2026-07-13 12:45:00+00:00,-1,0.24020548062479238,0.7695693794811542,1.0,S3 5m pullb+15m conf | runner->4H
2026-07-13 13:15:00+00:00,2026-07-13 13:16:00+00:00,-1,0.3166780716348431,0.5832192836517354,1.0,S2 15m pullb+1H conf | runner->4H
2026-07-13 01:55:00+00:00,2026-07-14 12:30:00+00:00,-1,-1.0254625240240214,6.904837397103935,0.0,R1 5m pullb+15m pure RUNNER (4H)
2026-07-13 13:15:00+00:00,2026-07-14 12:30:00+00:00,-1,0.22631750431907446,5.516628405675563,1.0,S3 5m pullb+15m conf | runner->4H
2026-07-15 05:05:00+00:00,2026-07-15 05:39:00+00:00,-1,0.21904262680237768,1.2898905499002187,1.0,S3 5m pullb+15m conf | runner->4H
2026-07-15 05:05:00+00:00,2026-07-15 05:42:00+00:00,-1,-1.0361169353972315,2.5797810998004373,0.0,R1 5m pullb+15m pure RUNNER (4H)
2026-07-15 05:45:00+00:00,2026-07-15 05:59:00+00:00,-1,-0.9721971433972963,0.45179641979428875,0.0,R1 5m pullb+15m pure RUNNER (4H)
2026-07-15 05:45:00+00:00,2026-07-15 06:37:00+00:00,-1,0.2421804465804889,0.7732669492633368,1.0,S3 5m pullb+15m conf | runner->4H
2026-07-15 07:15:00+00:00,2026-07-15 08:33:00+00:00,-1,0.15106935388668138,2.4631711889433134,1.0,"S1 15m swing  | TP1 0.5R, runner->4H trend"
2026-07-15 06:50:00+00:00,2026-07-15 08:51:00+00:00,-1,0.2465309599520775,1.1621284160499827,1.0,S3 5m pullb+15m conf | runner->4H
2026-07-15 09:15:00+00:00,2026-07-15 09:31:00+00:00,-1,0.34474772489941935,0.821133181301016,1.0,S2 15m pullb+1H conf | runner->4H
2026-07-15 10:30:00+00:00,2026-07-15 10:36:00+00:00,-1,-1.0784484982433344,0.06921926315582831,0.0,S2 15m pullb+1H conf | runner->4H
2026-07-15 09:30:00+00:00,2026-07-15 11:41:00+00:00,-1,-1.0688849809562548,0.1829757306649565,0.0,S3 5m pullb+15m conf | runner->4H
2026-07-15 06:05:00+00:00,2026-07-15 11:41:00+00:00,-1,-1.0068931556780076,2.5332347116658944,0.0,R1 5m pullb+15m pure RUNNER (4H)
2026-07-15 17:00:00+00:00,2026-07-15 17:30:00+00:00,-1,-1.0139802434656577,0.04077571010818125,0.0,"S4 1h pullback | TP1 .75R, trail 3ATR"
2026-07-16 04:05:00+00:00,2026-07-16 06:05:00+00:00,-1,0.22527852595476366,1.1970397958752161,1.0,S3 5m pullb+15m conf | runner->4H
2026-07-16 06:20:00+00:00,2026-07-16 06:53:00+00:00,-1,0.2366745591930132,0.6662720403481726,1.0,S3 5m pullb+15m conf | runner->4H
2026-07-16 07:15:00+00:00,2026-07-16 07:20:00+00:00,-1,0.11845473426093829,0.6711493149951034,1.0,"S1 15m swing  | TP1 0.5R, runner->4H trend"
2026-07-16 07:05:00+00:00,2026-07-16 07:46:00+00:00,-1,0.2021989186448143,0.7844280017257775,1.0,S3 5m pullb+15m conf | runner->4H
2026-07-16 06:20:00+00:00,2026-07-16 08:31:00+00:00,-1,-0.9885781935940764,1.3325440806963451,0.0,R1 5m pullb+15m pure RUNNER (4H)
2026-07-16 07:55:00+00:00,2026-07-16 08:47:00+00:00,-1,-0.9926457512784086,0.416740760888225,0.0,S3 5m pullb+15m conf | runner->4H
2026-07-16 09:30:00+00:00,2026-07-16 09:33:00+00:00,-1,0.2836320713847046,0.825514479443226,1.0,S2 15m pullb+1H conf | runner->4H
2026-07-16 10:00:00+00:00,2026-07-16 10:02:00+00:00,-1,0.12690550004176476,0.47344038445454467,1.0,S2 15m pullb+1H conf | runner->4H
2026-07-16 13:00:00+00:00,2026-07-16 13:11:00+00:00,-1,0.4765412622942253,1.1548917024384282,1.0,"S4 1h pullback | TP1 .75R, trail 3ATR"
2026-07-16 14:50:00+00:00,2026-07-16 15:25:00+00:00,-1,-1.0158129298959497,0.685226962157769,0.0,R1 5m pullb+15m pure RUNNER (4H)
2026-07-16 14:40:00+00:00,2026-07-17 03:19:00+00:00,-1,0.24394947759052824,0.987190498387766,1.0,S3 5m pullb+15m conf | runner->4H
2026-07-17 12:45:00+00:00,2026-07-17 12:46:00+00:00,-1,0.16187429561709302,0.7733480180540305,1.0,"S1 15m swing  | TP1 0.5R, runner->4H trend"
2026-07-16 16:05:00+00:00,2026-07-17 15:04:00+00:00,-1,-1.0265469669843288,3.224675695450912,0.0,R1 5m pullb+15m pure RUNNER (4H)
2026-07-16 12:15:00+00:00,2026-07-20 11:30:00+00:00,-1,0.29184631106590203,15.735236521375095,1.0,S2 15m pullb+1H conf | runner->4H
2026-07-20 20:00:00+00:00,2026-07-20 20:59:00+00:00,-1,0.15575258476565776,0.6524821054684518,1.0,"S1 15m swing  | TP1 0.5R, runner->4H trend"
2026-07-20 20:00:00+00:00,2026-07-20 23:06:00+00:00,-1,0.23470472913338336,0.8521650911407291,1.0,S3 5m pullb+15m conf | runner->4H
2026-07-20 20:00:00+00:00,2026-07-21 00:13:00+00:00,-1,-0.9868897678286133,1.7043301822814583,0.0,R1 5m pullb+15m pure RUNNER (4H)
2026-07-20 23:15:00+00:00,2026-07-21 00:13:00+00:00,-1,-1.0039740622634719,0.0,0.0,S3 5m pullb+15m conf | runner->4H
2026-07-20 20:00:00+00:00,2026-07-21 00:36:00+00:00,-1,-0.9959913982204295,0.5211182313434717,0.0,"S4 1h pullback | TP1 .75R, trail 3ATR"
2026-07-28 12:15:00+00:00,2026-07-28 12:20:00+00:00,-1,-1.0097960037309286,0.4653101772191002,0.0,"S1 15m swing  | TP1 0.5R, runner->4H trend"
2026-07-28 12:35:00+00:00,2026-07-28 12:45:00+00:00,-1,-1.0652540067160405,0.28177866536466645,0.0,R1 5m pullb+15m pure RUNNER (4H)
2026-07-28 12:35:00+00:00,2026-07-28 13:52:00+00:00,-1,0.2210806106599542,0.6377096110884184,1.0,S3 5m pullb+15m conf | runner->4H
2026-07-28 14:15:00+00:00,2026-07-28 14:49:00+00:00,-1,0.24785359142342753,0.8102692376558361,1.0,S3 5m pullb+15m conf | runner->4H
2026-07-28 13:00:00+00:00,2026-07-28 15:18:00+00:00,-1,-1.0489449889877098,2.6343920543401063,0.0,R1 5m pullb+15m pure RUNNER (4H)
2026-07-28 15:00:00+00:00,2026-07-28 15:46:00+00:00,-1,-0.9761143403642377,0.1401984369925505,0.0,S3 5m pullb+15m conf | runner->4H
2026-07-28 17:45:00+00:00,2026-07-28 17:48:00+00:00,-1,0.3396455989218664,0.6326577035031746,1.0,S2 15m pullb+1H conf | runner->4H
2026-07-28 20:00:00+00:00,2026-07-28 20:18:00+00:00,-1,0.17708888749492782,0.6730256538932545,1.0,S3 5m pullb+15m conf | runner->4H
2026-07-28 22:15:00+00:00,2026-07-28 23:56:00+00:00,-1,0.19678418844177448,1.7216880210019299,1.0,S3 5m pullb+15m conf | runner->4H
2026-07-29 00:10:00+00:00,2026-07-29 00:15:00+00:00,-1,-1.0077053709446067,0.0,0.0,R1 5m pullb+15m pure RUNNER (4H)
2026-07-29 00:10:00+00:00,2026-07-29 00:21:00+00:00,-1,-1.0038526854722927,0.0,0.0,S3 5m pullb+15m conf | runner->4H
2026-07-29 00:50:00+00:00,2026-07-29 01:34:00+00:00,-1,0.22558107426154952,0.9767570295381759,1.0,S3 5m pullb+15m conf | runner->4H
2026-07-29 00:50:00+00:00,2026-07-29 01:37:00+00:00,-1,-1.0404175322567994,1.9535140590763518,0.0,R1 5m pullb+15m pure RUNNER (4H)
2026-07-29 04:50:00+00:00,2026-07-29 04:55:00+00:00,-1,-1.1444775821839719,0.0,0.0,R1 5m pullb+15m pure RUNNER (4H)
2026-07-29 04:50:00+00:00,2026-07-29 05:11:00+00:00,-1,-1.0711257254465023,0.0,0.0,S3 5m pullb+15m conf | runner->4H
2026-07-29 09:00:00+00:00,2026-07-29 11:48:00+00:00,-1,0.4967906489122916,1.0269923480687,1.0,"S4 1h pullback | TP1 .75R, trail 3ATR"
2026-07-29 12:30:00+00:00,2026-07-29 12:31:00+00:00,-1,-0.3329404794944322,1.3452472603718724,1.0,"S1 15m swing  | TP1 0.5R, runner->4H trend"
2026-07-29 15:35:00+00:00,2026-07-29 16:23:00+00:00,-1,-0.8273485285875738,0.6303148956327672,0.0,R1 5m pullb+15m pure RUNNER (4H)
2026-07-29 13:05:00+00:00,2026-07-29 16:50:00+00:00,-1,0.18536927052883106,2.322666840370693,1.0,S3 5m pullb+15m conf | runner->4H
